{
    "robot_ip": "172.16.0.2",
    "collector_ip": "192.168.50.240",
    "collector_port": 5503,
    "speed_factor": 0.5,
    "uncertainty_variance_lower": 0.3,
    "uncertainty_variance_upper": 0.3,
    "SLFW": [
      [-0.00021409,-0.784314,-0.000254529,-2.3316,0.0251785,1.57143,0.809969],
      [-0.000634637,0.511789,-0.000323114,-0.937437,0.00103437,1.44772,0.787019],
      [-0.00021409,-0.784314,-0.000254529,-2.3316,0.0251785,1.57143,0.809969]
    ],
    "ArcXZ": [
      [-0.00021409,-0.784314,-0.000254529,-2.3316,0.0251785,1.57143,0.809969],
      [-3.62539e-05,0.327316,-0.000479356,-1.98438,0.000640142,2.30919,0.785923],
      [-0.00021409,-0.784314,-0.000254529,-2.3316,0.0251785,1.57143,0.809969]
    ],
    "DiagXZ": [
      [-0.00021409,-0.784314,-0.000254529,-2.3316,0.0251785,1.57143,0.809969],
      [-0.000552557,-0.328189,-0.000310095,-2.44171,0.000595299,2.11332,0.786003],
      [-0.00021409,-0.784314,-0.000254529,-2.3316,0.0251785,1.57143,0.809969]
    ],
    "Arc": [
      [-0.000127598,-0.785006,-0.000205636,-2.35612,-4.27963e-05,1.57106,0.785169],
      [-0.000175167,0.0656783,-0.00731218,-2.32794,-0.0021709,2.36373,0.77994],
      [-0.000127598,-0.785006,-0.000205636,-2.35612,-4.27963e-05,1.57106,0.785169]
    ],
    "SLUD": [
      [-0.000127598,-0.785006,-0.000205636,-2.35612,-4.27963e-05,1.57106,0.785169],
      [-0.0142735,-0.731615,-0.00450163,-2.89573,-0.00112803,2.15764,0.785217],
      [-0.000127598,-0.785006,-0.000205636,-2.35612,-4.27963e-05,1.57106,0.785169]
    ],
    "Triangle": [
      [-0.000127598,-0.785006,-0.000205636,-2.35612,-4.27963e-05,1.57106,0.785169],
      [0.478763,-0.486114,0.10149,-2.70102,0.0729022,2.21602,1.33194],
      [-0.655626,-0.445074,0.0288038,-2.66937,0.0219765,2.21539,0.152417],
      [-0.000127598,-0.785006,-0.000205636,-2.35612,-4.27963e-05,1.57106,0.785169]
    ],
    "Arc2": [
        [-0.000127598,-0.785006,-0.000205636,-2.35612,-4.27963e-05,1.57106,0.785169],
        [-0.000175167,0.0656783,-0.00731218,-2.32794,-0.0021709,2.36373,0.77994],
        [-0.000127598,-0.785006,-0.000205636,-2.35612,-4.27963e-05,1.57106,0.785169],
        [-0.000175167,0.0656783,-0.00731218,-2.32794,-0.0021709,2.36373,0.77994],
        [-0.000127598,-0.785006,-0.000205636,-2.35612,-4.27963e-05,1.57106,0.785169]
    ],
    "One": [
      [-0.00021409,-0.784314,-0.000254529,-2.3316,0.0251785,3.1415,0.809969],
      [-0.0254324,0.142705,0.386509,-1.44167,-0.174228,3.34574,0.765048],
      [0.0683398,0.520824,0.260488,-2.1096,-0.117952,3.72538,0.856614], 
      [-0.00021409,-0.784314,-0.000254529,-2.3316,0.0251785,3.1415,0.809969]
    ],
    "Two": [
      [-0.00021409,-0.784314,-0.000254529,-2.3316,0.0251785,3.1415,0.809969],
      [-0.0254324,0.142705,0.386509,-1.44167,-0.174228,3.34574,0.765048],
      [-0.18286,0.0998215,-0.139223,-1.5224,-0.115203,3.52925,0.798689],
      [-0.182657,0.11017,-0.136139,-2.09756,-0.116892,3.74827,0.798537],
      [0.0752758,0.21798,0.281531,-1.97256,-0.117987,3.73947,0.767077],
      [0.0683398,0.520824,0.260488,-2.1096,-0.117952,3.72538,0.856614],
      [-0.195899,0.506495,-0.171237,-2.10992,-0.186766,3.7201,0.929133],
      [-0.00021409,-0.784314,-0.000254529,-2.3316,0.0251785,3.1415,0.809969]
    ],
    "Three": [
      [-0.00021409,-0.784314,-0.000254529,-2.3316,0.0251785,3.1415,0.809969],
      [-0.0254324,0.142705,0.386509,-1.44167,-0.174228,3.34574,0.765048],
      [-0.18286,0.0998215,-0.139223,-1.5224,-0.115203,3.52925,0.798689],
      [-0.182657,0.11017,-0.136139,-2.09756,-0.116892,3.74827,0.798537],
      [0.0752758,0.21798,0.281531,-1.97256,-0.117987,3.73947,0.767077],
      [-0.182657,0.11017,-0.136139,-2.09756,-0.116892,3.74827,0.798537],
      [-0.195899,0.506495,-0.171237,-2.10992,-0.186766,3.7201,0.929133],
      [0.0683398,0.520824,0.260488,-2.1096,-0.117952,3.72538,0.856614],
      [-0.00021409,-0.784314,-0.000254529,-2.3316,0.0251785,3.1415,0.809969]
    ],
    "Four": [
      [-0.00021409,-0.784314,-0.000254529,-2.3316,0.0251785,3.1415,0.809969],
      [-0.0254324,0.142705,0.386509,-1.44167,-0.174228,3.34574,0.765048],
      [0.0752758,0.21798,0.281531,-1.97256,-0.117987,3.73947,0.767077],
      [-0.182657,0.11017,-0.136139,-2.09756,-0.116892,3.74827,0.798537],
      [-0.18286,0.0998215,-0.139223,-1.5224,-0.115203,3.52925,0.798689],
      [-0.195899,0.506495,-0.171237,-2.10992,-0.186766,3.7201,0.929133],
      [-0.00021409,-0.784314,-0.000254529,-2.3316,0.0251785,3.1415,0.809969]
    ],
    "Five": [
      [-0.00021409,-0.784314,-0.000254529,-2.3316,0.0251785,3.1415,0.809969],
      [-0.18286,0.0998215,-0.139223,-1.5224,-0.115203,3.52925,0.798689],
      [-0.0254324,0.142705,0.386509,-1.44167,-0.174228,3.34574,0.765048],
      [0.0752758,0.21798,0.281531,-1.97256,-0.117987,3.73947,0.767077],
      [-0.182657,0.11017,-0.136139,-2.09756,-0.116892,3.74827,0.798537],
      [-0.195899,0.506495,-0.171237,-2.10992,-0.186766,3.7201,0.929133],
      [0.0683398,0.520824,0.260488,-2.1096,-0.117952,3.72538,0.856614],
      [-0.00021409,-0.784314,-0.000254529,-2.3316,0.0251785,3.1415,0.809969]
    ],
    "Six": [
      [-0.00021409,-0.784314,-0.000254529,-2.3316,0.0251785,3.1415,0.809969],
      [-0.18286,0.0998215,-0.139223,-1.5224,-0.115203,3.52925,0.798689],
      [-0.0254324,0.142705,0.386509,-1.44167,-0.174228,3.34574,0.765048],
      [0.0683398,0.520824,0.260488,-2.1096,-0.117952,3.72538,0.856614],
      [-0.195899,0.506495,-0.171237,-2.10992,-0.186766,3.7201,0.929133],
      [-0.182657,0.11017,-0.136139,-2.09756,-0.116892,3.74827,0.798537],
      [0.0752758,0.21798,0.281531,-1.97256,-0.117987,3.73947,0.767077],
      [-0.00021409,-0.784314,-0.000254529,-2.3316,0.0251785,3.1415,0.809969]
    ],
    "Seven": [
      [-0.00021409,-0.784314,-0.000254529,-2.3316,0.0251785,3.1415,0.809969],
      [-0.0254324,0.142705,0.386509,-1.44167,-0.174228,3.34574,0.765048],
      [-0.18286,0.0998215,-0.139223,-1.5224,-0.115203,3.52925,0.798689],
      [-0.195899,0.506495,-0.171237,-2.10992,-0.186766,3.7201,0.929133],
      [-0.00021409,-0.784314,-0.000254529,-2.3316,0.0251785,3.1415,0.809969]
    ],
    "Eight": [
      [-0.00021409,-0.784314,-0.000254529,-2.3316,0.0251785,3.1415,0.809969],
      [0.0752758,0.21798,0.281531,-1.97256,-0.117987,3.73947,0.767077],
      [-0.0254324,0.142705,0.386509,-1.44167,-0.174228,3.34574,0.765048],
      [-0.18286,0.0998215,-0.139223,-1.5224,-0.115203,3.52925,0.798689],
      [-0.182657,0.11017,-0.136139,-2.09756,-0.116892,3.74827,0.798537],
      [0.0752758,0.21798,0.281531,-1.97256,-0.117987,3.73947,0.767077],
      [0.0683398,0.520824,0.260488,-2.1096,-0.117952,3.72538,0.856614],
      [-0.195899,0.506495,-0.171237,-2.10992,-0.186766,3.7201,0.929133],
      [-0.182657,0.11017,-0.136139,-2.09756,-0.116892,3.74827,0.798537],
      [-0.00021409,-0.784314,-0.000254529,-2.3316,0.0251785,3.1415,0.809969]
    ],
    "Nine": [
      [-0.00021409,-0.784314,-0.000254529,-2.3316,0.0251785,3.1415,0.809969],
      [-0.182657,0.11017,-0.136139,-2.09756,-0.116892,3.74827,0.798537],
      [0.0752758,0.21798,0.281531,-1.97256,-0.117987,3.73947,0.767077],
      [-0.0254324,0.142705,0.386509,-1.44167,-0.174228,3.34574,0.765048],
      [-0.18286,0.0998215,-0.139223,-1.5224,-0.115203,3.52925,0.798689],
      [-0.195899,0.506495,-0.171237,-2.10992,-0.186766,3.7201,0.929133],
      [0.0683398,0.520824,0.260488,-2.1096,-0.117952,3.72538,0.856614],
      [-0.00021409,-0.784314,-0.000254529,-2.3316,0.0251785,3.1415,0.809969]
    ],
    "Zero": [
      [-0.00021409,-0.784314,-0.000254529,-2.3316,0.0251785,3.1415,0.809969],
      [-0.0254324,0.142705,0.386509,-1.44167,-0.174228,3.34574,0.765048],
      [0.0683398,0.520824,0.260488,-2.1096,-0.117952,3.72538,0.856614],
      [-0.195899,0.506495,-0.171237,-2.10992,-0.186766,3.7201,0.929133],
      [-0.18286,0.0998215,-0.139223,-1.5224,-0.115203,3.52925,0.798689],
      [-0.0254324,0.142705,0.386509,-1.44167,-0.174228,3.34574,0.765048],
      [-0.00021409,-0.784314,-0.000254529,-2.3316,0.0251785,3.1415,0.809969]
    ],