id,digit,arm,speed_setting,repetition,unc_u,duration_s,path_length_m,inactive_path_m,moving_time_s,median_moving_speed_m_s,p95_moving_speed_m_s,writing_fraction
00_Ar1_Vhigh_Ac0/Rp01_Ac0_Vhigh_Ar1_UNC062,0,1,high,1,0.62,14.96632,2.81698,0.01775,7.23358,0.33844,0.79572,0.36667
00_Ar1_Vhigh_Ac0/Rp02_Ac0_Vhigh_Ar1_UNC207,0,1,high,2,2.07,14.96661,3.02409,0.01679,7.26651,0.35312,0.86554,0.38
00_Ar1_Vhigh_Ac0/Rp03_Ac0_Vhigh_Ar1_UNC154,0,1,high,3,1.54,14.9669,2.7706,0.01807,7.03396,0.33045,0.81066,0.36444
00_Ar1_Vhigh_Ac0/Rp04_Ac0_Vhigh_Ar1_UNC097,0,1,high,4,0.97,14.9664,2.965,0.01858,7.36663,0.34596,0.87646,0.38444
00_Ar1_Vhigh_Ac0/Rp05_Ac0_Vhigh_Ar1_UNC063,0,1,high,5,0.63,14.96641,2.77798,0.01773,7.13332,0.34976,0.79175,0.37111
00_Ar1_Vhigh_Ac0/Rp06_Ac0_Vhigh_Ar1_UNC129,0,1,high,6,1.29,14.96677,3.08109,0.01974,7.26688,0.32737,0.98603,0.36889
00_Ar1_Vhigh_Ac0/Rp07_Ac0_Vhigh_Ar1_UNC202,0,1,high,7,2.02,14.96674,3.02647,0.01904,7.19974,0.33097,0.91209,0.37111
00_Ar1_Vhigh_Ac0/Rp08_Ac0_Vhigh_Ar1_UNC062,0,1,high,8,0.62,14.96675,2.70562,0.0193,6.96643,0.33473,0.77283,0.36
00_Ar1_Vhigh_Ac0/Rp09_Ac0_Vhigh_Ar1_UNC115,0,1,high,9,1.15,14.96663,3.07679,0.01869,7.33363,0.34347,0.88105,0.38222
00_Ar1_Vhigh_Ac0/Rp10_Ac0_Vhigh_Ar1_UNC205,0,1,high,10,2.05,14.96691,2.96081,0.01766,7.29992,0.34721,0.85974,0.37778
00_Ar1_Vhigh_Ac0/Rp11_Ac0_Vhigh_Ar1_UNC298,0,1,high,11,2.98,14.96644,2.98993,0.01858,7.20007,0.33499,0.97046,0.36889
00_Ar1_Vhigh_Ac0/Rp12_Ac0_Vhigh_Ar1_UNC207,0,1,high,12,2.07,14.96677,2.93361,0.01701,7.13337,0.346,0.83358,0.37333
00_Ar1_Vhigh_Ac0/Rp13_Ac0_Vhigh_Ar1_UNC340,0,1,high,13,3.4,14.96663,3.21393,0.01923,7.33408,0.35077,0.94337,0.38444
00_Ar1_Vhigh_Ac0/Rp14_Ac0_Vhigh_Ar1_UNC194,0,1,high,14,1.94,14.96676,2.62568,0.01903,7.0668,0.33092,0.76425,0.36
00_Ar1_Vhigh_Ac0/Rp15_Ac0_Vhigh_Ar1_UNC214,0,1,high,15,2.14,14.96672,2.68,0.01904,7.06674,0.32921,0.74632,0.36222
00_Ar1_Vhigh_Ac0/Rp16_Ac0_Vhigh_Ar1_UNC160,0,1,high,16,1.6,14.96648,2.85964,0.01847,7.1002,0.33331,0.83204,0.36667
00_Ar1_Vhigh_Ac0/Rp17_Ac0_Vhigh_Ar1_UNC095,0,1,high,17,0.95,14.96662,2.8214,0.01959,7.30006,0.34729,0.80394,0.37333
00_Ar1_Vhigh_Ac0/Rp18_Ac0_Vhigh_Ar1_UNC086,0,1,high,18,0.86,14.96664,2.92546,0.01869,7.23347,0.35752,0.9056,0.37778
00_Ar1_Vhigh_Ac0/Rp19_Ac0_Vhigh_Ar1_UNC140,0,1,high,19,1.4,14.96669,2.97031,0.01879,7.20003,0.33618,0.98587,0.36889
00_Ar1_Vhigh_Ac0/Rp20_Ac0_Vhigh_Ar1_UNC100,0,1,high,20,1.0,14.96673,2.51188,0.01906,6.9335,0.32272,0.70902,0.35778
00_Ar1_Vhigh_Ac0/Rp21_Ac0_Vhigh_Ar1_UNC252,0,1,high,21,2.52,14.96663,2.75053,0.01904,7.03313,0.31845,0.83797,0.36444
00_Ar1_Vhigh_Ac0/Rp22_Ac0_Vhigh_Ar1_UNC261,0,1,high,22,2.61,14.9666,3.09112,0.01624,7.33273,0.36274,0.8822,0.38444
00_Ar1_Vhigh_Ac0/Rp23_Ac0_Vhigh_Ar1_UNC160,0,1,high,23,1.6,14.96675,2.53445,0.01886,6.96704,0.32672,0.74196,0.35556
00_Ar1_Vhigh_Ac0/Rp24_Ac0_Vhigh_Ar1_UNC112,0,1,high,24,1.12,14.96642,3.01674,0.01828,7.16698,0.34085,0.91655,0.37333
00_Ar1_Vhigh_Ac0/Rp25_Ac0_Vhigh_Ar1_UNC098,0,1,high,25,0.98,14.96676,2.86012,0.01784,7.16669,0.34296,0.8422,0.36889
00_Ar1_Vhigh_Ac0/Rp26_Ac0_Vhigh_Ar1_UNC164,0,1,high,26,1.64,14.96646,2.84746,0.0193,7.06648,0.33636,0.84555,0.36889
00_Ar1_Vhigh_Ac0/Rp27_Ac0_Vhigh_Ar1_UNC145,0,1,high,27,1.45,14.96655,2.60694,0.02027,7.16664,0.33161,0.70056,0.36444
00_Ar1_Vhigh_Ac0/Rp28_Ac0_Vhigh_Ar1_UNC111,0,1,high,28,1.11,14.96656,3.0803,0.01834,7.16664,0.34248,0.95974,0.37556
00_Ar1_Vhigh_Ac0/Rp29_Ac0_Vhigh_Ar1_UNC243,0,1,high,29,2.43,14.96707,2.88768,0.01752,7.06671,0.33652,0.84092,0.37111
00_Ar1_Vhigh_Ac0/Rp30_Ac0_Vhigh_Ar1_UNC130,0,1,high,30,1.3,14.96634,3.15127,0.01761,7.16641,0.34336,1.0445,0.37556
00_Ar1_Vhigh_Ac0/Rp31_Ac0_Vhigh_Ar1_UNC083,0,1,high,31,0.83,14.96677,3.05862,0.01686,7.23363,0.36766,0.89968,0.38444
00_Ar1_Vhigh_Ac0/Rp32_Ac0_Vhigh_Ar1_UNC135,0,1,high,32,1.35,14.967,2.76801,0.01883,7.09987,0.35044,0.76853,0.37111
00_Ar1_Vhigh_Ac0/Rp33_Ac0_Vhigh_Ar1_UNC099,0,1,high,33,0.99,14.96638,2.86465,0.01889,7.16702,0.33267,0.93783,0.36889
00_Ar1_Vhigh_Ac0/Rp34_Ac0_Vhigh_Ar1_UNC123,0,1,high,34,1.23,14.96691,2.86591,0.01746,7.26629,0.35748,0.77736,0.37778
01_Ar1_Vhigh_Ac1/Rp01_Ac1_Vhigh_Ar1_UNC258,1,1,high,1,2.58,14.96675,1.79932,0.01282,4.53344,0.37801,0.77699,0.19111
01_Ar1_Vhigh_Ac1/Rp02_Ac1_Vhigh_Ar1_UNC084,1,1,high,2,0.84,14.96666,1.86427,0.01149,4.59973,0.37615,0.83767,0.19778
01_Ar1_Vhigh_Ac1/Rp03_Ac1_Vhigh_Ar1_UNC219,1,1,high,3,2.19,14.96694,1.68205,0.01174,4.46668,0.35388,0.7394,0.18667
01_Ar1_Vhigh_Ac1/Rp04_Ac1_Vhigh_Ar1_UNC076,1,1,high,4,0.76,14.96684,1.61304,0.01026,4.39999,0.34143,0.71468,0.18222
01_Ar1_Vhigh_Ac1/Rp05_Ac1_Vhigh_Ar1_UNC024,1,1,high,5,0.24,14.96698,1.66654,0.0116,4.40003,0.35993,0.7225,0.18667
01_Ar1_Vhigh_Ac1/Rp06_Ac1_Vhigh_Ar1_UNC188,1,1,high,6,1.88,14.9671,1.51912,0.00889,4.29997,0.33275,0.69776,0.17556
01_Ar1_Vhigh_Ac1/Rp07_Ac1_Vhigh_Ar1_UNC080,1,1,high,7,0.8,14.96744,1.73641,0.01183,4.53362,0.36117,0.74076,0.18889
01_Ar1_Vhigh_Ac1/Rp08_Ac1_Vhigh_Ar1_UNC110,1,1,high,8,1.1,14.96664,1.53673,0.0103,4.29999,0.33077,0.66781,0.18
01_Ar1_Vhigh_Ac1/Rp09_Ac1_Vhigh_Ar1_UNC246,1,1,high,9,2.46,14.96662,1.61256,0.01074,4.43342,0.33866,0.70749,0.18222
01_Ar1_Vhigh_Ac1/Rp10_Ac1_Vhigh_Ar1_UNC085,1,1,high,10,0.85,14.96689,1.64141,0.01139,4.43368,0.35494,0.72671,0.18444
01_Ar1_Vhigh_Ac1/Rp11_Ac1_Vhigh_Ar1_UNC133,1,1,high,11,1.33,14.96702,1.69245,0.01162,4.43219,0.34909,0.74654,0.18667
01_Ar1_Vhigh_Ac1/Rp12_Ac1_Vhigh_Ar1_UNC218,1,1,high,12,2.18,14.96659,1.58652,0.00999,4.3666,0.33265,0.71146,0.18
01_Ar1_Vhigh_Ac1/Rp13_Ac1_Vhigh_Ar1_UNC057,1,1,high,13,0.57,14.96624,1.54018,0.00938,4.33341,0.32293,0.6946,0.17778
01_Ar1_Vhigh_Ac1/Rp14_Ac1_Vhigh_Ar1_UNC085,1,1,high,14,0.85,14.96684,1.65949,0.01069,4.36676,0.34662,0.71827,0.18444
01_Ar1_Vhigh_Ac1/Rp15_Ac1_Vhigh_Ar1_UNC267,1,1,high,15,2.67,14.96658,1.56628,0.00999,4.36664,0.33578,0.69033,0.18222
01_Ar1_Vhigh_Ac1/Rp16_Ac1_Vhigh_Ar1_UNC189,1,1,high,16,1.89,14.96697,1.53613,0.00995,4.39997,0.32306,0.6525,0.17778
01_Ar1_Vhigh_Ac1/Rp17_Ac1_Vhigh_Ar1_UNC200,1,1,high,17,2.0,14.96721,1.81919,0.01033,4.49989,0.35259,0.84977,0.19111
01_Ar1_Vhigh_Ac1/Rp18_Ac1_Vhigh_Ar1_UNC108,1,1,high,18,1.08,14.96727,1.49249,0.01189,4.30042,0.3337,0.63015,0.18
01_Ar1_Vhigh_Ac1/Rp19_Ac1_Vhigh_Ar1_UNC136,1,1,high,19,1.36,14.96691,1.47814,0.0107,4.2663,0.33459,0.6253,0.17778
01_Ar1_Vhigh_Ac1/Rp20_Ac1_Vhigh_Ar1_UNC219,1,1,high,20,2.19,14.96662,1.81552,0.01165,4.53307,0.37746,0.78707,0.19333
01_Ar1_Vhigh_Ac1/Rp21_Ac1_Vhigh_Ar1_UNC188,1,1,high,21,1.88,14.96683,1.82717,0.01016,4.56647,0.35901,0.85218,0.19111
01_Ar1_Vhigh_Ac1/Rp22_Ac1_Vhigh_Ar1_UNC304,1,1,high,22,3.04,14.96728,1.8342,0.01141,4.53295,0.38469,0.79704,0.19556
01_Ar1_Vhigh_Ac1/Rp23_Ac1_Vhigh_Ar1_UNC249,1,1,high,23,2.49,14.96649,1.72195,0.01124,4.3996,0.33132,0.78451,0.18222
01_Ar1_Vhigh_Ac1/Rp24_Ac1_Vhigh_Ar1_UNC130,1,1,high,24,1.3,14.96689,1.87324,0.0103,4.53366,0.36552,0.85402,0.19556
01_Ar1_Vhigh_Ac1/Rp25_Ac1_Vhigh_Ar1_UNC154,1,1,high,25,1.54,14.96686,1.64692,0.01029,4.43332,0.34882,0.72428,0.18444
01_Ar1_Vhigh_Ac1/Rp26_Ac1_Vhigh_Ar1_UNC168,1,1,high,26,1.68,14.96691,1.64138,0.01031,4.39989,0.3227,0.77362,0.17778
01_Ar1_Vhigh_Ac1/Rp27_Ac1_Vhigh_Ar1_UNC264,1,1,high,27,2.64,14.96669,1.53576,0.01065,4.30038,0.34002,0.66672,0.18
01_Ar1_Vhigh_Ac1/Rp28_Ac1_Vhigh_Ar1_UNC076,1,1,high,28,0.76,14.96697,1.82485,0.01037,4.43327,0.36696,0.83014,0.19333
01_Ar1_Vhigh_Ac1/Rp29_Ac1_Vhigh_Ar1_UNC111,1,1,high,29,1.11,14.96712,1.60909,0.01035,4.36646,0.34233,0.71482,0.18444
01_Ar1_Vhigh_Ac1/Rp30_Ac1_Vhigh_Ar1_UNC220,1,1,high,30,2.2,14.96681,1.88664,0.01117,4.49979,0.3722,0.86179,0.19556
01_Ar1_Vhigh_Ac1/Rp31_Ac1_Vhigh_Ar1_UNC035,1,1,high,31,0.35,14.96686,1.74738,0.01134,4.43338,0.35314,0.78852,0.18667
01_Ar1_Vhigh_Ac1/Rp32_Ac1_Vhigh_Ar1_UNC284,1,1,high,32,2.84,14.96666,1.74797,0.01214,4.50022,0.36795,0.77687,0.18889
01_Ar1_Vhigh_Ac1/Rp33_Ac1_Vhigh_Ar1_UNC237,1,1,high,33,2.37,14.96698,1.59901,0.01172,4.40041,0.3487,0.67519,0.18444
01_Ar1_Vhigh_Ac1/Rp34_Ac1_Vhigh_Ar1_UNC117,1,1,high,34,1.17,14.96706,1.47275,0.00985,4.26666,0.31527,0.65651,0.17556
02_Ar1_Vhigh_Ac2/Rp01_Ac2_Vhigh_Ar1_UNC197,2,1,high,1,1.97,14.96679,3.28909,0.01617,8.30034,0.36884,0.75341,0.47778
02_Ar1_Vhigh_Ac2/Rp02_Ac2_Vhigh_Ar1_UNC115,2,1,high,2,1.15,14.96719,2.92561,0.01571,7.83405,0.34629,0.71947,0.44222
02_Ar1_Vhigh_Ac2/Rp03_Ac2_Vhigh_Ar1_UNC086,2,1,high,3,0.86,14.96721,3.22777,0.01846,8.16688,0.37542,0.76599,0.46
02_Ar1_Vhigh_Ac2/Rp04_Ac2_Vhigh_Ar1_UNC377,2,1,high,4,3.77,14.96658,2.95247,0.01781,7.89997,0.33927,0.73684,0.42889
02_Ar1_Vhigh_Ac2/Rp05_Ac2_Vhigh_Ar1_UNC128,2,1,high,5,1.28,14.96701,3.28797,0.01935,8.1667,0.37877,0.77868,0.45556
02_Ar1_Vhigh_Ac2/Rp06_Ac2_Vhigh_Ar1_UNC171,2,1,high,6,1.71,14.9668,3.00208,0.01975,8.06674,0.34444,0.70505,0.44667
02_Ar1_Vhigh_Ac2/Rp07_Ac2_Vhigh_Ar1_UNC277,2,1,high,7,2.77,14.96703,2.74839,0.0183,7.69998,0.35156,0.67468,0.41778
02_Ar1_Vhigh_Ac2/Rp08_Ac2_Vhigh_Ar1_UNC083,2,1,high,8,0.83,14.96663,2.83719,0.01734,7.69998,0.34663,0.68945,0.43111
02_Ar1_Vhigh_Ac2/Rp09_Ac2_Vhigh_Ar1_UNC327,2,1,high,9,3.27,14.96651,3.22634,0.01871,8.23406,0.38491,0.73397,0.46667
02_Ar1_Vhigh_Ac2/Rp10_Ac2_Vhigh_Ar1_UNC114,2,1,high,10,1.14,14.96706,3.1404,0.01828,8.29972,0.36131,0.72036,0.46
02_Ar1_Vhigh_Ac2/Rp11_Ac2_Vhigh_Ar1_UNC163,2,1,high,11,1.63,14.96715,2.95497,0.01759,7.93342,0.3547,0.68141,0.44444
02_Ar1_Vhigh_Ac2/Rp12_Ac2_Vhigh_Ar1_UNC270,2,1,high,12,2.7,14.96682,3.10534,0.01905,8.0004,0.34969,0.75284,0.45111
02_Ar1_Vhigh_Ac2/Rp13_Ac2_Vhigh_Ar1_UNC177,2,1,high,13,1.77,14.96672,2.81173,0.02058,7.76658,0.34349,0.6754,0.41778
02_Ar1_Vhigh_Ac2/Rp14_Ac2_Vhigh_Ar1_UNC117,2,1,high,14,1.17,14.96684,3.19773,0.01883,8.26647,0.37184,0.73924,0.46
02_Ar1_Vhigh_Ac2/Rp15_Ac2_Vhigh_Ar1_UNC165,2,1,high,15,1.65,14.96675,3.15631,0.01701,8.03327,0.36678,0.76391,0.45111
02_Ar1_Vhigh_Ac2/Rp16_Ac2_Vhigh_Ar1_UNC111,2,1,high,16,1.11,14.96642,3.17251,0.02154,7.86603,0.38475,0.80147,0.44
02_Ar1_Vhigh_Ac2/Rp17_Ac2_Vhigh_Ar1_UNC119,2,1,high,17,1.19,14.96653,2.7402,0.01842,7.7,0.33142,0.68283,0.41778
02_Ar1_Vhigh_Ac2/Rp18_Ac2_Vhigh_Ar1_UNC103,2,1,high,18,1.03,14.96701,2.95729,0.01856,8.09986,0.35408,0.6979,0.44222
02_Ar1_Vhigh_Ac2/Rp19_Ac2_Vhigh_Ar1_UNC312,2,1,high,19,3.12,14.96702,2.85798,0.01874,7.73387,0.36674,0.67835,0.43111
02_Ar1_Vhigh_Ac2/Rp20_Ac2_Vhigh_Ar1_UNC245,2,1,high,20,2.45,14.96641,3.14116,0.02006,8.1328,0.35111,0.74112,0.45333
02_Ar1_Vhigh_Ac2/Rp21_Ac2_Vhigh_Ar1_UNC271,2,1,high,21,2.71,14.96691,2.86428,0.01778,7.9002,0.34723,0.68499,0.42889
02_Ar1_Vhigh_Ac2/Rp22_Ac2_Vhigh_Ar1_UNC060,2,1,high,22,0.6,14.96659,3.17052,0.01715,8.03392,0.37777,0.7582,0.45556
02_Ar1_Vhigh_Ac2/Rp23_Ac2_Vhigh_Ar1_UNC184,2,1,high,23,1.84,14.96684,2.75679,0.01984,7.49972,0.36833,0.66432,0.42
02_Ar1_Vhigh_Ac2/Rp24_Ac2_Vhigh_Ar1_UNC120,2,1,high,24,1.2,14.96692,2.93873,0.02016,7.8332,0.34831,0.71678,0.42889
02_Ar1_Vhigh_Ac2/Rp25_Ac2_Vhigh_Ar1_UNC292,2,1,high,25,2.92,14.96678,2.96953,0.01964,7.83377,0.35276,0.7085,0.44
02_Ar1_Vhigh_Ac2/Rp26_Ac2_Vhigh_Ar1_UNC133,2,1,high,26,1.33,14.96685,3.13356,0.02061,8.03342,0.37144,0.72904,0.45333
02_Ar1_Vhigh_Ac2/Rp27_Ac2_Vhigh_Ar1_UNC117,2,1,high,27,1.17,14.96694,3.06501,0.0169,8.06639,0.36639,0.72586,0.45778
02_Ar1_Vhigh_Ac2/Rp28_Ac2_Vhigh_Ar1_UNC100,2,1,high,28,1.0,14.96649,2.81947,0.01857,7.80056,0.34748,0.68635,0.42667
02_Ar1_Vhigh_Ac2/Rp29_Ac2_Vhigh_Ar1_UNC166,2,1,high,29,1.66,14.96687,3.18051,0.01921,8.29977,0.3595,0.74133,0.45778
02_Ar1_Vhigh_Ac2/Rp30_Ac2_Vhigh_Ar1_UNC130,2,1,high,30,1.3,14.96658,2.96075,0.01879,7.90001,0.34814,0.71747,0.43778
02_Ar1_Vhigh_Ac2/Rp31_Ac2_Vhigh_Ar1_UNC158,2,1,high,31,1.58,14.9668,3.19849,0.01881,8.033,0.38253,0.75493,0.44889
02_Ar1_Vhigh_Ac2/Rp32_Ac2_Vhigh_Ar1_UNC086,2,1,high,32,0.86,14.96671,3.04941,0.01694,8.06675,0.35223,0.73008,0.45333
02_Ar1_Vhigh_Ac2/Rp33_Ac2_Vhigh_Ar1_UNC092,2,1,high,33,0.92,14.96726,2.83299,0.01705,7.9661,0.33641,0.65578,0.43333
02_Ar1_Vhigh_Ac2/Rp34_Ac2_Vhigh_Ar1_UNC111,2,1,high,34,1.11,14.96704,3.07049,0.01846,8.10006,0.36709,0.74251,0.44889
03_Ar1_Vhigh_Ac3/Rp01_Ac3_Vhigh_Ar1_UNC062,3,1,high,1,0.62,14.96663,3.44543,0.02316,8.79986,0.36298,0.76016,0.51333
03_Ar1_Vhigh_Ac3/Rp02_Ac3_Vhigh_Ar1_UNC155,3,1,high,2,1.55,14.96697,3.50737,0.02172,8.99994,0.37393,0.76349,0.52222
03_Ar1_Vhigh_Ac3/Rp03_Ac3_Vhigh_Ar1_UNC166,3,1,high,3,1.66,14.96687,3.83925,0.0207,9.33369,0.38527,0.79889,0.55333
03_Ar1_Vhigh_Ac3/Rp04_Ac3_Vhigh_Ar1_UNC211,3,1,high,4,2.11,14.9666,3.50936,0.02091,9.13307,0.38037,0.72156,0.52222
03_Ar1_Vhigh_Ac3/Rp05_Ac3_Vhigh_Ar1_UNC168,3,1,high,5,1.68,14.96668,3.79991,0.01871,9.40016,0.38794,0.77831,0.55111
03_Ar1_Vhigh_Ac3/Rp06_Ac3_Vhigh_Ar1_UNC392,3,1,high,6,3.92,14.96666,3.78577,0.0207,9.49878,0.37293,0.75949,0.54889
03_Ar1_Vhigh_Ac3/Rp07_Ac3_Vhigh_Ar1_UNC138,3,1,high,7,1.38,14.96664,3.41675,0.02129,9.06609,0.3537,0.71512,0.51111
03_Ar1_Vhigh_Ac3/Rp08_Ac3_Vhigh_Ar1_UNC143,3,1,high,8,1.43,14.96701,3.28417,0.02427,8.66648,0.3529,0.71264,0.5
03_Ar1_Vhigh_Ac3/Rp09_Ac3_Vhigh_Ar1_UNC393,3,1,high,9,3.93,14.96677,3.52747,0.02074,8.93301,0.36949,0.77257,0.51556
03_Ar1_Vhigh_Ac3/Rp10_Ac3_Vhigh_Ar1_UNC178,3,1,high,10,1.78,14.96715,3.47926,0.02007,8.86752,0.3574,0.74305,0.51556
03_Ar1_Vhigh_Ac3/Rp11_Ac3_Vhigh_Ar1_UNC167,3,1,high,11,1.67,14.96704,3.93438,0.02065,9.73316,0.39298,0.78514,0.55556
03_Ar1_Vhigh_Ac3/Rp12_Ac3_Vhigh_Ar1_UNC364,3,1,high,12,3.64,14.96671,3.2599,0.02222,8.93342,0.34592,0.69669,0.5
03_Ar1_Vhigh_Ac3/Rp13_Ac3_Vhigh_Ar1_UNC121,3,1,high,13,1.21,14.96659,3.29568,0.02318,8.99942,0.35646,0.70871,0.50667
03_Ar1_Vhigh_Ac3/Rp14_Ac3_Vhigh_Ar1_UNC252,3,1,high,14,2.52,14.9665,3.46118,0.01978,9.13394,0.3502,0.74156,0.51778
03_Ar1_Vhigh_Ac3/Rp15_Ac3_Vhigh_Ar1_UNC346,3,1,high,15,3.46,14.96659,3.39973,0.0216,8.96721,0.36556,0.71754,0.50889
03_Ar1_Vhigh_Ac3/Rp16_Ac3_Vhigh_Ar1_UNC106,3,1,high,16,1.06,14.96672,3.66027,0.02259,9.06651,0.40417,0.76758,0.52667
03_Ar1_Vhigh_Ac3/Rp17_Ac3_Vhigh_Ar1_UNC196,3,1,high,17,1.96,14.96629,3.43537,0.02078,9.06645,0.3533,0.69683,0.51778
03_Ar1_Vhigh_Ac3/Rp18_Ac3_Vhigh_Ar1_UNC174,3,1,high,18,1.74,14.96678,3.68109,0.0245,9.33363,0.37104,0.7589,0.53333
03_Ar1_Vhigh_Ac3/Rp19_Ac3_Vhigh_Ar1_UNC341,3,1,high,19,3.41,14.96672,3.09287,0.02216,8.60047,0.34076,0.68533,0.48444
03_Ar1_Vhigh_Ac3/Rp20_Ac3_Vhigh_Ar1_UNC369,3,1,high,20,3.69,14.96715,3.19228,0.02148,8.83348,0.34932,0.67597,0.49333
03_Ar1_Vhigh_Ac3/Rp21_Ac3_Vhigh_Ar1_UNC472,3,1,high,21,4.72,14.96666,3.55715,0.02249,8.93339,0.36612,0.75755,0.52
03_Ar1_Vhigh_Ac3/Rp22_Ac3_Vhigh_Ar1_UNC215,3,1,high,22,2.15,14.96684,3.71122,0.01924,9.23351,0.38003,0.79248,0.54444
03_Ar1_Vhigh_Ac3/Rp23_Ac3_Vhigh_Ar1_UNC219,3,1,high,23,2.19,14.96674,3.28177,0.02087,8.76585,0.34249,0.72043,0.50667
03_Ar1_Vhigh_Ac3/Rp24_Ac3_Vhigh_Ar1_UNC341,3,1,high,24,3.41,14.96688,3.83195,0.01978,9.56736,0.3773,0.78437,0.55333
03_Ar1_Vhigh_Ac3/Rp25_Ac3_Vhigh_Ar1_UNC090,3,1,high,25,0.9,14.96712,3.54915,0.02156,9.00025,0.3776,0.76785,0.52667
03_Ar1_Vhigh_Ac3/Rp26_Ac3_Vhigh_Ar1_UNC486,3,1,high,26,4.86,14.9663,3.37316,0.02173,8.83315,0.37076,0.73537,0.50222
03_Ar1_Vhigh_Ac3/Rp27_Ac3_Vhigh_Ar1_UNC131,3,1,high,27,1.31,14.96685,3.45104,0.02209,8.86546,0.3764,0.73015,0.51556
03_Ar1_Vhigh_Ac3/Rp28_Ac3_Vhigh_Ar1_UNC328,3,1,high,28,3.28,14.96685,3.90736,0.0226,9.43431,0.39548,0.79579,0.55778
03_Ar1_Vhigh_Ac3/Rp29_Ac3_Vhigh_Ar1_UNC383,3,1,high,29,3.83,14.96658,3.62475,0.02294,9.09941,0.37738,0.76398,0.52889
03_Ar1_Vhigh_Ac3/Rp30_Ac3_Vhigh_Ar1_UNC353,3,1,high,30,3.53,14.96696,3.40146,0.02425,9.06621,0.3641,0.7293,0.51111
03_Ar1_Vhigh_Ac3/Rp31_Ac3_Vhigh_Ar1_UNC049,3,1,high,31,0.49,14.96689,3.58705,0.02185,9.19979,0.37421,0.77021,0.52889
03_Ar1_Vhigh_Ac3/Rp32_Ac3_Vhigh_Ar1_UNC160,3,1,high,32,1.6,14.96648,3.60657,0.02113,9.03343,0.38523,0.7816,0.52444
03_Ar1_Vhigh_Ac3/Rp33_Ac3_Vhigh_Ar1_UNC124,3,1,high,33,1.24,14.96722,3.60161,0.018,9.2664,0.35419,0.7498,0.53333
03_Ar1_Vhigh_Ac3/Rp34_Ac3_Vhigh_Ar1_UNC170,3,1,high,34,1.7,14.96697,3.59326,0.02278,9.2001,0.36942,0.74937,0.52889
03_Ar1_Vhigh_Ac3/Rp35_Ac3_Vhigh_Ar1_UNC316,3,1,high,35,3.16,14.96665,3.47806,0.02184,9.03337,0.37034,0.70954,0.52444
03_Ar1_Vhigh_Ac3/Rp36_Ac3_Vhigh_Ar1_UNC106,3,1,high,36,1.06,14.96668,3.71046,0.0226,9.39998,0.37612,0.74034,0.54222
03_Ar1_Vhigh_Ac3/Rp37_Ac3_Vhigh_Ar1_UNC153,3,1,high,37,1.53,14.96677,3.88407,0.01915,9.56661,0.37996,0.80399,0.55778
04_Ar1_Vhigh_Ac4/Rp01_Ac4_Vhigh_Ar1_UNC175,4,1,high,1,1.75,14.96687,2.98411,0.01828,7.49961,0.3648,0.94279,0.40889
04_Ar1_Vhigh_Ac4/Rp02_Ac4_Vhigh_Ar1_UNC033,4,1,high,2,0.33,14.96708,2.83272,0.01707,7.46689,0.34743,0.78973,0.39778
04_Ar1_Vhigh_Ac4/Rp03_Ac4_Vhigh_Ar1_UNC100,4,1,high,3,1.0,14.96688,3.01351,0.01601,7.63267,0.36118,0.96352,0.41556
04_Ar1_Vhigh_Ac4/Rp04_Ac4_Vhigh_Ar1_UNC075,4,1,high,4,0.75,14.96652,2.62345,0.01691,7.13357,0.35529,0.75724,0.38889
04_Ar1_Vhigh_Ac4/Rp05_Ac4_Vhigh_Ar1_UNC162,4,1,high,5,1.62,14.96641,2.85123,0.01709,7.53391,0.32652,0.97917,0.40222
04_Ar1_Vhigh_Ac4/Rp06_Ac4_Vhigh_Ar1_UNC183,4,1,high,6,1.83,14.96675,2.67813,0.01591,7.43347,0.34314,0.75011,0.4
04_Ar1_Vhigh_Ac4/Rp07_Ac4_Vhigh_Ar1_UNC268,4,1,high,7,2.68,14.96643,2.98746,0.01766,7.60007,0.35098,0.97082,0.40667
04_Ar1_Vhigh_Ac4/Rp08_Ac4_Vhigh_Ar1_UNC061,4,1,high,8,0.61,14.96664,2.79829,0.01779,7.2998,0.355,0.83471,0.39778
04_Ar1_Vhigh_Ac4/Rp09_Ac4_Vhigh_Ar1_UNC120,4,1,high,9,1.2,14.96654,2.40843,0.01669,7.23349,0.32545,0.67544,0.38444
04_Ar1_Vhigh_Ac4/Rp10_Ac4_Vhigh_Ar1_UNC060,4,1,high,10,0.6,14.96672,2.93693,0.01699,7.43298,0.35231,0.84661,0.40889
04_Ar1_Vhigh_Ac4/Rp11_Ac4_Vhigh_Ar1_UNC051,4,1,high,11,0.51,14.96653,2.7522,0.01776,7.23358,0.34387,0.7874,0.4
04_Ar1_Vhigh_Ac4/Rp12_Ac4_Vhigh_Ar1_UNC088,4,1,high,12,0.88,14.96696,2.79742,0.01808,7.46711,0.34975,0.85874,0.39556
04_Ar1_Vhigh_Ac4/Rp13_Ac4_Vhigh_Ar1_UNC212,4,1,high,13,2.12,14.96665,2.54232,0.015,7.26643,0.3431,0.70831,0.38889
04_Ar1_Vhigh_Ac4/Rp14_Ac4_Vhigh_Ar1_UNC113,4,1,high,14,1.13,14.96641,3.17493,0.01757,7.76667,0.35286,0.91491,0.41333
04_Ar1_Vhigh_Ac4/Rp15_Ac4_Vhigh_Ar1_UNC145,4,1,high,15,1.45,14.96639,2.60119,0.01583,7.13347,0.32011,0.77976,0.39111
04_Ar1_Vhigh_Ac4/Rp16_Ac4_Vhigh_Ar1_UNC288,4,1,high,16,2.88,14.9666,2.93685,0.01829,7.56625,0.35385,0.8294,0.40222
04_Ar1_Vhigh_Ac4/Rp17_Ac4_Vhigh_Ar1_UNC112,4,1,high,17,1.12,14.96641,2.84207,0.01698,7.36684,0.35992,0.83355,0.40444
04_Ar1_Vhigh_Ac4/Rp18_Ac4_Vhigh_Ar1_UNC242,4,1,high,18,2.42,14.96685,2.70977,0.01697,7.33335,0.32995,0.77823,0.39778
04_Ar1_Vhigh_Ac4/Rp19_Ac4_Vhigh_Ar1_UNC312,4,1,high,19,3.12,14.96651,2.87274,0.01693,7.50036,0.35385,0.79835,0.40889
04_Ar1_Vhigh_Ac4/Rp20_Ac4_Vhigh_Ar1_UNC375,4,1,high,20,3.75,14.96647,3.08764,0.01885,7.59961,0.36751,0.97625,0.41111
04_Ar1_Vhigh_Ac4/Rp21_Ac4_Vhigh_Ar1_UNC077,4,1,high,21,0.77,14.96641,2.93608,0.01659,7.46748,0.36018,0.88276,0.40667
04_Ar1_Vhigh_Ac4/Rp22_Ac4_Vhigh_Ar1_UNC245,4,1,high,22,2.45,14.96677,2.4872,0.01665,7.1328,0.31511,0.71735,0.38667
04_Ar1_Vhigh_Ac4/Rp23_Ac4_Vhigh_Ar1_UNC122,4,1,high,23,1.22,14.96657,2.80102,0.01698,7.53381,0.33626,0.89622,0.4
04_Ar1_Vhigh_Ac4/Rp24_Ac4_Vhigh_Ar1_UNC240,4,1,high,24,2.4,14.96686,2.85162,0.01869,7.60005,0.36868,0.80391,0.40889
04_Ar1_Vhigh_Ac4/Rp25_Ac4_Vhigh_Ar1_UNC220,4,1,high,25,2.2,14.96699,2.90996,0.01671,7.40017,0.34988,0.90959,0.40667
04_Ar1_Vhigh_Ac4/Rp26_Ac4_Vhigh_Ar1_UNC177,4,1,high,26,1.77,14.96661,2.8595,0.01694,7.46645,0.3573,0.89731,0.40222
04_Ar1_Vhigh_Ac4/Rp27_Ac4_Vhigh_Ar1_UNC309,4,1,high,27,3.09,14.96696,2.83148,0.01628,7.26692,0.36949,0.81548,0.40667
04_Ar1_Vhigh_Ac4/Rp28_Ac4_Vhigh_Ar1_UNC307,4,1,high,28,3.07,14.96663,2.71257,0.01571,7.36674,0.35344,0.78314,0.39778
04_Ar1_Vhigh_Ac4/Rp29_Ac4_Vhigh_Ar1_UNC313,4,1,high,29,3.13,14.96644,2.68351,0.01722,7.26691,0.33137,0.80014,0.39333
04_Ar1_Vhigh_Ac4/Rp30_Ac4_Vhigh_Ar1_UNC069,4,1,high,30,0.69,14.9667,2.84044,0.01684,7.30005,0.35096,0.83062,0.40444
04_Ar1_Vhigh_Ac4/Rp31_Ac4_Vhigh_Ar1_UNC045,4,1,high,31,0.45,14.96657,2.80716,0.01481,7.33312,0.35936,0.78807,0.40444
04_Ar1_Vhigh_Ac4/Rp32_Ac4_Vhigh_Ar1_UNC087,4,1,high,32,0.87,14.96653,2.66754,0.01461,7.33298,0.34638,0.74956,0.39778
04_Ar1_Vhigh_Ac4/Rp33_Ac4_Vhigh_Ar1_UNC074,4,1,high,33,0.74,14.96662,2.8052,0.01724,7.36687,0.35468,0.80225,0.39778
04_Ar1_Vhigh_Ac4/Rp34_Ac4_Vhigh_Ar1_UNC060,4,1,high,34,0.6,14.9667,2.77776,0.01767,7.46641,0.3573,0.76235,0.40444
05_Ar1_Vhigh_Ac5/Rp01_Ac5_Vhigh_Ar1_UNC439,5,1,high,1,4.39,14.96656,3.15868,0.01802,8.33348,0.34086,0.80553,0.45333
05_Ar1_Vhigh_Ac5/Rp02_Ac5_Vhigh_Ar1_UNC244,5,1,high,2,2.44,14.96626,3.27715,0.02051,8.5002,0.35793,0.75249,0.47778
05_Ar1_Vhigh_Ac5/Rp03_Ac5_Vhigh_Ar1_UNC401,5,1,high,3,4.01,14.96646,2.90453,0.01907,8.06678,0.32755,0.72673,0.43778
05_Ar1_Vhigh_Ac5/Rp04_Ac5_Vhigh_Ar1_UNC117,5,1,high,4,1.17,14.9664,2.7683,0.02056,7.80058,0.34217,0.68934,0.43111
05_Ar1_Vhigh_Ac5/Rp05_Ac5_Vhigh_Ar1_UNC156,5,1,high,5,1.56,14.96667,3.16849,0.01807,8.26672,0.3522,0.75287,0.46
05_Ar1_Vhigh_Ac5/Rp06_Ac5_Vhigh_Ar1_UNC462,5,1,high,6,4.62,14.96632,3.15996,0.01824,8.30058,0.34602,0.77777,0.45333
05_Ar1_Vhigh_Ac5/Rp07_Ac5_Vhigh_Ar1_UNC133,5,1,high,7,1.33,14.96644,2.87356,0.02207,7.93304,0.33355,0.72713,0.43778
05_Ar1_Vhigh_Ac5/Rp08_Ac5_Vhigh_Ar1_UNC170,5,1,high,8,1.7,14.96665,2.77579,0.01919,7.86708,0.34798,0.6843,0.42
05_Ar1_Vhigh_Ac5/Rp09_Ac5_Vhigh_Ar1_UNC297,5,1,high,9,2.97,14.96656,2.80732,0.01621,7.96687,0.32241,0.68995,0.43556
05_Ar1_Vhigh_Ac5/Rp10_Ac5_Vhigh_Ar1_UNC225,5,1,high,10,2.25,14.96664,2.94235,0.01699,8.09995,0.3403,0.7066,0.44444
05_Ar1_Vhigh_Ac5/Rp11_Ac5_Vhigh_Ar1_UNC530,5,1,high,11,5.3,14.96671,3.32682,0.01893,8.56602,0.36195,0.7571,0.47556
05_Ar1_Vhigh_Ac5/Rp12_Ac5_Vhigh_Ar1_UNC108,5,1,high,12,1.08,14.96661,2.85327,0.0198,7.93338,0.34269,0.71213,0.43556
05_Ar1_Vhigh_Ac5/Rp13_Ac5_Vhigh_Ar1_UNC407,5,1,high,13,4.07,14.96629,3.21699,0.01799,8.60012,0.34086,0.74513,0.47333
05_Ar1_Vhigh_Ac5/Rp14_Ac5_Vhigh_Ar1_UNC342,5,1,high,14,3.42,14.96661,3.17908,0.01847,8.53291,0.3542,0.70856,0.47333
05_Ar1_Vhigh_Ac5/Rp15_Ac5_Vhigh_Ar1_UNC487,5,1,high,15,4.87,14.96669,3.42733,0.0198,8.66609,0.37418,0.76506,0.48
05_Ar1_Vhigh_Ac5/Rp16_Ac5_Vhigh_Ar1_UNC246,5,1,high,16,2.46,14.96668,3.16683,0.01673,8.50082,0.33975,0.72833,0.46667
05_Ar1_Vhigh_Ac5/Rp17_Ac5_Vhigh_Ar1_UNC218,5,1,high,17,2.18,14.96673,2.8468,0.01734,7.99974,0.32968,0.73416,0.43333
05_Ar1_Vhigh_Ac5/Rp18_Ac5_Vhigh_Ar1_UNC299,5,1,high,18,2.99,14.96672,3.05635,0.01725,8.20052,0.33908,0.71618,0.45556
05_Ar1_Vhigh_Ac5/Rp19_Ac5_Vhigh_Ar1_UNC257,5,1,high,19,2.57,14.967,2.98858,0.01765,8.29958,0.33362,0.69174,0.46
05_Ar1_Vhigh_Ac5/Rp20_Ac5_Vhigh_Ar1_UNC319,5,1,high,20,3.19,14.96697,3.2579,0.01705,8.59934,0.35961,0.77713,0.47556
05_Ar1_Vhigh_Ac5/Rp21_Ac5_Vhigh_Ar1_UNC426,5,1,high,21,4.26,14.96674,3.17936,0.02034,8.26642,0.35451,0.72615,0.46889
05_Ar1_Vhigh_Ac5/Rp22_Ac5_Vhigh_Ar1_UNC377,5,1,high,22,3.77,14.96669,3.23727,0.01655,8.60008,0.32757,0.79982,0.47556
05_Ar1_Vhigh_Ac5/Rp23_Ac5_Vhigh_Ar1_UNC287,5,1,high,23,2.87,14.96633,3.01327,0.0181,8.13353,0.34878,0.72742,0.44667
05_Ar1_Vhigh_Ac5/Rp24_Ac5_Vhigh_Ar1_UNC223,5,1,high,24,2.23,14.9665,3.04468,0.01962,8.0664,0.32965,0.79775,0.44889
05_Ar1_Vhigh_Ac5/Rp25_Ac5_Vhigh_Ar1_UNC085,5,1,high,25,0.85,14.96659,2.90112,0.017,8.06681,0.32779,0.72965,0.44222
05_Ar1_Vhigh_Ac5/Rp26_Ac5_Vhigh_Ar1_UNC233,5,1,high,26,2.33,14.96686,3.05498,0.01828,8.13311,0.35482,0.70863,0.44222
05_Ar1_Vhigh_Ac5/Rp27_Ac5_Vhigh_Ar1_UNC295,5,1,high,27,2.95,14.96649,3.1001,0.01986,8.16653,0.35417,0.73248,0.44667
05_Ar1_Vhigh_Ac5/Rp28_Ac5_Vhigh_Ar1_UNC100,5,1,high,28,1.0,14.96683,2.8803,0.01933,8.09974,0.33822,0.71002,0.43778
05_Ar1_Vhigh_Ac5/Rp29_Ac5_Vhigh_Ar1_UNC069,5,1,high,29,0.69,14.96698,2.93253,0.01929,7.96718,0.34268,0.69996,0.44444
05_Ar1_Vhigh_Ac5/Rp30_Ac5_Vhigh_Ar1_UNC247,5,1,high,30,2.47,14.96672,3.13871,0.01824,8.36676,0.359,0.74344,0.45333
05_Ar1_Vhigh_Ac5/Rp31_Ac5_Vhigh_Ar1_UNC425,5,1,high,31,4.25,14.96686,2.91487,0.01801,8.16571,0.33203,0.70316,0.44444
05_Ar1_Vhigh_Ac5/Rp32_Ac5_Vhigh_Ar1_UNC157,5,1,high,32,1.57,14.96676,3.04524,0.0183,8.26699,0.34342,0.7195,0.46444
05_Ar1_Vhigh_Ac5/Rp33_Ac5_Vhigh_Ar1_UNC139,5,1,high,33,1.39,14.96688,3.03527,0.01727,8.03331,0.35932,0.7599,0.44444
05_Ar1_Vhigh_Ac5/Rp34_Ac5_Vhigh_Ar1_UNC377,5,1,high,34,3.77,14.96684,2.97233,0.01752,8.23383,0.33665,0.7054,0.44889
06_Ar1_Vhigh_Ac6/Rp01_Ac6_Vhigh_Ar1_UNC187,6,1,high,1,1.87,14.96655,2.95267,0.01885,7.73334,0.34484,0.78984,0.41111
06_Ar1_Vhigh_Ac6/Rp02_Ac6_Vhigh_Ar1_UNC279,6,1,high,2,2.79,14.96667,3.29324,0.01864,8.2333,0.3649,0.76162,0.45111
06_Ar1_Vhigh_Ac6/Rp03_Ac6_Vhigh_Ar1_UNC185,6,1,high,3,1.85,14.96677,2.82182,0.02274,7.7335,0.34847,0.69777,0.41111
06_Ar1_Vhigh_Ac6/Rp04_Ac6_Vhigh_Ar1_UNC158,6,1,high,4,1.58,14.96675,2.89279,0.02134,7.93347,0.33335,0.71119,0.42444
06_Ar1_Vhigh_Ac6/Rp05_Ac6_Vhigh_Ar1_UNC271,6,1,high,5,2.71,14.96646,3.4013,0.02061,8.09974,0.36049,0.87322,0.44222
06_Ar1_Vhigh_Ac6/Rp06_Ac6_Vhigh_Ar1_UNC091,6,1,high,6,0.91,14.96642,3.28343,0.02343,8.06675,0.35781,0.86864,0.43333
06_Ar1_Vhigh_Ac6/Rp07_Ac6_Vhigh_Ar1_UNC108,6,1,high,7,1.08,14.96671,3.36174,0.01907,8.26687,0.36632,0.80329,0.44667
06_Ar1_Vhigh_Ac6/Rp08_Ac6_Vhigh_Ar1_UNC223,6,1,high,8,2.23,14.96635,2.88794,0.01965,7.79974,0.32706,0.7162,0.41778
06_Ar1_Vhigh_Ac6/Rp09_Ac6_Vhigh_Ar1_UNC118,6,1,high,9,1.18,14.96663,2.8555,0.02026,7.6333,0.33069,0.74755,0.41111
06_Ar1_Vhigh_Ac6/Rp10_Ac6_Vhigh_Ar1_UNC102,6,1,high,10,1.02,14.9666,2.88974,0.01772,7.70033,0.34075,0.75424,0.41556
06_Ar1_Vhigh_Ac6/Rp11_Ac6_Vhigh_Ar1_UNC135,6,1,high,11,1.35,14.96635,2.91565,0.02058,7.86725,0.33806,0.69998,0.42222
06_Ar1_Vhigh_Ac6/Rp12_Ac6_Vhigh_Ar1_UNC247,6,1,high,12,2.47,14.9666,3.38149,0.02074,8.33327,0.36516,0.7865,0.45778
06_Ar1_Vhigh_Ac6/Rp13_Ac6_Vhigh_Ar1_UNC105,6,1,high,13,1.05,14.96676,3.16948,0.01897,8.0666,0.36365,0.73975,0.43556
06_Ar1_Vhigh_Ac6/Rp14_Ac6_Vhigh_Ar1_UNC150,6,1,high,14,1.5,14.96716,3.21931,0.01803,8.10067,0.37146,0.77273,0.44444
06_Ar1_Vhigh_Ac6/Rp15_Ac6_Vhigh_Ar1_UNC313,6,1,high,15,3.13,14.96694,3.35306,0.0221,8.26667,0.37918,0.75788,0.45333
06_Ar1_Vhigh_Ac6/Rp16_Ac6_Vhigh_Ar1_UNC167,6,1,high,16,1.67,14.96656,2.90964,0.02156,7.83342,0.34518,0.7133,0.42
06_Ar1_Vhigh_Ac6/Rp17_Ac6_Vhigh_Ar1_UNC152,6,1,high,17,1.52,14.96661,3.42104,0.01864,8.26643,0.38749,0.8029,0.45111
06_Ar1_Vhigh_Ac6/Rp18_Ac6_Vhigh_Ar1_UNC204,6,1,high,18,2.04,14.96648,2.94904,0.02086,7.9,0.33921,0.69607,0.43111
06_Ar1_Vhigh_Ac6/Rp19_Ac6_Vhigh_Ar1_UNC126,6,1,high,19,1.26,14.96655,3.20073,0.02011,8.23408,0.34751,0.78889,0.44889
06_Ar1_Vhigh_Ac6/Rp20_Ac6_Vhigh_Ar1_UNC180,6,1,high,20,1.8,14.96703,2.91187,0.01877,7.83328,0.33047,0.73552,0.41778
06_Ar1_Vhigh_Ac6/Rp21_Ac6_Vhigh_Ar1_UNC146,6,1,high,21,1.46,14.96683,3.45824,0.01796,8.39995,0.36197,0.83901,0.46
06_Ar1_Vhigh_Ac6/Rp22_Ac6_Vhigh_Ar1_UNC189,6,1,high,22,1.89,14.96658,2.8851,0.01852,7.46754,0.36472,0.73706,0.40667
06_Ar1_Vhigh_Ac6/Rp23_Ac6_Vhigh_Ar1_UNC180,6,1,high,23,1.8,14.96699,3.03879,0.01975,7.93314,0.35036,0.73801,0.42889
06_Ar1_Vhigh_Ac6/Rp24_Ac6_Vhigh_Ar1_UNC297,6,1,high,24,2.97,14.96663,3.06822,0.01967,8.00011,0.35519,0.73892,0.43556
06_Ar1_Vhigh_Ac6/Rp25_Ac6_Vhigh_Ar1_UNC134,6,1,high,25,1.34,14.9665,3.16174,0.01942,7.99996,0.36071,0.76305,0.43333
06_Ar1_Vhigh_Ac6/Rp26_Ac6_Vhigh_Ar1_UNC264,6,1,high,26,2.64,14.96646,2.98431,0.02168,8.03296,0.33786,0.71611,0.42667
06_Ar1_Vhigh_Ac6/Rp27_Ac6_Vhigh_Ar1_UNC279,6,1,high,27,2.79,14.96679,3.01294,0.0212,7.86696,0.34718,0.74535,0.42667
06_Ar1_Vhigh_Ac6/Rp28_Ac6_Vhigh_Ar1_UNC114,6,1,high,28,1.14,14.96677,3.18845,0.01856,8.03326,0.37247,0.77422,0.43778
06_Ar1_Vhigh_Ac6/Rp29_Ac6_Vhigh_Ar1_UNC075,6,1,high,29,0.75,14.96674,3.15406,0.02199,8.06671,0.35908,0.73587,0.44222
06_Ar1_Vhigh_Ac6/Rp30_Ac6_Vhigh_Ar1_UNC168,6,1,high,30,1.68,14.96642,3.0698,0.01976,8.06695,0.33711,0.75926,0.43778
06_Ar1_Vhigh_Ac6/Rp31_Ac6_Vhigh_Ar1_UNC167,6,1,high,31,1.67,14.96706,2.81437,0.02095,7.50042,0.34615,0.72165,0.40222
06_Ar1_Vhigh_Ac6/Rp32_Ac6_Vhigh_Ar1_UNC313,6,1,high,32,3.13,14.96653,3.26407,0.01995,7.933,0.38072,0.81785,0.43778
06_Ar1_Vhigh_Ac6/Rp33_Ac6_Vhigh_Ar1_UNC232,6,1,high,33,2.32,14.96686,2.9098,0.02305,7.80023,0.34841,0.70951,0.42444
06_Ar1_Vhigh_Ac6/Rp34_Ac6_Vhigh_Ar1_UNC352,6,1,high,34,3.52,14.9668,2.90864,0.01924,7.63358,0.33177,0.82133,0.41333
06_Ar1_Vhigh_Ac6/Rp35_Ac6_Vhigh_Ar1_UNC309,6,1,high,35,3.09,14.96637,3.24311,0.02068,8.09992,0.3554,0.78672,0.44
07_Ar1_Vhigh_Ac7/Rp01_Ac7_Vhigh_Ar1_UNC190,7,1,high,1,1.9,14.96677,2.14358,0.0128,5.43332,0.33119,0.91632,0.24889
07_Ar1_Vhigh_Ac7/Rp02_Ac7_Vhigh_Ar1_UNC077,7,1,high,2,0.77,14.96666,2.30243,0.01239,5.66703,0.35833,0.90965,0.26222
07_Ar1_Vhigh_Ac7/Rp03_Ac7_Vhigh_Ar1_UNC310,7,1,high,3,3.1,14.9669,2.26277,0.01209,5.49971,0.33939,1.00789,0.25556
07_Ar1_Vhigh_Ac7/Rp04_Ac7_Vhigh_Ar1_UNC205,7,1,high,4,2.05,14.96624,2.2027,0.01169,5.4666,0.35165,0.8658,0.25778
07_Ar1_Vhigh_Ac7/Rp05_Ac7_Vhigh_Ar1_UNC351,7,1,high,5,3.51,14.96649,2.1126,0.01344,5.36661,0.32291,0.94412,0.24222
07_Ar1_Vhigh_Ac7/Rp06_Ac7_Vhigh_Ar1_UNC072,7,1,high,6,0.72,14.96674,2.05743,0.01031,5.46717,0.36404,0.72314,0.25556
07_Ar1_Vhigh_Ac7/Rp07_Ac7_Vhigh_Ar1_UNC195,7,1,high,7,1.95,14.96691,2.03724,0.00981,5.53341,0.3627,0.737,0.25333
07_Ar1_Vhigh_Ac7/Rp08_Ac7_Vhigh_Ar1_UNC234,7,1,high,8,2.34,14.96647,2.19669,0.01248,5.43326,0.34387,0.85,0.25556
07_Ar1_Vhigh_Ac7/Rp09_Ac7_Vhigh_Ar1_UNC077,7,1,high,9,0.77,14.96654,2.28777,0.01252,5.59999,0.36659,0.9224,0.26222
07_Ar1_Vhigh_Ac7/Rp10_Ac7_Vhigh_Ar1_UNC075,7,1,high,10,0.75,14.96675,1.90006,0.01182,5.33384,0.33101,0.68839,0.24
07_Ar1_Vhigh_Ac7/Rp11_Ac7_Vhigh_Ar1_UNC288,7,1,high,11,2.88,14.96695,2.16433,0.01197,5.43327,0.34947,0.87533,0.25556
07_Ar1_Vhigh_Ac7/Rp12_Ac7_Vhigh_Ar1_UNC077,7,1,high,12,0.77,14.96624,1.94328,0.01079,5.2996,0.33405,0.76022,0.24
07_Ar1_Vhigh_Ac7/Rp13_Ac7_Vhigh_Ar1_UNC153,7,1,high,13,1.53,14.96671,2.13848,0.01179,5.56677,0.37039,0.72967,0.26
07_Ar1_Vhigh_Ac7/Rp14_Ac7_Vhigh_Ar1_UNC175,7,1,high,14,1.75,14.96667,2.11654,0.01021,5.46678,0.3674,0.7562,0.25556
07_Ar1_Vhigh_Ac7/Rp15_Ac7_Vhigh_Ar1_UNC115,7,1,high,15,1.15,14.9666,2.2067,0.01254,5.36668,0.3457,0.90506,0.25778
07_Ar1_Vhigh_Ac7/Rp16_Ac7_Vhigh_Ar1_UNC062,7,1,high,16,0.62,14.96681,1.94848,0.01113,5.23356,0.32655,0.76419,0.24222
07_Ar1_Vhigh_Ac7/Rp17_Ac7_Vhigh_Ar1_UNC090,7,1,high,17,0.9,14.96663,1.96107,0.01036,5.39991,0.34581,0.68923,0.24889
07_Ar1_Vhigh_Ac7/Rp18_Ac7_Vhigh_Ar1_UNC155,7,1,high,18,1.55,14.96661,1.90265,0.01092,5.23328,0.327,0.70903,0.24
07_Ar1_Vhigh_Ac7/Rp19_Ac7_Vhigh_Ar1_UNC195,7,1,high,19,1.95,14.96671,1.93042,0.01033,5.23353,0.34016,0.73284,0.24444
07_Ar1_Vhigh_Ac7/Rp20_Ac7_Vhigh_Ar1_UNC087,7,1,high,20,0.87,14.96659,2.03999,0.01116,5.46657,0.35538,0.7002,0.25556
07_Ar1_Vhigh_Ac7/Rp21_Ac7_Vhigh_Ar1_UNC197,7,1,high,21,1.97,14.96667,2.33712,0.01236,5.63313,0.35292,1.03474,0.26222
07_Ar1_Vhigh_Ac7/Rp22_Ac7_Vhigh_Ar1_UNC161,7,1,high,22,1.61,14.96674,2.08455,0.01159,5.36692,0.34539,0.77315,0.25111
07_Ar1_Vhigh_Ac7/Rp23_Ac7_Vhigh_Ar1_UNC270,7,1,high,23,2.7,14.96662,2.2822,0.01189,5.50032,0.35228,0.97588,0.26
07_Ar1_Vhigh_Ac7/Rp24_Ac7_Vhigh_Ar1_UNC254,7,1,high,24,2.54,14.96671,1.95795,0.01029,5.29999,0.34299,0.70852,0.24667
07_Ar1_Vhigh_Ac7/Rp25_Ac7_Vhigh_Ar1_UNC098,7,1,high,25,0.98,14.96691,2.10158,0.01177,5.46684,0.36172,0.72451,0.25778
07_Ar1_Vhigh_Ac7/Rp26_Ac7_Vhigh_Ar1_UNC125,7,1,high,26,1.25,14.96659,2.38044,0.01211,5.7332,0.37171,0.98884,0.26667
07_Ar1_Vhigh_Ac7/Rp27_Ac7_Vhigh_Ar1_UNC117,7,1,high,27,1.17,14.96657,2.28517,0.01258,5.56696,0.35951,0.94903,0.26
07_Ar1_Vhigh_Ac7/Rp28_Ac7_Vhigh_Ar1_UNC090,7,1,high,28,0.9,14.96677,2.27848,0.01229,5.6001,0.36896,0.86448,0.26444
07_Ar1_Vhigh_Ac7/Rp29_Ac7_Vhigh_Ar1_UNC054,7,1,high,29,0.54,14.9667,2.05323,0.01184,5.26707,0.34927,0.76412,0.24667
07_Ar1_Vhigh_Ac7/Rp30_Ac7_Vhigh_Ar1_UNC065,7,1,high,30,0.65,14.96665,2.12543,0.01343,5.3997,0.33415,0.94099,0.24444
07_Ar1_Vhigh_Ac7/Rp31_Ac7_Vhigh_Ar1_UNC105,7,1,high,31,1.05,14.96664,2.01153,0.01075,5.36632,0.33477,0.78636,0.24222
07_Ar1_Vhigh_Ac7/Rp32_Ac7_Vhigh_Ar1_UNC117,7,1,high,32,1.17,14.96628,1.83139,0.01053,5.16661,0.33316,0.68423,0.24
07_Ar1_Vhigh_Ac7/Rp33_Ac7_Vhigh_Ar1_UNC042,7,1,high,33,0.42,14.96659,2.04088,0.01264,5.33261,0.32996,0.82109,0.24222
07_Ar1_Vhigh_Ac7/Rp34_Ac7_Vhigh_Ar1_UNC101,7,1,high,34,1.01,14.96701,1.97286,0.0103,5.36677,0.36056,0.68549,0.25111
07_Ar1_Vhigh_Ac7/Rp35_Ac7_Vhigh_Ar1_UNC128,7,1,high,35,1.28,14.96652,2.32163,0.01145,5.59943,0.35518,1.0014,0.25778
07_Ar1_Vhigh_Ac7/Rp36_Ac7_Vhigh_Ar1_UNC256,7,1,high,36,2.56,14.96654,1.91964,0.01166,5.33395,0.32561,0.67414,0.24
07_Ar1_Vhigh_Ac7/Rp37_Ac7_Vhigh_Ar1_UNC037,7,1,high,37,0.37,14.96688,2.23192,0.01178,5.50019,0.3657,0.86241,0.26
08_Ar1_Vhigh_Ac8/Rp01_Ac8_Vhigh_Ar1_UNC381,8,1,high,1,3.81,14.96661,3.19685,0.02375,9.29953,0.35029,0.67083,0.54
08_Ar1_Vhigh_Ac8/Rp02_Ac8_Vhigh_Ar1_UNC242,8,1,high,2,2.42,14.96659,3.50349,0.02538,9.73333,0.36924,0.69921,0.55778
08_Ar1_Vhigh_Ac8/Rp03_Ac8_Vhigh_Ar1_UNC304,8,1,high,3,3.04,14.96683,3.43127,0.02937,9.46637,0.36075,0.73612,0.54222
08_Ar1_Vhigh_Ac8/Rp04_Ac8_Vhigh_Ar1_UNC199,8,1,high,4,1.99,14.96703,3.71404,0.0211,9.93361,0.35913,0.78441,0.59111
08_Ar1_Vhigh_Ac8/Rp05_Ac8_Vhigh_Ar1_UNC138,8,1,high,5,1.38,14.96664,3.63764,0.02295,9.9338,0.36906,0.71164,0.58667
08_Ar1_Vhigh_Ac8/Rp06_Ac8_Vhigh_Ar1_UNC130,8,1,high,6,1.3,14.96666,3.26219,0.02149,9.20039,0.35814,0.65194,0.54
08_Ar1_Vhigh_Ac8/Rp07_Ac8_Vhigh_Ar1_UNC321,8,1,high,7,3.21,14.96681,3.53665,0.02275,9.83341,0.37994,0.71336,0.56667
08_Ar1_Vhigh_Ac8/Rp08_Ac8_Vhigh_Ar1_UNC141,8,1,high,8,1.41,14.96684,3.5358,0.02452,9.73319,0.37097,0.7054,0.56
08_Ar1_Vhigh_Ac8/Rp09_Ac8_Vhigh_Ar1_UNC288,8,1,high,9,2.88,14.96636,3.53063,0.02065,9.93344,0.35909,0.72264,0.57333
08_Ar1_Vhigh_Ac8/Rp10_Ac8_Vhigh_Ar1_UNC141,8,1,high,10,1.41,14.96675,3.28425,0.0242,9.19986,0.35571,0.68334,0.53778
08_Ar1_Vhigh_Ac8/Rp11_Ac8_Vhigh_Ar1_UNC121,8,1,high,11,1.21,14.9666,3.68555,0.02332,9.99979,0.36801,0.73469,0.57556
08_Ar1_Vhigh_Ac8/Rp12_Ac8_Vhigh_Ar1_UNC122,8,1,high,12,1.22,14.9666,3.65221,0.01937,9.93335,0.36565,0.73665,0.58889
08_Ar1_Vhigh_Ac8/Rp13_Ac8_Vhigh_Ar1_UNC119,8,1,high,13,1.19,14.96652,3.33451,0.02423,9.6005,0.34769,0.71418,0.55111
08_Ar1_Vhigh_Ac8/Rp14_Ac8_Vhigh_Ar1_UNC093,8,1,high,14,0.93,14.96649,3.62771,0.0209,9.90001,0.36841,0.72652,0.58222
08_Ar1_Vhigh_Ac8/Rp15_Ac8_Vhigh_Ar1_UNC268,8,1,high,15,2.68,14.96683,3.54962,0.02366,9.73356,0.35503,0.73968,0.56444
08_Ar1_Vhigh_Ac8/Rp16_Ac8_Vhigh_Ar1_UNC124,8,1,high,16,1.24,14.96658,3.77687,0.02303,10.10068,0.37186,0.71883,0.58667
08_Ar1_Vhigh_Ac8/Rp17_Ac8_Vhigh_Ar1_UNC203,8,1,high,17,2.03,14.9667,3.76476,0.02434,9.83275,0.37887,0.75729,0.57333
08_Ar1_Vhigh_Ac8/Rp18_Ac8_Vhigh_Ar1_UNC076,8,1,high,18,0.76,14.96643,3.56426,0.02145,9.56692,0.39032,0.719,0.57111
08_Ar1_Vhigh_Ac8/Rp19_Ac8_Vhigh_Ar1_UNC104,8,1,high,19,1.04,14.96652,3.67233,0.02367,9.73348,0.37686,0.74055,0.58444
08_Ar1_Vhigh_Ac8/Rp20_Ac8_Vhigh_Ar1_UNC352,8,1,high,20,3.52,14.96654,3.52011,0.02262,9.53393,0.38459,0.73001,0.56444
08_Ar1_Vhigh_Ac8/Rp21_Ac8_Vhigh_Ar1_UNC125,8,1,high,21,1.25,14.96679,3.61792,0.02292,9.99999,0.35557,0.71311,0.57333
08_Ar1_Vhigh_Ac8/Rp22_Ac8_Vhigh_Ar1_UNC299,8,1,high,22,2.99,14.96658,3.44581,0.02224,9.7671,0.35389,0.68612,0.56
08_Ar1_Vhigh_Ac8/Rp23_Ac8_Vhigh_Ar1_UNC250,8,1,high,23,2.5,14.96647,3.59461,0.02439,9.7665,0.36735,0.73843,0.56
08_Ar1_Vhigh_Ac8/Rp24_Ac8_Vhigh_Ar1_UNC171,8,1,high,24,1.71,14.96678,3.36289,0.02243,9.53256,0.3461,0.72616,0.54667
08_Ar1_Vhigh_Ac8/Rp25_Ac8_Vhigh_Ar1_UNC147,8,1,high,25,1.47,14.96638,3.70526,0.02301,10.03343,0.38221,0.7318,0.59333
08_Ar1_Vhigh_Ac8/Rp26_Ac8_Vhigh_Ar1_UNC126,8,1,high,26,1.26,14.96648,3.45653,0.02695,9.26632,0.3828,0.7155,0.54222
08_Ar1_Vhigh_Ac8/Rp27_Ac8_Vhigh_Ar1_UNC081,8,1,high,27,0.81,14.96685,3.73937,0.02217,9.83361,0.37633,0.73534,0.58889
08_Ar1_Vhigh_Ac8/Rp28_Ac8_Vhigh_Ar1_UNC163,8,1,high,28,1.63,14.96647,3.90731,0.02287,10.13279,0.39231,0.74334,0.60667
08_Ar1_Vhigh_Ac8/Rp29_Ac8_Vhigh_Ar1_UNC131,8,1,high,29,1.31,14.9666,3.36765,0.02256,9.49976,0.36194,0.67761,0.55556
08_Ar1_Vhigh_Ac8/Rp30_Ac8_Vhigh_Ar1_UNC186,8,1,high,30,1.86,14.96666,3.35883,0.02692,9.3003,0.35303,0.722,0.54444
08_Ar1_Vhigh_Ac8/Rp31_Ac8_Vhigh_Ar1_UNC155,8,1,high,31,1.55,14.96623,3.57786,0.02249,9.83333,0.36964,0.70039,0.57111
08_Ar1_Vhigh_Ac8/Rp32_Ac8_Vhigh_Ar1_UNC307,8,1,high,32,3.07,14.96681,3.33459,0.02037,9.2994,0.34524,0.69991,0.56
08_Ar1_Vhigh_Ac8/Rp33_Ac8_Vhigh_Ar1_UNC102,8,1,high,33,1.02,14.96684,3.81311,0.02552,10.16659,0.36017,0.75883,0.58667
08_Ar1_Vhigh_Ac8/Rp34_Ac8_Vhigh_Ar1_UNC321,8,1,high,34,3.21,14.96657,3.25584,0.02531,9.20002,0.34837,0.67558,0.54222
08_Ar1_Vhigh_Ac8/Rp35_Ac8_Vhigh_Ar1_UNC085,8,1,high,35,0.85,14.96673,3.58958,0.02376,9.86651,0.36403,0.6958,0.56889
09_Ar1_Vhigh_Ac9/Rp01_Ac9_Vhigh_Ar1_UNC187,9,1,high,1,1.87,14.96654,3.53587,0.01848,8.33303,0.45346,0.82859,0.46444
09_Ar1_Vhigh_Ac9/Rp02_Ac9_Vhigh_Ar1_UNC161,9,1,high,2,1.61,14.96685,3.56423,0.01593,8.43327,0.42479,0.91678,0.46889
09_Ar1_Vhigh_Ac9/Rp03_Ac9_Vhigh_Ar1_UNC092,9,1,high,3,0.92,14.96684,3.62552,0.01636,8.5333,0.43191,0.9159,0.47556
09_Ar1_Vhigh_Ac9/Rp04_Ac9_Vhigh_Ar1_UNC374,9,1,high,4,3.74,14.96685,3.77629,0.0181,8.56727,0.45827,0.8641,0.47778
09_Ar1_Vhigh_Ac9/Rp05_Ac9_Vhigh_Ar1_UNC261,9,1,high,5,2.61,14.96588,3.51572,0.01849,8.39923,0.44802,0.83018,0.46444
09_Ar1_Vhigh_Ac9/Rp06_Ac9_Vhigh_Ar1_UNC174,9,1,high,6,1.74,14.96679,3.45187,0.01594,8.4663,0.42569,0.81326,0.46444
09_Ar1_Vhigh_Ac9/Rp07_Ac9_Vhigh_Ar1_UNC060,9,1,high,7,0.6,14.9666,3.5367,0.01715,8.60007,0.43656,0.78269,0.47778
09_Ar1_Vhigh_Ac9/Rp08_Ac9_Vhigh_Ar1_UNC158,9,1,high,8,1.58,14.96652,3.25333,0.01713,8.13353,0.4086,0.74858,0.45556
09_Ar1_Vhigh_Ac9/Rp09_Ac9_Vhigh_Ar1_UNC249,9,1,high,9,2.49,14.96666,3.39865,0.01757,8.39979,0.43777,0.77982,0.46
09_Ar1_Vhigh_Ac9/Rp10_Ac9_Vhigh_Ar1_UNC106,9,1,high,10,1.06,14.96691,3.66817,0.01739,8.70013,0.44518,0.81007,0.48
09_Ar1_Vhigh_Ac9/Rp11_Ac9_Vhigh_Ar1_UNC364,9,1,high,11,3.64,14.96662,3.53478,0.0186,8.39977,0.433,0.89482,0.46222
09_Ar1_Vhigh_Ac9/Rp12_Ac9_Vhigh_Ar1_UNC085,9,1,high,12,0.85,14.96649,3.56743,0.01923,8.46645,0.42858,0.86623,0.46889
09_Ar1_Vhigh_Ac9/Rp13_Ac9_Vhigh_Ar1_UNC129,9,1,high,13,1.29,14.96675,3.49981,0.0176,8.39985,0.4413,0.78185,0.46889
09_Ar1_Vhigh_Ac9/Rp14_Ac9_Vhigh_Ar1_UNC132,9,1,high,14,1.32,14.96651,3.64011,0.01732,8.73333,0.44866,0.77131,0.48444
09_Ar1_Vhigh_Ac9/Rp15_Ac9_Vhigh_Ar1_UNC156,9,1,high,15,1.56,14.96659,3.61736,0.01769,8.49965,0.43707,0.87803,0.46444
09_Ar1_Vhigh_Ac9/Rp16_Ac9_Vhigh_Ar1_UNC187,9,1,high,16,1.87,14.96686,3.52683,0.01785,8.50087,0.44596,0.7657,0.47778
09_Ar1_Vhigh_Ac9/Rp17_Ac9_Vhigh_Ar1_UNC076,9,1,high,17,0.76,14.96681,3.49325,0.01883,8.53299,0.44244,0.77666,0.47111
09_Ar1_Vhigh_Ac9/Rp18_Ac9_Vhigh_Ar1_UNC280,9,1,high,18,2.8,14.96668,3.66639,0.01869,8.50009,0.44268,0.86104,0.47111
09_Ar1_Vhigh_Ac9/Rp19_Ac9_Vhigh_Ar1_UNC249,9,1,high,19,2.49,14.96689,3.5628,0.01762,8.53343,0.42973,0.80613,0.47778
09_Ar1_Vhigh_Ac9/Rp20_Ac9_Vhigh_Ar1_UNC132,9,1,high,20,1.32,14.96682,3.53045,0.01718,8.56646,0.40687,0.91303,0.46667
09_Ar1_Vhigh_Ac9/Rp21_Ac9_Vhigh_Ar1_UNC240,9,1,high,21,2.4,14.9665,3.35665,0.01623,8.36659,0.42119,0.76771,0.46222
09_Ar1_Vhigh_Ac9/Rp22_Ac9_Vhigh_Ar1_UNC168,9,1,high,22,1.68,14.96654,3.45656,0.01591,8.33315,0.42775,0.84794,0.46222
09_Ar1_Vhigh_Ac9/Rp23_Ac9_Vhigh_Ar1_UNC324,9,1,high,23,3.24,14.96669,3.39319,0.01618,8.53353,0.42061,0.73451,0.47333
09_Ar1_Vhigh_Ac9/Rp24_Ac9_Vhigh_Ar1_UNC239,9,1,high,24,2.39,14.96642,3.69239,0.01751,8.56609,0.42885,0.86899,0.48
09_Ar1_Vhigh_Ac9/Rp25_Ac9_Vhigh_Ar1_UNC146,9,1,high,25,1.46,14.96686,3.66485,0.01839,8.53329,0.44683,0.87668,0.47111
09_Ar1_Vhigh_Ac9/Rp26_Ac9_Vhigh_Ar1_UNC078,9,1,high,26,0.78,14.96682,3.27587,0.01709,8.26698,0.40525,0.72803,0.46444
09_Ar1_Vhigh_Ac9/Rp27_Ac9_Vhigh_Ar1_UNC081,9,1,high,27,0.81,14.96641,3.37579,0.01876,8.39998,0.41028,0.72488,0.46222
09_Ar1_Vhigh_Ac9/Rp28_Ac9_Vhigh_Ar1_UNC364,9,1,high,28,3.64,14.96637,3.41166,0.01838,8.53357,0.41736,0.7267,0.48
09_Ar1_Vhigh_Ac9/Rp29_Ac9_Vhigh_Ar1_UNC356,9,1,high,29,3.56,14.9668,3.26705,0.01761,8.30051,0.41241,0.7321,0.45778
09_Ar1_Vhigh_Ac9/Rp30_Ac9_Vhigh_Ar1_UNC363,9,1,high,30,3.63,14.96624,3.55786,0.01783,8.50003,0.42076,0.85994,0.47556
09_Ar1_Vhigh_Ac9/Rp31_Ac9_Vhigh_Ar1_UNC097,9,1,high,31,0.97,14.96645,3.63064,0.01753,8.59981,0.43461,0.87515,0.47333
09_Ar1_Vhigh_Ac9/Rp32_Ac9_Vhigh_Ar1_UNC170,9,1,high,32,1.7,14.96632,3.32772,0.01845,8.16715,0.41166,0.87462,0.45333
09_Ar1_Vhigh_Ac9/Rp33_Ac9_Vhigh_Ar1_UNC220,9,1,high,33,2.2,14.9664,3.26972,0.01717,8.1666,0.41354,0.76382,0.45333
09_Ar1_Vhigh_Ac9/Rp34_Ac9_Vhigh_Ar1_UNC209,9,1,high,34,2.09,14.96677,3.29705,0.01729,8.13375,0.42986,0.78546,0.44889
09_Ar1_Vhigh_Ac9/Rp35_Ac9_Vhigh_Ar1_UNC142,9,1,high,35,1.42,14.96659,3.42742,0.01706,8.63341,0.42391,0.79202,0.47111
10_Ar2_Vhigh_Ac0/Rp01_Ac0_Vhigh_Ar2_UNC065,0,2,high,1,0.65,14.96726,3.0533,0.01336,7.33315,0.34265,0.87771,0.38
10_Ar2_Vhigh_Ac0/Rp02_Ac0_Vhigh_Ar2_UNC093,0,2,high,2,0.93,14.96741,3.05458,0.01264,7.30038,0.3425,0.897,0.37556
10_Ar2_Vhigh_Ac0/Rp03_Ac0_Vhigh_Ar2_UNC153,0,2,high,3,1.53,14.96757,2.76721,0.01486,7.19974,0.32621,0.8382,0.36222
10_Ar2_Vhigh_Ac0/Rp04_Ac0_Vhigh_Ar2_UNC286,0,2,high,4,2.86,14.96746,2.73071,0.01518,7.23315,0.33751,0.73889,0.36667
10_Ar2_Vhigh_Ac0/Rp05_Ac0_Vhigh_Ar2_UNC226,0,2,high,5,2.26,14.96749,2.97322,0.01412,7.33377,0.35922,0.78936,0.38222
10_Ar2_Vhigh_Ac0/Rp06_Ac0_Vhigh_Ar2_UNC099,0,2,high,6,0.99,14.96734,3.04199,0.01343,7.43404,0.33174,0.95315,0.37111
10_Ar2_Vhigh_Ac0/Rp07_Ac0_Vhigh_Ar2_UNC072,0,2,high,7,0.72,14.96753,2.76689,0.01236,7.13266,0.34252,0.77875,0.36889
10_Ar2_Vhigh_Ac0/Rp08_Ac0_Vhigh_Ar2_UNC166,0,2,high,8,1.66,14.96745,3.06342,0.012,7.30003,0.34588,0.86096,0.38
10_Ar2_Vhigh_Ac0/Rp09_Ac0_Vhigh_Ar2_UNC050,0,2,high,9,0.5,14.96736,2.88614,0.0134,7.36723,0.35122,0.79818,0.37556
10_Ar2_Vhigh_Ac0/Rp10_Ac0_Vhigh_Ar2_UNC101,0,2,high,10,1.01,14.96717,2.8869,0.01244,7.23336,0.34263,0.82929,0.37556
10_Ar2_Vhigh_Ac0/Rp11_Ac0_Vhigh_Ar2_UNC267,0,2,high,11,2.67,14.96747,2.64627,0.01621,7.10046,0.33866,0.71678,0.36444
10_Ar2_Vhigh_Ac0/Rp12_Ac0_Vhigh_Ar2_UNC214,0,2,high,12,2.14,14.96738,2.88435,0.01268,7.13345,0.33968,0.82538,0.36889
10_Ar2_Vhigh_Ac0/Rp13_Ac0_Vhigh_Ar2_UNC126,0,2,high,13,1.26,14.96767,2.97913,0.01544,7.33352,0.35578,0.85043,0.38
10_Ar2_Vhigh_Ac0/Rp14_Ac0_Vhigh_Ar2_UNC104,0,2,high,14,1.04,14.96721,2.73997,0.01506,7.10101,0.32815,0.7737,0.36222
10_Ar2_Vhigh_Ac0/Rp15_Ac0_Vhigh_Ar2_UNC052,0,2,high,15,0.52,14.96754,2.99452,0.01267,7.33298,0.34594,0.86784,0.37778
10_Ar2_Vhigh_Ac0/Rp16_Ac0_Vhigh_Ar2_UNC128,0,2,high,16,1.28,14.96729,2.97209,0.01382,7.33389,0.34288,0.8244,0.38
10_Ar2_Vhigh_Ac0/Rp17_Ac0_Vhigh_Ar2_UNC144,0,2,high,17,1.44,14.9672,2.73905,0.01329,7.26632,0.34729,0.74641,0.37333
10_Ar2_Vhigh_Ac0/Rp18_Ac0_Vhigh_Ar2_UNC151,0,2,high,18,1.51,14.9678,2.65674,0.01454,7.09958,0.34357,0.71734,0.36667
10_Ar2_Vhigh_Ac0/Rp19_Ac0_Vhigh_Ar2_UNC141,0,2,high,19,1.41,14.96767,3.07262,0.01215,7.36645,0.35225,0.91299,0.38
10_Ar2_Vhigh_Ac0/Rp20_Ac0_Vhigh_Ar2_UNC087,0,2,high,20,0.87,14.96778,2.57443,0.01437,7.03253,0.33051,0.71411,0.35778
10_Ar2_Vhigh_Ac0/Rp21_Ac0_Vhigh_Ar2_UNC234,0,2,high,21,2.34,14.96752,2.9226,0.01225,7.26564,0.34301,0.81476,0.37556
10_Ar2_Vhigh_Ac0/Rp22_Ac0_Vhigh_Ar2_UNC227,0,2,high,22,2.27,14.96759,2.88912,0.01181,7.16729,0.34561,0.82612,0.37111
10_Ar2_Vhigh_Ac0/Rp23_Ac0_Vhigh_Ar2_UNC117,0,2,high,23,1.17,14.9675,2.69852,0.01519,7.23347,0.3323,0.78703,0.36
10_Ar2_Vhigh_Ac0/Rp24_Ac0_Vhigh_Ar2_UNC051,0,2,high,24,0.51,14.96763,2.81119,0.01359,7.09955,0.33942,0.79836,0.36667
10_Ar2_Vhigh_Ac0/Rp25_Ac0_Vhigh_Ar2_UNC325,0,2,high,25,3.25,14.96697,2.41282,0.01445,6.93359,0.32342,0.68138,0.35111
10_Ar2_Vhigh_Ac0/Rp26_Ac0_Vhigh_Ar2_UNC197,0,2,high,26,1.97,14.9674,2.71366,0.01432,7.0998,0.32946,0.76184,0.36444
10_Ar2_Vhigh_Ac0/Rp27_Ac0_Vhigh_Ar2_UNC157,0,2,high,27,1.57,14.96761,3.02211,0.01296,7.40103,0.35151,0.92374,0.38
10_Ar2_Vhigh_Ac0/Rp28_Ac0_Vhigh_Ar2_UNC076,0,2,high,28,0.76,14.96735,3.03501,0.0132,7.36625,0.35052,0.91553,0.37778
10_Ar2_Vhigh_Ac0/Rp29_Ac0_Vhigh_Ar2_UNC296,0,2,high,29,2.96,14.96743,2.64365,0.01439,7.03295,0.33308,0.75526,0.36
10_Ar2_Vhigh_Ac0/Rp30_Ac0_Vhigh_Ar2_UNC172,0,2,high,30,1.72,14.96755,2.77601,0.01315,7.20007,0.33647,0.75987,0.37111
10_Ar2_Vhigh_Ac0/Rp31_Ac0_Vhigh_Ar2_UNC096,0,2,high,31,0.96,14.9678,3.00747,0.01189,7.09965,0.33466,0.89685,0.36889
10_Ar2_Vhigh_Ac0/Rp32_Ac0_Vhigh_Ar2_UNC107,0,2,high,32,1.07,14.96753,2.92818,0.01283,7.29993,0.34712,0.80747,0.37778
10_Ar2_Vhigh_Ac0/Rp33_Ac0_Vhigh_Ar2_UNC049,0,2,high,33,0.49,14.9672,2.95058,0.01334,7.36792,0.34511,0.82528,0.37778
10_Ar2_Vhigh_Ac0/Rp34_Ac0_Vhigh_Ar2_UNC144,0,2,high,34,1.44,14.96765,2.74261,0.0145,7.06755,0.32723,0.80445,0.36222
11_Ar2_Vhigh_Ac1/Rp01_Ac1_Vhigh_Ar2_UNC299,1,2,high,1,2.99,14.96655,1.47435,0.0077,4.36728,0.31248,0.67156,0.17111
11_Ar2_Vhigh_Ac1/Rp02_Ac1_Vhigh_Ar2_UNC231,1,2,high,2,2.31,14.9667,1.8523,0.00877,4.63319,0.37618,0.8213,0.19556
11_Ar2_Vhigh_Ac1/Rp03_Ac1_Vhigh_Ar2_UNC285,1,2,high,3,2.85,14.96673,1.90018,0.0077,4.63322,0.34446,0.94754,0.19111
11_Ar2_Vhigh_Ac1/Rp04_Ac1_Vhigh_Ar2_UNC196,1,2,high,4,1.96,14.96714,1.53673,0.00766,4.36708,0.32767,0.7047,0.17778
11_Ar2_Vhigh_Ac1/Rp05_Ac1_Vhigh_Ar2_UNC192,1,2,high,5,1.92,14.96685,1.61445,0.00803,4.46663,0.34874,0.69112,0.18444
11_Ar2_Vhigh_Ac1/Rp06_Ac1_Vhigh_Ar2_UNC234,1,2,high,6,2.34,14.96649,1.59245,0.0098,4.46678,0.35467,0.66916,0.18444
11_Ar2_Vhigh_Ac1/Rp07_Ac1_Vhigh_Ar2_UNC115,1,2,high,7,1.15,14.96693,1.72726,0.00754,4.56648,0.34323,0.78498,0.18444
11_Ar2_Vhigh_Ac1/Rp08_Ac1_Vhigh_Ar2_UNC087,1,2,high,8,0.87,14.96638,1.75111,0.00836,4.56671,0.36621,0.75199,0.18889
11_Ar2_Vhigh_Ac1/Rp09_Ac1_Vhigh_Ar2_UNC078,1,2,high,9,0.78,14.96667,1.76533,0.00771,4.49996,0.34477,0.82102,0.18444
11_Ar2_Vhigh_Ac1/Rp10_Ac1_Vhigh_Ar2_UNC073,1,2,high,10,0.73,14.96663,1.81297,0.00845,4.60005,0.33428,0.8796,0.18444
11_Ar2_Vhigh_Ac1/Rp11_Ac1_Vhigh_Ar2_UNC082,1,2,high,11,0.82,14.96695,1.47948,0.00818,4.33309,0.33037,0.63907,0.17778
11_Ar2_Vhigh_Ac1/Rp12_Ac1_Vhigh_Ar2_UNC054,1,2,high,12,0.54,14.9667,1.63101,0.00919,4.46679,0.35961,0.68286,0.18667
11_Ar2_Vhigh_Ac1/Rp13_Ac1_Vhigh_Ar2_UNC087,1,2,high,13,0.87,14.96672,1.52219,0.00784,4.36656,0.33198,0.6453,0.17778
11_Ar2_Vhigh_Ac1/Rp14_Ac1_Vhigh_Ar2_UNC260,1,2,high,14,2.6,14.967,1.86601,0.00843,4.66671,0.32508,0.92866,0.18667
11_Ar2_Vhigh_Ac1/Rp15_Ac1_Vhigh_Ar2_UNC052,1,2,high,15,0.52,14.96649,1.59127,0.00789,4.43336,0.34132,0.70859,0.18
11_Ar2_Vhigh_Ac1/Rp16_Ac1_Vhigh_Ar2_UNC081,1,2,high,16,0.81,14.96648,1.64923,0.00762,4.46688,0.33328,0.75544,0.18
11_Ar2_Vhigh_Ac1/Rp17_Ac1_Vhigh_Ar2_UNC248,1,2,high,17,2.48,14.9667,1.7889,0.0082,4.6006,0.34722,0.83247,0.18889
11_Ar2_Vhigh_Ac1/Rp18_Ac1_Vhigh_Ar2_UNC213,1,2,high,18,2.13,14.96692,1.75295,0.00794,4.5331,0.32524,0.84276,0.18222
11_Ar2_Vhigh_Ac1/Rp19_Ac1_Vhigh_Ar2_UNC034,1,2,high,19,0.34,14.96663,1.60653,0.00783,4.43305,0.34992,0.6938,0.18222
11_Ar2_Vhigh_Ac1/Rp20_Ac1_Vhigh_Ar2_UNC098,1,2,high,20,0.98,14.96687,1.89536,0.00765,4.66591,0.34265,0.92727,0.19111
11_Ar2_Vhigh_Ac1/Rp21_Ac1_Vhigh_Ar2_UNC081,1,2,high,21,0.81,14.96679,1.5196,0.00763,4.40008,0.32144,0.68922,0.17556
11_Ar2_Vhigh_Ac1/Rp22_Ac1_Vhigh_Ar2_UNC130,1,2,high,22,1.3,14.96642,1.79237,0.00782,4.56696,0.34974,0.82894,0.18889
11_Ar2_Vhigh_Ac1/Rp23_Ac1_Vhigh_Ar2_UNC085,1,2,high,23,0.85,14.96685,1.53384,0.00758,4.39984,0.32834,0.67828,0.17778
11_Ar2_Vhigh_Ac1/Rp24_Ac1_Vhigh_Ar2_UNC076,1,2,high,24,0.76,14.9665,1.63333,0.00745,4.46638,0.3441,0.71954,0.18222
11_Ar2_Vhigh_Ac1/Rp25_Ac1_Vhigh_Ar2_UNC270,1,2,high,25,2.7,14.96664,1.83056,0.00902,4.63319,0.37772,0.78081,0.19556
11_Ar2_Vhigh_Ac1/Rp26_Ac1_Vhigh_Ar2_UNC253,1,2,high,26,2.53,14.96642,1.69498,0.00765,4.50009,0.33396,0.78781,0.18
11_Ar2_Vhigh_Ac1/Rp27_Ac1_Vhigh_Ar2_UNC071,1,2,high,27,0.71,14.96672,1.58979,0.00714,4.43335,0.32218,0.73078,0.17556
11_Ar2_Vhigh_Ac1/Rp28_Ac1_Vhigh_Ar2_UNC098,1,2,high,28,0.98,14.96661,1.49922,0.00947,4.40044,0.33456,0.63466,0.17778
11_Ar2_Vhigh_Ac1/Rp29_Ac1_Vhigh_Ar2_UNC111,1,2,high,29,1.11,14.96696,1.73779,0.00752,4.5334,0.35267,0.76773,0.18889
11_Ar2_Vhigh_Ac1/Rp30_Ac1_Vhigh_Ar2_UNC046,1,2,high,30,0.46,14.9666,1.78561,0.00825,4.60035,0.36442,0.78154,0.19333
11_Ar2_Vhigh_Ac1/Rp31_Ac1_Vhigh_Ar2_UNC090,1,2,high,31,0.9,14.96662,1.83579,0.00863,4.63346,0.36755,0.78982,0.19556
11_Ar2_Vhigh_Ac1/Rp32_Ac1_Vhigh_Ar2_UNC106,1,2,high,32,1.06,14.96679,1.88914,0.00892,4.66643,0.38029,0.84423,0.19778
11_Ar2_Vhigh_Ac1/Rp33_Ac1_Vhigh_Ar2_UNC236,1,2,high,33,2.36,14.96674,1.67424,0.0069,4.43337,0.3342,0.75449,0.18
11_Ar2_Vhigh_Ac1/Rp34_Ac1_Vhigh_Ar2_UNC094,1,2,high,34,0.94,14.96638,1.60301,0.00848,4.46627,0.35253,0.67498,0.18444
12_Ar2_Vhigh_Ac2/Rp01_Ac2_Vhigh_Ar2_UNC291,2,2,high,1,2.91,14.96685,3.04136,0.0145,8.0336,0.36268,0.71448,0.44889
12_Ar2_Vhigh_Ac2/Rp02_Ac2_Vhigh_Ar2_UNC203,2,2,high,2,2.03,14.96707,2.97471,0.01761,8.10038,0.35544,0.70109,0.43778
12_Ar2_Vhigh_Ac2/Rp03_Ac2_Vhigh_Ar2_UNC357,2,2,high,3,3.57,14.9665,3.1778,0.01534,8.43322,0.3598,0.70005,0.46889
12_Ar2_Vhigh_Ac2/Rp04_Ac2_Vhigh_Ar2_UNC115,2,2,high,4,1.15,14.96632,3.11211,0.01379,8.33335,0.36075,0.73037,0.45556
12_Ar2_Vhigh_Ac2/Rp05_Ac2_Vhigh_Ar2_UNC291,2,2,high,5,2.91,14.96676,3.38765,0.0133,8.36701,0.38375,0.78188,0.46667
12_Ar2_Vhigh_Ac2/Rp06_Ac2_Vhigh_Ar2_UNC158,2,2,high,6,1.58,14.96655,3.18676,0.01448,8.23368,0.36405,0.74168,0.46
12_Ar2_Vhigh_Ac2/Rp07_Ac2_Vhigh_Ar2_UNC127,2,2,high,7,1.27,14.96642,2.85859,0.01615,7.89994,0.34023,0.7032,0.42222
12_Ar2_Vhigh_Ac2/Rp08_Ac2_Vhigh_Ar2_UNC099,2,2,high,8,0.99,14.96679,2.9576,0.01398,8.06675,0.35486,0.70702,0.44
12_Ar2_Vhigh_Ac2/Rp09_Ac2_Vhigh_Ar2_UNC130,2,2,high,9,1.3,14.96647,2.80939,0.01664,7.73322,0.34376,0.68253,0.41778
12_Ar2_Vhigh_Ac2/Rp10_Ac2_Vhigh_Ar2_UNC106,2,2,high,10,1.06,14.9667,3.1534,0.01468,8.16638,0.35499,0.77836,0.44444
12_Ar2_Vhigh_Ac2/Rp11_Ac2_Vhigh_Ar2_UNC119,2,2,high,11,1.19,14.96654,2.9209,0.01378,7.90008,0.3522,0.67822,0.43778
12_Ar2_Vhigh_Ac2/Rp12_Ac2_Vhigh_Ar2_UNC172,2,2,high,12,1.72,14.96712,3.24332,0.01366,8.06651,0.38913,0.77187,0.45333
12_Ar2_Vhigh_Ac2/Rp13_Ac2_Vhigh_Ar2_UNC145,2,2,high,13,1.45,14.96676,3.00393,0.01479,8.13314,0.34838,0.71564,0.44222
12_Ar2_Vhigh_Ac2/Rp14_Ac2_Vhigh_Ar2_UNC144,2,2,high,14,1.44,14.9669,3.21086,0.01276,8.20009,0.38082,0.72919,0.45778
12_Ar2_Vhigh_Ac2/Rp15_Ac2_Vhigh_Ar2_UNC184,2,2,high,15,1.84,14.96653,2.99593,0.01791,7.8665,0.37374,0.71225,0.43556
12_Ar2_Vhigh_Ac2/Rp16_Ac2_Vhigh_Ar2_UNC164,2,2,high,16,1.64,14.96702,3.09834,0.01453,7.99991,0.37292,0.7326,0.44222
12_Ar2_Vhigh_Ac2/Rp17_Ac2_Vhigh_Ar2_UNC256,2,2,high,17,2.56,14.96664,3.05991,0.01451,8.0334,0.363,0.73185,0.44889
12_Ar2_Vhigh_Ac2/Rp18_Ac2_Vhigh_Ar2_UNC232,2,2,high,18,2.32,14.96653,2.88287,0.01343,7.99987,0.36216,0.6558,0.44222
12_Ar2_Vhigh_Ac2/Rp19_Ac2_Vhigh_Ar2_UNC172,2,2,high,19,1.72,14.96666,3.04665,0.01331,8.19977,0.34532,0.72411,0.44889
12_Ar2_Vhigh_Ac2/Rp20_Ac2_Vhigh_Ar2_UNC305,2,2,high,20,3.05,14.96714,3.08387,0.0168,8.1665,0.37136,0.72251,0.44
12_Ar2_Vhigh_Ac2/Rp21_Ac2_Vhigh_Ar2_UNC126,2,2,high,21,1.26,14.96653,3.05132,0.01291,8.2338,0.33936,0.75327,0.44667
12_Ar2_Vhigh_Ac2/Rp22_Ac2_Vhigh_Ar2_UNC098,2,2,high,22,0.98,14.96649,3.16387,0.01488,8.46697,0.36146,0.71257,0.45778
12_Ar2_Vhigh_Ac2/Rp23_Ac2_Vhigh_Ar2_UNC136,2,2,high,23,1.36,14.96664,3.01238,0.01742,8.20009,0.34266,0.70959,0.44444
12_Ar2_Vhigh_Ac2/Rp24_Ac2_Vhigh_Ar2_UNC122,2,2,high,24,1.22,14.96683,3.20443,0.0148,8.26693,0.36039,0.7398,0.46667
12_Ar2_Vhigh_Ac2/Rp25_Ac2_Vhigh_Ar2_UNC137,2,2,high,25,1.37,14.96668,3.07027,0.01474,8.23353,0.34479,0.73,0.45111
12_Ar2_Vhigh_Ac2/Rp26_Ac2_Vhigh_Ar2_UNC064,2,2,high,26,0.64,14.9666,3.03386,0.0154,8.16631,0.36746,0.67869,0.45333
12_Ar2_Vhigh_Ac2/Rp27_Ac2_Vhigh_Ar2_UNC206,2,2,high,27,2.06,14.96662,3.17119,0.01504,8.39975,0.35954,0.72738,0.46444
12_Ar2_Vhigh_Ac2/Rp28_Ac2_Vhigh_Ar2_UNC319,2,2,high,28,3.19,14.96647,2.73045,0.0185,7.69974,0.34089,0.66165,0.41778
12_Ar2_Vhigh_Ac2/Rp29_Ac2_Vhigh_Ar2_UNC201,2,2,high,29,2.01,14.96662,2.93498,0.01337,7.99969,0.34374,0.69938,0.43778
12_Ar2_Vhigh_Ac2/Rp30_Ac2_Vhigh_Ar2_UNC081,2,2,high,30,0.81,14.96638,2.86329,0.0127,7.86681,0.34825,0.68011,0.43111
12_Ar2_Vhigh_Ac2/Rp31_Ac2_Vhigh_Ar2_UNC164,2,2,high,31,1.64,14.9664,2.71897,0.01643,7.63361,0.34815,0.65533,0.41556
12_Ar2_Vhigh_Ac2/Rp32_Ac2_Vhigh_Ar2_UNC130,2,2,high,32,1.3,14.96686,3.2305,0.01381,8.4326,0.35897,0.7521,0.46889
12_Ar2_Vhigh_Ac2/Rp33_Ac2_Vhigh_Ar2_UNC154,2,2,high,33,1.54,14.96652,2.90929,0.01434,8.19957,0.33569,0.67286,0.44
12_Ar2_Vhigh_Ac2/Rp34_Ac2_Vhigh_Ar2_UNC140,2,2,high,34,1.4,14.96669,3.30748,0.01519,8.5336,0.36441,0.75225,0.46889
12_Ar2_Vhigh_Ac2/Rp35_Ac2_Vhigh_Ar2_UNC201,2,2,high,35,2.01,14.96645,3.04017,0.01566,8.10002,0.3583,0.71205,0.44
13_Ar2_Vhigh_Ac3/Rp01_Ac3_Vhigh_Ar2_UNC336,3,2,high,1,3.36,14.96678,3.28093,0.01669,8.99998,0.3458,0.70313,0.49778
13_Ar2_Vhigh_Ac3/Rp02_Ac3_Vhigh_Ar2_UNC101,3,2,high,2,1.01,14.9665,3.46215,0.01614,9.23317,0.35836,0.69934,0.51778
13_Ar2_Vhigh_Ac3/Rp03_Ac3_Vhigh_Ar2_UNC164,3,2,high,3,1.64,14.96675,3.48375,0.01894,9.10048,0.36592,0.73466,0.52222
13_Ar2_Vhigh_Ac3/Rp04_Ac3_Vhigh_Ar2_UNC370,3,2,high,4,3.7,14.96699,3.57594,0.0168,9.33345,0.36664,0.7783,0.52444
13_Ar2_Vhigh_Ac3/Rp05_Ac3_Vhigh_Ar2_UNC137,3,2,high,5,1.37,14.96639,3.34998,0.01385,8.8336,0.36129,0.72351,0.50667
13_Ar2_Vhigh_Ac3/Rp06_Ac3_Vhigh_Ar2_UNC222,3,2,high,6,2.22,14.967,3.35301,0.01415,8.86654,0.36145,0.71715,0.50889
13_Ar2_Vhigh_Ac3/Rp07_Ac3_Vhigh_Ar2_UNC220,3,2,high,7,2.2,14.96661,3.24188,0.0156,8.83365,0.34944,0.71472,0.49333
13_Ar2_Vhigh_Ac3/Rp08_Ac3_Vhigh_Ar2_UNC415,3,2,high,8,4.15,14.96636,3.35248,0.01477,9.00008,0.36006,0.66252,0.51556
13_Ar2_Vhigh_Ac3/Rp09_Ac3_Vhigh_Ar2_UNC258,3,2,high,9,2.58,14.96664,3.0156,0.01602,8.46681,0.35103,0.64851,0.48
13_Ar2_Vhigh_Ac3/Rp10_Ac3_Vhigh_Ar2_UNC223,3,2,high,10,2.23,14.96676,3.78713,0.01651,9.70054,0.38227,0.75051,0.54889
13_Ar2_Vhigh_Ac3/Rp11_Ac3_Vhigh_Ar2_UNC318,3,2,high,11,3.18,14.96661,3.63673,0.01437,9.46696,0.36317,0.73039,0.53333
13_Ar2_Vhigh_Ac3/Rp12_Ac3_Vhigh_Ar2_UNC077,3,2,high,12,0.77,14.96683,3.5661,0.01673,9.19998,0.37394,0.7339,0.52889
13_Ar2_Vhigh_Ac3/Rp13_Ac3_Vhigh_Ar2_UNC161,3,2,high,13,1.61,14.96677,3.56663,0.01482,9.23315,0.37,0.74266,0.52889
13_Ar2_Vhigh_Ac3/Rp14_Ac3_Vhigh_Ar2_UNC187,3,2,high,14,1.87,14.96651,3.82705,0.01608,9.63304,0.38335,0.78471,0.54222
13_Ar2_Vhigh_Ac3/Rp15_Ac3_Vhigh_Ar2_UNC387,3,2,high,15,3.87,14.96667,3.38253,0.01664,8.89931,0.37256,0.70337,0.51333
13_Ar2_Vhigh_Ac3/Rp16_Ac3_Vhigh_Ar2_UNC135,3,2,high,16,1.35,14.96634,3.69532,0.01467,9.39964,0.38237,0.70464,0.54667
13_Ar2_Vhigh_Ac3/Rp17_Ac3_Vhigh_Ar2_UNC317,3,2,high,17,3.17,14.96656,3.47162,0.02081,8.96644,0.37443,0.74706,0.51333
13_Ar2_Vhigh_Ac3/Rp18_Ac3_Vhigh_Ar2_UNC127,3,2,high,18,1.27,14.9668,3.80061,0.0159,9.66705,0.38925,0.74134,0.54667
13_Ar2_Vhigh_Ac3/Rp19_Ac3_Vhigh_Ar2_UNC227,3,2,high,19,2.27,14.96666,3.86406,0.01455,9.53323,0.39571,0.79027,0.55556
13_Ar2_Vhigh_Ac3/Rp20_Ac3_Vhigh_Ar2_UNC217,3,2,high,20,2.17,14.9667,3.53334,0.01801,9.26667,0.37877,0.73359,0.52
13_Ar2_Vhigh_Ac3/Rp21_Ac3_Vhigh_Ar2_UNC229,3,2,high,21,2.29,14.96648,3.72957,0.01472,9.53344,0.38494,0.73177,0.54444
13_Ar2_Vhigh_Ac3/Rp22_Ac3_Vhigh_Ar2_UNC128,3,2,high,22,1.28,14.96655,3.63304,0.01617,9.23264,0.3833,0.73201,0.53556
13_Ar2_Vhigh_Ac3/Rp23_Ac3_Vhigh_Ar2_UNC441,3,2,high,23,4.41,14.96691,3.30374,0.01576,8.79972,0.37017,0.70493,0.49333
13_Ar2_Vhigh_Ac3/Rp24_Ac3_Vhigh_Ar2_UNC187,3,2,high,24,1.87,14.9666,3.35633,0.01753,9.03331,0.3527,0.72448,0.50667
13_Ar2_Vhigh_Ac3/Rp25_Ac3_Vhigh_Ar2_UNC133,3,2,high,25,1.33,14.9668,3.14927,0.01573,8.8672,0.35413,0.65976,0.49556
13_Ar2_Vhigh_Ac3/Rp26_Ac3_Vhigh_Ar2_UNC165,3,2,high,26,1.65,14.96643,3.75981,0.01663,9.39985,0.37225,0.76972,0.53778
13_Ar2_Vhigh_Ac3/Rp27_Ac3_Vhigh_Ar2_UNC121,3,2,high,27,1.21,14.96672,3.24086,0.01667,8.76635,0.34808,0.70526,0.49556
13_Ar2_Vhigh_Ac3/Rp28_Ac3_Vhigh_Ar2_UNC105,3,2,high,28,1.05,14.96677,3.53713,0.01671,9.30015,0.37269,0.72487,0.52667
13_Ar2_Vhigh_Ac3/Rp29_Ac3_Vhigh_Ar2_UNC157,3,2,high,29,1.57,14.96651,3.74091,0.01631,9.63312,0.37842,0.73365,0.54222
13_Ar2_Vhigh_Ac3/Rp30_Ac3_Vhigh_Ar2_UNC389,3,2,high,30,3.89,14.96651,3.52725,0.01581,9.09944,0.36989,0.77304,0.52
13_Ar2_Vhigh_Ac3/Rp31_Ac3_Vhigh_Ar2_UNC380,3,2,high,31,3.8,14.96659,3.51988,0.01595,9.36614,0.35796,0.72956,0.52222
13_Ar2_Vhigh_Ac3/Rp32_Ac3_Vhigh_Ar2_UNC236,3,2,high,32,2.36,14.96665,3.72793,0.01825,9.36637,0.37738,0.75418,0.53111
13_Ar2_Vhigh_Ac3/Rp33_Ac3_Vhigh_Ar2_UNC091,3,2,high,33,0.91,14.96645,3.36253,0.01807,9.13331,0.35194,0.70394,0.51111
13_Ar2_Vhigh_Ac3/Rp34_Ac3_Vhigh_Ar2_UNC362,3,2,high,34,3.62,14.96673,3.54733,0.01514,9.29983,0.36496,0.73947,0.52444
13_Ar2_Vhigh_Ac3/Rp35_Ac3_Vhigh_Ar2_UNC081,3,2,high,35,0.81,14.96651,3.54011,0.01499,9.10023,0.38559,0.71656,0.52444
13_Ar2_Vhigh_Ac3/Rp36_Ac3_Vhigh_Ar2_UNC262,3,2,high,36,2.62,14.96656,3.22787,0.01619,8.96673,0.36311,0.67307,0.49333
13_Ar2_Vhigh_Ac3/Rp37_Ac3_Vhigh_Ar2_UNC120,3,2,high,37,1.2,14.96675,3.48805,0.01773,9.23377,0.35881,0.72614,0.52
14_Ar2_Vhigh_Ac4/Rp01_Ac4_Vhigh_Ar2_UNC294,4,2,high,1,2.94,14.9666,2.97111,0.01263,7.63326,0.37105,0.83109,0.41556
14_Ar2_Vhigh_Ac4/Rp02_Ac4_Vhigh_Ar2_UNC059,4,2,high,2,0.59,14.96674,2.75128,0.01309,7.36715,0.35409,0.76963,0.4
14_Ar2_Vhigh_Ac4/Rp03_Ac4_Vhigh_Ar2_UNC082,4,2,high,3,0.82,14.96663,2.8154,0.01383,7.4995,0.34702,0.83389,0.40222
14_Ar2_Vhigh_Ac4/Rp04_Ac4_Vhigh_Ar2_UNC175,4,2,high,4,1.75,14.96674,2.76176,0.0126,7.4337,0.36782,0.75878,0.39778
14_Ar2_Vhigh_Ac4/Rp05_Ac4_Vhigh_Ar2_UNC201,4,2,high,5,2.01,14.96654,3.10345,0.01468,7.80003,0.35443,0.9053,0.41111
14_Ar2_Vhigh_Ac4/Rp06_Ac4_Vhigh_Ar2_UNC109,4,2,high,6,1.09,14.96676,2.85825,0.01401,7.69971,0.34196,0.80969,0.40889
14_Ar2_Vhigh_Ac4/Rp07_Ac4_Vhigh_Ar2_UNC167,4,2,high,7,1.67,14.96649,2.70067,0.01329,7.2662,0.33714,0.76161,0.39556
14_Ar2_Vhigh_Ac4/Rp08_Ac4_Vhigh_Ar2_UNC082,4,2,high,8,0.82,14.96679,2.62691,0.01437,7.43351,0.35745,0.72209,0.39778
14_Ar2_Vhigh_Ac4/Rp09_Ac4_Vhigh_Ar2_UNC110,4,2,high,9,1.1,14.96667,2.72054,0.01271,7.29985,0.35279,0.77806,0.4
14_Ar2_Vhigh_Ac4/Rp10_Ac4_Vhigh_Ar2_UNC179,4,2,high,10,1.79,14.96673,2.85418,0.01393,7.63333,0.34457,0.80763,0.4
14_Ar2_Vhigh_Ac4/Rp11_Ac4_Vhigh_Ar2_UNC219,4,2,high,11,2.19,14.96642,2.75952,0.01557,7.59939,0.33499,0.78637,0.4
14_Ar2_Vhigh_Ac4/Rp12_Ac4_Vhigh_Ar2_UNC132,4,2,high,12,1.32,14.96635,2.76168,0.01353,7.2667,0.34031,0.91982,0.39556
14_Ar2_Vhigh_Ac4/Rp13_Ac4_Vhigh_Ar2_UNC235,4,2,high,13,2.35,14.9668,2.95307,0.0125,7.59992,0.34655,0.9025,0.40667
14_Ar2_Vhigh_Ac4/Rp14_Ac4_Vhigh_Ar2_UNC132,4,2,high,14,1.32,14.96641,2.7047,0.01382,7.43303,0.33255,0.78024,0.39556
14_Ar2_Vhigh_Ac4/Rp15_Ac4_Vhigh_Ar2_UNC065,4,2,high,15,0.65,14.96683,2.58006,0.01343,7.50053,0.34367,0.71155,0.39556
14_Ar2_Vhigh_Ac4/Rp16_Ac4_Vhigh_Ar2_UNC197,4,2,high,16,1.97,14.96645,2.44149,0.01343,7.29977,0.32519,0.66371,0.38444
14_Ar2_Vhigh_Ac4/Rp17_Ac4_Vhigh_Ar2_UNC250,4,2,high,17,2.5,14.96649,2.73973,0.01129,7.53361,0.35584,0.74482,0.4
14_Ar2_Vhigh_Ac4/Rp18_Ac4_Vhigh_Ar2_UNC079,4,2,high,18,0.79,14.96689,2.54438,0.0137,7.46663,0.33791,0.69718,0.39111
14_Ar2_Vhigh_Ac4/Rp19_Ac4_Vhigh_Ar2_UNC070,4,2,high,19,0.7,14.96629,2.95382,0.01299,7.70001,0.35652,0.82887,0.40444
14_Ar2_Vhigh_Ac4/Rp20_Ac4_Vhigh_Ar2_UNC251,4,2,high,20,2.51,14.96644,2.43522,0.01535,7.36684,0.33515,0.65173,0.38667
14_Ar2_Vhigh_Ac4/Rp21_Ac4_Vhigh_Ar2_UNC136,4,2,high,21,1.36,14.96694,2.67049,0.01513,7.4995,0.33685,0.76989,0.39556
14_Ar2_Vhigh_Ac4/Rp22_Ac4_Vhigh_Ar2_UNC259,4,2,high,22,2.59,14.96674,2.75634,0.01238,7.40012,0.34453,0.79125,0.4
14_Ar2_Vhigh_Ac4/Rp23_Ac4_Vhigh_Ar2_UNC294,4,2,high,23,2.94,14.96683,2.98878,0.01297,7.60005,0.34606,0.92358,0.41111
14_Ar2_Vhigh_Ac4/Rp24_Ac4_Vhigh_Ar2_UNC122,4,2,high,24,1.22,14.96649,2.94005,0.01235,7.60011,0.36055,0.86474,0.40667
14_Ar2_Vhigh_Ac4/Rp25_Ac4_Vhigh_Ar2_UNC270,4,2,high,25,2.7,14.96651,2.63251,0.01317,7.13366,0.36215,0.72217,0.39111
14_Ar2_Vhigh_Ac4/Rp26_Ac4_Vhigh_Ar2_UNC134,4,2,high,26,1.34,14.96674,2.53461,0.01225,7.40011,0.34115,0.70332,0.39333
14_Ar2_Vhigh_Ac4/Rp27_Ac4_Vhigh_Ar2_UNC179,4,2,high,27,1.79,14.96675,2.80626,0.01428,7.3666,0.34888,0.92871,0.4
14_Ar2_Vhigh_Ac4/Rp28_Ac4_Vhigh_Ar2_UNC095,4,2,high,28,0.95,14.96672,2.88697,0.01401,7.7003,0.34313,0.86069,0.40667
14_Ar2_Vhigh_Ac4/Rp29_Ac4_Vhigh_Ar2_UNC228,4,2,high,29,2.28,14.96681,2.95507,0.01164,7.56674,0.35709,0.83997,0.40889
14_Ar2_Vhigh_Ac4/Rp30_Ac4_Vhigh_Ar2_UNC250,4,2,high,30,2.5,14.96647,2.56992,0.01543,7.43314,0.34351,0.70613,0.39333
14_Ar2_Vhigh_Ac4/Rp31_Ac4_Vhigh_Ar2_UNC202,4,2,high,31,2.02,14.96662,2.67889,0.01364,7.16675,0.3677,0.74062,0.39333
14_Ar2_Vhigh_Ac4/Rp32_Ac4_Vhigh_Ar2_UNC038,4,2,high,32,0.38,14.96665,2.72737,0.01278,7.26609,0.36634,0.76167,0.39778
14_Ar2_Vhigh_Ac4/Rp33_Ac4_Vhigh_Ar2_UNC187,4,2,high,33,1.87,14.96664,2.72203,0.01268,7.59995,0.33622,0.73809,0.4
14_Ar2_Vhigh_Ac4/Rp34_Ac4_Vhigh_Ar2_UNC214,4,2,high,34,2.14,14.96641,3.00823,0.01399,7.66703,0.36224,0.92915,0.40667
15_Ar2_Vhigh_Ac5/Rp01_Ac5_Vhigh_Ar2_UNC197,5,2,high,1,1.97,14.96644,2.82546,0.01563,8.06633,0.3303,0.69388,0.42889
15_Ar2_Vhigh_Ac5/Rp02_Ac5_Vhigh_Ar2_UNC279,5,2,high,2,2.79,14.96694,3.06546,0.01302,8.29976,0.35086,0.71858,0.45111
15_Ar2_Vhigh_Ac5/Rp03_Ac5_Vhigh_Ar2_UNC144,5,2,high,3,1.44,14.96648,3.21908,0.01206,8.60018,0.34271,0.76515,0.47111
15_Ar2_Vhigh_Ac5/Rp04_Ac5_Vhigh_Ar2_UNC189,5,2,high,4,1.89,14.96651,2.96571,0.01396,8.16657,0.33096,0.73814,0.44444
15_Ar2_Vhigh_Ac5/Rp05_Ac5_Vhigh_Ar2_UNC153,5,2,high,5,1.53,14.96695,2.90333,0.01365,8.1337,0.34667,0.67249,0.43778
15_Ar2_Vhigh_Ac5/Rp06_Ac5_Vhigh_Ar2_UNC108,5,2,high,6,1.08,14.96654,3.10768,0.01478,8.4331,0.33829,0.70181,0.46222
15_Ar2_Vhigh_Ac5/Rp07_Ac5_Vhigh_Ar2_UNC205,5,2,high,7,2.05,14.96672,3.05906,0.01464,8.13341,0.35423,0.71179,0.44
15_Ar2_Vhigh_Ac5/Rp08_Ac5_Vhigh_Ar2_UNC077,5,2,high,8,0.77,14.9666,2.95027,0.01385,8.23299,0.33125,0.70604,0.45333
15_Ar2_Vhigh_Ac5/Rp09_Ac5_Vhigh_Ar2_UNC135,5,2,high,9,1.35,14.96634,3.15834,0.01437,8.36653,0.36139,0.7109,0.45556
15_Ar2_Vhigh_Ac5/Rp10_Ac5_Vhigh_Ar2_UNC265,5,2,high,10,2.65,14.96662,3.18313,0.01418,8.3328,0.36193,0.72973,0.45778
15_Ar2_Vhigh_Ac5/Rp11_Ac5_Vhigh_Ar2_UNC230,5,2,high,11,2.3,14.96676,3.06183,0.0146,8.39967,0.34923,0.71669,0.45333
15_Ar2_Vhigh_Ac5/Rp12_Ac5_Vhigh_Ar2_UNC174,5,2,high,12,1.74,14.96647,3.03839,0.01163,8.36644,0.34017,0.70607,0.45111
15_Ar2_Vhigh_Ac5/Rp13_Ac5_Vhigh_Ar2_UNC158,5,2,high,13,1.58,14.96653,3.01741,0.01398,8.23331,0.33242,0.76118,0.44667
15_Ar2_Vhigh_Ac5/Rp14_Ac5_Vhigh_Ar2_UNC110,5,2,high,14,1.1,14.9669,3.18127,0.01334,8.50037,0.34673,0.73246,0.45778
15_Ar2_Vhigh_Ac5/Rp15_Ac5_Vhigh_Ar2_UNC076,5,2,high,15,0.76,14.96683,2.98092,0.01357,8.23323,0.3432,0.72426,0.44222
15_Ar2_Vhigh_Ac5/Rp16_Ac5_Vhigh_Ar2_UNC109,5,2,high,16,1.09,14.96641,2.93592,0.01362,8.16673,0.32725,0.73316,0.44222
15_Ar2_Vhigh_Ac5/Rp17_Ac5_Vhigh_Ar2_UNC315,5,2,high,17,3.15,14.96682,3.24032,0.01406,8.63307,0.34745,0.78798,0.47778
15_Ar2_Vhigh_Ac5/Rp18_Ac5_Vhigh_Ar2_UNC098,5,2,high,18,0.98,14.96682,2.8352,0.01304,8.06669,0.33161,0.68088,0.43333
15_Ar2_Vhigh_Ac5/Rp19_Ac5_Vhigh_Ar2_UNC096,5,2,high,19,0.96,14.96651,3.11273,0.0149,8.50001,0.34777,0.70879,0.46
15_Ar2_Vhigh_Ac5/Rp20_Ac5_Vhigh_Ar2_UNC209,5,2,high,20,2.09,14.96667,3.01646,0.01475,8.1999,0.3485,0.70687,0.44667
15_Ar2_Vhigh_Ac5/Rp21_Ac5_Vhigh_Ar2_UNC403,5,2,high,21,4.03,14.96674,3.2872,0.01268,8.63363,0.35203,0.7717,0.47556
15_Ar2_Vhigh_Ac5/Rp22_Ac5_Vhigh_Ar2_UNC234,5,2,high,22,2.34,14.96668,3.29447,0.01292,8.63401,0.34852,0.78088,0.47778
15_Ar2_Vhigh_Ac5/Rp23_Ac5_Vhigh_Ar2_UNC139,5,2,high,23,1.39,14.96654,2.85142,0.01657,8.03306,0.32397,0.73137,0.43778
15_Ar2_Vhigh_Ac5/Rp24_Ac5_Vhigh_Ar2_UNC060,5,2,high,24,0.6,14.96697,2.94644,0.01534,8.19991,0.34562,0.71721,0.44222
15_Ar2_Vhigh_Ac5/Rp25_Ac5_Vhigh_Ar2_UNC172,5,2,high,25,1.72,14.96686,3.01002,0.01313,8.19979,0.35791,0.67585,0.44667
15_Ar2_Vhigh_Ac5/Rp26_Ac5_Vhigh_Ar2_UNC072,5,2,high,26,0.72,14.96665,3.22231,0.01463,8.46689,0.3587,0.74062,0.45556
15_Ar2_Vhigh_Ac5/Rp27_Ac5_Vhigh_Ar2_UNC068,5,2,high,27,0.68,14.96631,3.00441,0.01562,8.33345,0.34952,0.67696,0.45111
15_Ar2_Vhigh_Ac5/Rp28_Ac5_Vhigh_Ar2_UNC100,5,2,high,28,1.0,14.96651,2.92929,0.01598,8.16662,0.34229,0.70443,0.44444
15_Ar2_Vhigh_Ac5/Rp29_Ac5_Vhigh_Ar2_UNC127,5,2,high,29,1.27,14.96666,3.08461,0.01503,8.4001,0.345,0.6975,0.46
15_Ar2_Vhigh_Ac5/Rp30_Ac5_Vhigh_Ar2_UNC295,5,2,high,30,2.95,14.96669,3.14014,0.01483,8.33365,0.35804,0.73526,0.46
15_Ar2_Vhigh_Ac5/Rp31_Ac5_Vhigh_Ar2_UNC085,5,2,high,31,0.85,14.96671,2.93804,0.01484,8.16628,0.33088,0.71976,0.44222
15_Ar2_Vhigh_Ac5/Rp32_Ac5_Vhigh_Ar2_UNC076,5,2,high,32,0.76,14.96699,3.2291,0.0135,8.63349,0.35295,0.7366,0.46667
15_Ar2_Vhigh_Ac5/Rp33_Ac5_Vhigh_Ar2_UNC347,5,2,high,33,3.47,14.96677,3.15707,0.01524,8.33339,0.35306,0.70935,0.46889
15_Ar2_Vhigh_Ac5/Rp34_Ac5_Vhigh_Ar2_UNC194,5,2,high,34,1.94,14.96651,2.96186,0.01356,8.23355,0.34964,0.70134,0.44667
15_Ar2_Vhigh_Ac5/Rp35_Ac5_Vhigh_Ar2_UNC223,5,2,high,35,2.23,14.96683,2.90863,0.01498,8.23353,0.32471,0.66828,0.45333
15_Ar2_Vhigh_Ac5/Rp36_Ac5_Vhigh_Ar2_UNC263,5,2,high,36,2.63,14.96707,3.24671,0.01292,8.66693,0.34672,0.73074,0.47556
15_Ar2_Vhigh_Ac5/Rp37_Ac5_Vhigh_Ar2_UNC257,5,2,high,37,2.57,14.96676,2.9144,0.01492,8.09981,0.3385,0.72975,0.43556
15_Ar2_Vhigh_Ac5/Rp38_Ac5_Vhigh_Ar2_UNC190,5,2,high,38,1.9,14.96689,2.77055,0.01324,7.93276,0.34676,0.67212,0.42222
15_Ar2_Vhigh_Ac5/Rp39_Ac5_Vhigh_Ar2_UNC134,5,2,high,39,1.34,14.96708,3.01966,0.01366,8.16643,0.34684,0.69316,0.44444
15_Ar2_Vhigh_Ac5/Rp40_Ac5_Vhigh_Ar2_UNC290,5,2,high,40,2.9,14.96679,3.34677,0.01203,8.66645,0.36827,0.79109,0.48
15_Ar2_Vhigh_Ac5/Rp41_Ac5_Vhigh_Ar2_UNC131,5,2,high,41,1.31,14.96646,3.01446,0.01452,8.26619,0.33443,0.73944,0.44889
15_Ar2_Vhigh_Ac5/Rp42_Ac5_Vhigh_Ar2_UNC325,5,2,high,42,3.25,14.96672,3.3641,0.01283,8.66679,0.36188,0.75271,0.47778
15_Ar2_Vhigh_Ac5/Rp43_Ac5_Vhigh_Ar2_UNC270,5,2,high,43,2.7,14.96674,3.15024,0.01574,8.50046,0.35195,0.73582,0.46
15_Ar2_Vhigh_Ac5/Rp44_Ac5_Vhigh_Ar2_UNC131,5,2,high,44,1.31,14.96647,3.02909,0.0146,8.29989,0.34717,0.71824,0.44889
16_Ar2_Vhigh_Ac6/Rp01_Ac6_Vhigh_Ar2_UNC344,6,2,high,1,3.44,14.96671,2.79725,0.01469,7.76695,0.32602,0.71759,0.40889
16_Ar2_Vhigh_Ac6/Rp02_Ac6_Vhigh_Ar2_UNC246,6,2,high,2,2.46,14.96655,2.6983,0.0154,7.63305,0.34181,0.68399,0.4
16_Ar2_Vhigh_Ac6/Rp03_Ac6_Vhigh_Ar2_UNC066,6,2,high,3,0.66,14.96686,3.09196,0.01871,8.23296,0.3376,0.73224,0.44222
16_Ar2_Vhigh_Ac6/Rp04_Ac6_Vhigh_Ar2_UNC143,6,2,high,4,1.43,14.9667,3.18733,0.01782,8.29948,0.35284,0.72978,0.44889
16_Ar2_Vhigh_Ac6/Rp05_Ac6_Vhigh_Ar2_UNC275,6,2,high,5,2.75,14.96633,3.08947,0.01593,8.16632,0.35751,0.70274,0.43111
16_Ar2_Vhigh_Ac6/Rp06_Ac6_Vhigh_Ar2_UNC218,6,2,high,6,2.18,14.96666,2.9743,0.01291,7.93312,0.34102,0.74961,0.42
16_Ar2_Vhigh_Ac6/Rp07_Ac6_Vhigh_Ar2_UNC227,6,2,high,7,2.27,14.96664,3.30259,0.01256,8.20036,0.36621,0.83612,0.44222
16_Ar2_Vhigh_Ac6/Rp08_Ac6_Vhigh_Ar2_UNC139,6,2,high,8,1.39,14.96658,3.07377,0.01632,8.16688,0.34931,0.72831,0.43333
16_Ar2_Vhigh_Ac6/Rp09_Ac6_Vhigh_Ar2_UNC112,6,2,high,9,1.12,14.96662,3.22093,0.01412,7.99992,0.36741,0.81365,0.42
16_Ar2_Vhigh_Ac6/Rp10_Ac6_Vhigh_Ar2_UNC226,6,2,high,10,2.26,14.96659,3.08083,0.01746,8.13353,0.35426,0.74426,0.43111
16_Ar2_Vhigh_Ac6/Rp11_Ac6_Vhigh_Ar2_UNC110,6,2,high,11,1.1,14.96665,3.35573,0.01357,8.2665,0.35867,0.8452,0.44222
16_Ar2_Vhigh_Ac6/Rp12_Ac6_Vhigh_Ar2_UNC122,6,2,high,12,1.22,14.96684,3.08743,0.01515,7.96631,0.35388,0.78802,0.42444
16_Ar2_Vhigh_Ac6/Rp13_Ac6_Vhigh_Ar2_UNC215,6,2,high,13,2.15,14.96677,3.31287,0.01534,8.43302,0.35895,0.75678,0.45333
16_Ar2_Vhigh_Ac6/Rp14_Ac6_Vhigh_Ar2_UNC112,6,2,high,14,1.12,14.96648,3.26006,0.01505,8.03308,0.37661,0.84064,0.42889
16_Ar2_Vhigh_Ac6/Rp15_Ac6_Vhigh_Ar2_UNC164,6,2,high,15,1.64,14.96732,3.34737,0.01478,8.06619,0.37604,0.83762,0.42889
16_Ar2_Vhigh_Ac6/Rp16_Ac6_Vhigh_Ar2_UNC324,6,2,high,16,3.24,14.96718,2.85891,0.01582,7.83322,0.35345,0.68369,0.41778
16_Ar2_Vhigh_Ac6/Rp17_Ac6_Vhigh_Ar2_UNC238,6,2,high,17,2.38,14.96582,3.03216,0.01689,7.96693,0.3385,0.75552,0.43111
16_Ar2_Vhigh_Ac6/Rp18_Ac6_Vhigh_Ar2_UNC103,6,2,high,18,1.03,14.96656,3.18435,0.01507,8.1336,0.35436,0.79023,0.44667
16_Ar2_Vhigh_Ac6/Rp19_Ac6_Vhigh_Ar2_UNC079,6,2,high,19,0.79,14.96688,3.14889,0.01742,8.16685,0.35615,0.74533,0.43778
16_Ar2_Vhigh_Ac6/Rp20_Ac6_Vhigh_Ar2_UNC184,6,2,high,20,1.84,14.96637,3.26104,0.01396,8.26691,0.36525,0.80204,0.44222
16_Ar2_Vhigh_Ac6/Rp21_Ac6_Vhigh_Ar2_UNC105,6,2,high,21,1.05,14.96641,3.12804,0.01417,8.10036,0.35314,0.80255,0.43333
16_Ar2_Vhigh_Ac6/Rp22_Ac6_Vhigh_Ar2_UNC209,6,2,high,22,2.09,14.9669,3.36579,0.01508,8.26646,0.35872,0.84955,0.44667
16_Ar2_Vhigh_Ac6/Rp23_Ac6_Vhigh_Ar2_UNC339,6,2,high,23,3.39,14.96644,3.40548,0.01406,8.23333,0.37371,0.81884,0.44667
16_Ar2_Vhigh_Ac6/Rp24_Ac6_Vhigh_Ar2_UNC132,6,2,high,24,1.32,14.96689,3.31402,0.0146,8.33282,0.36342,0.79019,0.45111
16_Ar2_Vhigh_Ac6/Rp25_Ac6_Vhigh_Ar2_UNC155,6,2,high,25,1.55,14.96672,3.18693,0.01504,8.16664,0.34504,0.7897,0.44
16_Ar2_Vhigh_Ac6/Rp26_Ac6_Vhigh_Ar2_UNC278,6,2,high,26,2.78,14.96677,3.29952,0.01585,8.26716,0.35272,0.83498,0.44
16_Ar2_Vhigh_Ac6/Rp27_Ac6_Vhigh_Ar2_UNC229,6,2,high,27,2.29,14.96666,2.86482,0.0143,7.83345,0.34464,0.70994,0.41111
16_Ar2_Vhigh_Ac6/Rp28_Ac6_Vhigh_Ar2_UNC160,6,2,high,28,1.6,14.96668,3.2637,0.01693,8.33303,0.35677,0.78789,0.45111
16_Ar2_Vhigh_Ac6/Rp29_Ac6_Vhigh_Ar2_UNC408,6,2,high,29,4.08,14.9665,2.94823,0.01807,7.93357,0.33234,0.75122,0.42444
16_Ar2_Vhigh_Ac6/Rp30_Ac6_Vhigh_Ar2_UNC403,6,2,high,30,4.03,14.96653,3.07073,0.01512,8.03337,0.33648,0.76579,0.42667
16_Ar2_Vhigh_Ac6/Rp31_Ac6_Vhigh_Ar2_UNC153,6,2,high,31,1.53,14.96668,3.11933,0.01488,8.13333,0.35097,0.75138,0.43333
16_Ar2_Vhigh_Ac6/Rp32_Ac6_Vhigh_Ar2_UNC188,6,2,high,32,1.88,14.96671,3.52736,0.01441,8.39994,0.38067,0.82999,0.45333
16_Ar2_Vhigh_Ac6/Rp33_Ac6_Vhigh_Ar2_UNC376,6,2,high,33,3.76,14.96674,2.96428,0.01445,7.79982,0.35668,0.72327,0.41778
16_Ar2_Vhigh_Ac6/Rp34_Ac6_Vhigh_Ar2_UNC315,6,2,high,34,3.15,14.96656,3.28756,0.01419,8.19986,0.36081,0.81419,0.44222
16_Ar2_Vhigh_Ac6/Rp35_Ac6_Vhigh_Ar2_UNC061,6,2,high,35,0.61,14.96666,3.25107,0.01706,8.09952,0.36297,0.80625,0.43556
16_Ar2_Vhigh_Ac6/Rp36_Ac6_Vhigh_Ar2_UNC151,6,2,high,36,1.51,14.9666,2.71825,0.01741,7.76662,0.33009,0.67255,0.41111
16_Ar2_Vhigh_Ac6/Rp37_Ac6_Vhigh_Ar2_UNC102,6,2,high,37,1.02,14.96653,3.11666,0.01914,8.23318,0.3467,0.7323,0.44
16_Ar2_Vhigh_Ac6/Rp38_Ac6_Vhigh_Ar2_UNC385,6,2,high,38,3.85,14.96694,3.04242,0.01321,7.93329,0.34532,0.77459,0.41778
16_Ar2_Vhigh_Ac6/Rp39_Ac6_Vhigh_Ar2_UNC080,6,2,high,39,0.8,14.9668,3.30955,0.01285,8.19907,0.36764,0.78684,0.43778
17_Ar2_Vhigh_Ac7/Rp01_Ac7_Vhigh_Ar2_UNC072,7,2,high,1,0.72,14.96687,2.31645,0.01064,5.73345,0.37473,0.8661,0.26444
17_Ar2_Vhigh_Ac7/Rp02_Ac7_Vhigh_Ar2_UNC282,7,2,high,2,2.82,14.96681,2.15925,0.00895,5.5999,0.36227,0.75054,0.26
17_Ar2_Vhigh_Ac7/Rp03_Ac7_Vhigh_Ar2_UNC100,7,2,high,3,1.0,14.9668,2.08408,0.00846,5.56671,0.36757,0.74261,0.25556
17_Ar2_Vhigh_Ac7/Rp04_Ac7_Vhigh_Ar2_UNC300,7,2,high,4,3.0,14.96642,1.95289,0.00875,5.40023,0.33989,0.74626,0.24444
17_Ar2_Vhigh_Ac7/Rp05_Ac7_Vhigh_Ar2_UNC346,7,2,high,5,3.46,14.96652,2.03337,0.00991,5.36692,0.34004,0.77549,0.24667
17_Ar2_Vhigh_Ac7/Rp06_Ac7_Vhigh_Ar2_UNC137,7,2,high,6,1.37,14.96677,2.30019,0.00965,5.53329,0.36081,0.87033,0.26444
17_Ar2_Vhigh_Ac7/Rp07_Ac7_Vhigh_Ar2_UNC236,7,2,high,7,2.36,14.96671,1.92588,0.01016,5.29977,0.33389,0.69602,0.24222
17_Ar2_Vhigh_Ac7/Rp08_Ac7_Vhigh_Ar2_UNC113,7,2,high,8,1.13,14.9665,2.01968,0.00943,5.53358,0.36328,0.69922,0.25333
17_Ar2_Vhigh_Ac7/Rp09_Ac7_Vhigh_Ar2_UNC133,7,2,high,9,1.33,14.96642,2.28078,0.01093,5.66653,0.36265,0.91348,0.26
17_Ar2_Vhigh_Ac7/Rp10_Ac7_Vhigh_Ar2_UNC077,7,2,high,10,0.77,14.96667,2.2897,0.01011,5.63346,0.35152,0.955,0.26
17_Ar2_Vhigh_Ac7/Rp11_Ac7_Vhigh_Ar2_UNC072,7,2,high,11,0.72,14.96648,2.35019,0.01042,5.63338,0.38389,0.84121,0.27111
17_Ar2_Vhigh_Ac7/Rp12_Ac7_Vhigh_Ar2_UNC163,7,2,high,12,1.63,14.9666,2.14774,0.00952,5.5666,0.35393,0.83369,0.25556
17_Ar2_Vhigh_Ac7/Rp13_Ac7_Vhigh_Ar2_UNC282,7,2,high,13,2.82,14.96672,2.20842,0.00999,5.50001,0.34534,0.86952,0.25556
17_Ar2_Vhigh_Ac7/Rp14_Ac7_Vhigh_Ar2_UNC236,7,2,high,14,2.36,14.9667,2.32715,0.01088,5.69963,0.36372,0.96,0.26222
17_Ar2_Vhigh_Ac7/Rp15_Ac7_Vhigh_Ar2_UNC130,7,2,high,15,1.3,14.96659,2.11343,0.00996,5.59993,0.36238,0.73136,0.26
17_Ar2_Vhigh_Ac7/Rp16_Ac7_Vhigh_Ar2_UNC280,7,2,high,16,2.8,14.96636,2.15737,0.0102,5.43362,0.34142,0.85722,0.25111
17_Ar2_Vhigh_Ac7/Rp17_Ac7_Vhigh_Ar2_UNC097,7,2,high,17,0.97,14.96703,2.42618,0.00996,5.76719,0.36775,0.96967,0.27111
17_Ar2_Vhigh_Ac7/Rp18_Ac7_Vhigh_Ar2_UNC229,7,2,high,18,2.29,14.96705,2.42219,0.01026,5.7335,0.36401,1.07239,0.26889
17_Ar2_Vhigh_Ac7/Rp19_Ac7_Vhigh_Ar2_UNC397,7,2,high,19,3.97,14.96687,1.95107,0.00871,5.3005,0.33395,0.73106,0.24222
17_Ar2_Vhigh_Ac7/Rp20_Ac7_Vhigh_Ar2_UNC225,7,2,high,20,2.25,14.96644,2.03419,0.00998,5.4334,0.33272,0.85465,0.24
17_Ar2_Vhigh_Ac7/Rp21_Ac7_Vhigh_Ar2_UNC087,7,2,high,21,0.87,14.96674,2.42538,0.0103,5.79983,0.38581,0.92505,0.27333
17_Ar2_Vhigh_Ac7/Rp22_Ac7_Vhigh_Ar2_UNC321,7,2,high,22,3.21,14.96648,2.14291,0.01014,5.43337,0.33987,0.85468,0.25111
17_Ar2_Vhigh_Ac7/Rp23_Ac7_Vhigh_Ar2_UNC091,7,2,high,23,0.91,14.96661,1.83346,0.00939,5.23332,0.32925,0.68004,0.23778
17_Ar2_Vhigh_Ac7/Rp24_Ac7_Vhigh_Ar2_UNC117,7,2,high,24,1.17,14.96681,2.38734,0.01024,5.76678,0.37532,0.93643,0.27111
17_Ar2_Vhigh_Ac7/Rp25_Ac7_Vhigh_Ar2_UNC112,7,2,high,25,1.12,14.96659,2.39848,0.01118,5.76666,0.37275,0.97766,0.26889
17_Ar2_Vhigh_Ac7/Rp26_Ac7_Vhigh_Ar2_UNC119,7,2,high,26,1.19,14.96664,2.33677,0.01046,5.70029,0.36882,0.92741,0.26667
17_Ar2_Vhigh_Ac7/Rp27_Ac7_Vhigh_Ar2_UNC069,7,2,high,27,0.69,14.96584,1.89832,0.00912,5.23332,0.33702,0.722,0.24
17_Ar2_Vhigh_Ac7/Rp28_Ac7_Vhigh_Ar2_UNC283,7,2,high,28,2.83,14.96666,2.13276,0.0091,5.46616,0.35446,0.80052,0.25556
17_Ar2_Vhigh_Ac7/Rp29_Ac7_Vhigh_Ar2_UNC120,7,2,high,29,1.2,14.96702,1.96692,0.0106,5.36683,0.33516,0.7143,0.24444
17_Ar2_Vhigh_Ac7/Rp30_Ac7_Vhigh_Ar2_UNC061,7,2,high,30,0.61,14.96686,2.02648,0.00957,5.43306,0.33462,0.74216,0.24667
17_Ar2_Vhigh_Ac7/Rp31_Ac7_Vhigh_Ar2_UNC184,7,2,high,31,1.84,14.96648,2.34651,0.0094,5.69996,0.38257,0.81515,0.27111
17_Ar2_Vhigh_Ac7/Rp32_Ac7_Vhigh_Ar2_UNC354,7,2,high,32,3.54,14.96675,2.28672,0.00997,5.53326,0.36247,0.89285,0.26222
17_Ar2_Vhigh_Ac7/Rp33_Ac7_Vhigh_Ar2_UNC087,7,2,high,33,0.87,14.96632,2.01706,0.00938,5.43315,0.34472,0.72386,0.24889
17_Ar2_Vhigh_Ac7/Rp34_Ac7_Vhigh_Ar2_UNC092,7,2,high,34,0.92,14.96629,2.34981,0.01019,5.69962,0.36045,1.03152,0.26444
17_Ar2_Vhigh_Ac7/Rp35_Ac7_Vhigh_Ar2_UNC361,7,2,high,35,3.61,14.96654,2.13183,0.00984,5.4333,0.34057,0.82657,0.25111
17_Ar2_Vhigh_Ac7/Rp36_Ac7_Vhigh_Ar2_UNC202,7,2,high,36,2.02,14.96661,2.27265,0.00982,5.56704,0.36512,0.83778,0.26444
17_Ar2_Vhigh_Ac7/Rp37_Ac7_Vhigh_Ar2_UNC334,7,2,high,37,3.34,14.96681,2.2816,0.01015,5.63373,0.35247,0.95287,0.25778
18_Ar2_Vhigh_Ac8/Rp01_Ac8_Vhigh_Ar2_UNC365,8,2,high,1,3.65,14.96675,3.53715,0.01732,9.9334,0.37068,0.70859,0.57556
18_Ar2_Vhigh_Ac8/Rp02_Ac8_Vhigh_Ar2_UNC142,8,2,high,2,1.42,14.96654,3.28704,0.0176,9.36693,0.36045,0.67618,0.54667
18_Ar2_Vhigh_Ac8/Rp03_Ac8_Vhigh_Ar2_UNC151,8,2,high,3,1.51,14.96674,3.84454,0.01959,10.56687,0.3696,0.71825,0.60444
18_Ar2_Vhigh_Ac8/Rp04_Ac8_Vhigh_Ar2_UNC189,8,2,high,4,1.89,14.9664,3.45336,0.01808,9.56643,0.37563,0.71284,0.55778
18_Ar2_Vhigh_Ac8/Rp05_Ac8_Vhigh_Ar2_UNC161,8,2,high,5,1.61,14.96671,3.53891,0.0206,9.93377,0.36627,0.68375,0.56222
18_Ar2_Vhigh_Ac8/Rp06_Ac8_Vhigh_Ar2_UNC098,8,2,high,6,0.98,14.96651,3.70636,0.01906,9.96642,0.38056,0.72679,0.58
18_Ar2_Vhigh_Ac8/Rp07_Ac8_Vhigh_Ar2_UNC176,8,2,high,7,1.76,14.96683,3.23479,0.02533,9.43305,0.34849,0.65294,0.53111
18_Ar2_Vhigh_Ac8/Rp08_Ac8_Vhigh_Ar2_UNC198,8,2,high,8,1.98,14.96677,3.60723,0.01678,9.96635,0.37258,0.7058,0.57556
18_Ar2_Vhigh_Ac8/Rp09_Ac8_Vhigh_Ar2_UNC109,8,2,high,9,1.09,14.96655,3.70869,0.01705,10.1669,0.36341,0.72055,0.59333
18_Ar2_Vhigh_Ac8/Rp10_Ac8_Vhigh_Ar2_UNC264,8,2,high,10,2.64,14.96664,3.76758,0.01874,10.16689,0.3875,0.69591,0.59111
18_Ar2_Vhigh_Ac8/Rp11_Ac8_Vhigh_Ar2_UNC367,8,2,high,11,3.67,14.96667,3.36217,0.02053,9.59973,0.36146,0.65987,0.53778
18_Ar2_Vhigh_Ac8/Rp12_Ac8_Vhigh_Ar2_UNC364,8,2,high,12,3.64,14.96645,3.50049,0.01617,9.83331,0.36157,0.66759,0.56889
18_Ar2_Vhigh_Ac8/Rp13_Ac8_Vhigh_Ar2_UNC105,8,2,high,13,1.05,14.9666,3.81264,0.0178,10.3335,0.37648,0.72076,0.59556
18_Ar2_Vhigh_Ac8/Rp14_Ac8_Vhigh_Ar2_UNC105,8,2,high,14,1.05,14.96667,3.37236,0.01765,9.83313,0.35048,0.6933,0.55778
18_Ar2_Vhigh_Ac8/Rp15_Ac8_Vhigh_Ar2_UNC150,8,2,high,15,1.5,14.9668,3.88721,0.01897,10.26703,0.38978,0.73733,0.59778
18_Ar2_Vhigh_Ac8/Rp16_Ac8_Vhigh_Ar2_UNC310,8,2,high,16,3.1,14.96683,3.68062,0.01862,10.13391,0.37144,0.71638,0.58444
18_Ar2_Vhigh_Ac8/Rp17_Ac8_Vhigh_Ar2_UNC353,8,2,high,17,3.53,14.96672,3.40503,0.02162,9.56689,0.36949,0.6765,0.54889
18_Ar2_Vhigh_Ac8/Rp18_Ac8_Vhigh_Ar2_UNC249,8,2,high,18,2.49,14.96669,3.33789,0.02186,9.79994,0.34592,0.66873,0.55111
18_Ar2_Vhigh_Ac8/Rp19_Ac8_Vhigh_Ar2_UNC102,8,2,high,19,1.02,14.96689,3.6054,0.01693,10.00024,0.36561,0.70391,0.57556
18_Ar2_Vhigh_Ac8/Rp20_Ac8_Vhigh_Ar2_UNC142,8,2,high,20,1.42,14.96659,3.3498,0.01835,9.63376,0.35183,0.69698,0.55111
18_Ar2_Vhigh_Ac8/Rp21_Ac8_Vhigh_Ar2_UNC331,8,2,high,21,3.31,14.96671,3.44732,0.01679,9.90025,0.35426,0.69979,0.56444
18_Ar2_Vhigh_Ac8/Rp22_Ac8_Vhigh_Ar2_UNC333,8,2,high,22,3.33,14.96682,3.71055,0.01887,10.1001,0.36786,0.70606,0.59778
18_Ar2_Vhigh_Ac8/Rp23_Ac8_Vhigh_Ar2_UNC209,8,2,high,23,2.09,14.96674,3.48791,0.02305,9.76663,0.36771,0.66803,0.55333
18_Ar2_Vhigh_Ac8/Rp24_Ac8_Vhigh_Ar2_UNC196,8,2,high,24,1.96,14.96663,3.56613,0.02085,9.49966,0.38234,0.73311,0.55111
18_Ar2_Vhigh_Ac8/Rp25_Ac8_Vhigh_Ar2_UNC292,8,2,high,25,2.92,14.96678,3.5719,0.01831,9.80006,0.3762,0.68525,0.57778
18_Ar2_Vhigh_Ac8/Rp26_Ac8_Vhigh_Ar2_UNC230,8,2,high,26,2.3,14.96671,3.72083,0.0185,10.2332,0.37137,0.71743,0.59111
18_Ar2_Vhigh_Ac8/Rp27_Ac8_Vhigh_Ar2_UNC277,8,2,high,27,2.77,14.96683,3.33642,0.01799,9.53349,0.36028,0.69153,0.54
18_Ar2_Vhigh_Ac8/Rp28_Ac8_Vhigh_Ar2_UNC404,8,2,high,28,4.04,14.96667,3.27478,0.02115,9.59972,0.34762,0.66776,0.54444
18_Ar2_Vhigh_Ac8/Rp29_Ac8_Vhigh_Ar2_UNC098,8,2,high,29,0.98,14.96665,3.57222,0.01641,9.86664,0.36421,0.69293,0.58
18_Ar2_Vhigh_Ac8/Rp30_Ac8_Vhigh_Ar2_UNC114,8,2,high,30,1.14,14.96665,3.26268,0.01576,9.40015,0.35495,0.67343,0.55778
18_Ar2_Vhigh_Ac8/Rp31_Ac8_Vhigh_Ar2_UNC232,8,2,high,31,2.32,14.96656,3.35132,0.02139,9.80032,0.35863,0.64943,0.55111
18_Ar2_Vhigh_Ac8/Rp32_Ac8_Vhigh_Ar2_UNC133,8,2,high,32,1.33,14.96688,3.47778,0.02073,9.86719,0.3585,0.66578,0.56
18_Ar2_Vhigh_Ac8/Rp33_Ac8_Vhigh_Ar2_UNC169,8,2,high,33,1.69,14.96702,3.43459,0.01966,9.66521,0.36442,0.6831,0.55556
18_Ar2_Vhigh_Ac8/Rp34_Ac8_Vhigh_Ar2_UNC304,8,2,high,34,3.04,14.967,3.52187,0.01798,9.83279,0.36483,0.6664,0.57778
18_Ar2_Vhigh_Ac8/Rp35_Ac8_Vhigh_Ar2_UNC142,8,2,high,35,1.42,14.96656,3.60924,0.01791,10.06651,0.35758,0.69023,0.59111
18_Ar2_Vhigh_Ac8/Rp36_Ac8_Vhigh_Ar2_UNC271,8,2,high,36,2.71,14.96688,3.69412,0.0189,9.86682,0.38409,0.75252,0.56222
18_Ar2_Vhigh_Ac8/Rp37_Ac8_Vhigh_Ar2_UNC220,8,2,high,37,2.2,14.96662,3.88035,0.01984,10.40011,0.38585,0.72088,0.6
18_Ar2_Vhigh_Ac8/Rp38_Ac8_Vhigh_Ar2_UNC169,8,2,high,38,1.69,14.96673,3.39246,0.02249,9.53294,0.35794,0.7001,0.54667
18_Ar2_Vhigh_Ac8/Rp39_Ac8_Vhigh_Ar2_UNC153,8,2,high,39,1.53,14.96674,3.70826,0.02052,10.00068,0.38265,0.71717,0.58222
18_Ar2_Vhigh_Ac8/Rp40_Ac8_Vhigh_Ar2_UNC163,8,2,high,40,1.63,14.96662,3.50424,0.02237,9.76592,0.36201,0.70041,0.56222
19_Ar2_Vhigh_Ac9/Rp01_Ac9_Vhigh_Ar2_UNC408,9,2,high,1,4.08,14.9665,3.41349,0.01439,8.39991,0.43084,0.78585,0.45778
19_Ar2_Vhigh_Ac9/Rp02_Ac9_Vhigh_Ar2_UNC306,9,2,high,2,3.06,14.96649,3.45059,0.01436,8.53325,0.43996,0.76512,0.47111
19_Ar2_Vhigh_Ac9/Rp03_Ac9_Vhigh_Ar2_UNC112,9,2,high,3,1.12,14.96657,3.63916,0.01331,8.50011,0.4448,0.84402,0.48444
19_Ar2_Vhigh_Ac9/Rp04_Ac9_Vhigh_Ar2_UNC133,9,2,high,4,1.33,14.96692,3.59929,0.01381,8.60014,0.43254,0.83994,0.47333
19_Ar2_Vhigh_Ac9/Rp05_Ac9_Vhigh_Ar2_UNC089,9,2,high,5,0.89,14.96692,3.53738,0.01549,8.6,0.42681,0.83399,0.47111
19_Ar2_Vhigh_Ac9/Rp06_Ac9_Vhigh_Ar2_UNC135,9,2,high,6,1.35,14.96676,3.35353,0.01323,8.49993,0.42562,0.73711,0.46667
19_Ar2_Vhigh_Ac9/Rp07_Ac9_Vhigh_Ar2_UNC340,9,2,high,7,3.4,14.96657,3.56407,0.01263,8.36684,0.44911,0.81626,0.47111
19_Ar2_Vhigh_Ac9/Rp08_Ac9_Vhigh_Ar2_UNC227,9,2,high,8,2.27,14.96678,3.70946,0.01378,8.83381,0.45936,0.78728,0.49333
19_Ar2_Vhigh_Ac9/Rp09_Ac9_Vhigh_Ar2_UNC218,9,2,high,9,2.18,14.96694,3.7613,0.01449,8.63264,0.44898,0.87303,0.48
19_Ar2_Vhigh_Ac9/Rp10_Ac9_Vhigh_Ar2_UNC138,9,2,high,10,1.38,14.96678,3.05862,0.01341,8.13362,0.39816,0.7035,0.44222
19_Ar2_Vhigh_Ac9/Rp11_Ac9_Vhigh_Ar2_UNC333,9,2,high,11,3.33,14.96652,3.25932,0.01369,8.36646,0.42179,0.71327,0.46
19_Ar2_Vhigh_Ac9/Rp12_Ac9_Vhigh_Ar2_UNC155,9,2,high,12,1.55,14.96663,3.43399,0.01445,8.40006,0.43735,0.77565,0.46222
19_Ar2_Vhigh_Ac9/Rp13_Ac9_Vhigh_Ar2_UNC294,9,2,high,13,2.94,14.96675,3.36135,0.01311,8.49999,0.41948,0.78086,0.46444
19_Ar2_Vhigh_Ac9/Rp14_Ac9_Vhigh_Ar2_UNC142,9,2,high,14,1.42,14.96686,3.40956,0.01409,8.53326,0.42131,0.74972,0.46667
19_Ar2_Vhigh_Ac9/Rp15_Ac9_Vhigh_Ar2_UNC099,9,2,high,15,0.99,14.96643,3.62704,0.01406,8.66582,0.44126,0.8161,0.48222
19_Ar2_Vhigh_Ac9/Rp16_Ac9_Vhigh_Ar2_UNC320,9,2,high,16,3.2,14.96633,3.49244,0.01321,8.53328,0.43988,0.76818,0.47111
19_Ar2_Vhigh_Ac9/Rp17_Ac9_Vhigh_Ar2_UNC217,9,2,high,17,2.17,14.96668,3.10695,0.01408,8.26655,0.39788,0.68202,0.45111
19_Ar2_Vhigh_Ac9/Rp18_Ac9_Vhigh_Ar2_UNC112,9,2,high,18,1.12,14.96671,3.61082,0.01294,8.69982,0.44662,0.76026,0.48889
19_Ar2_Vhigh_Ac9/Rp19_Ac9_Vhigh_Ar2_UNC222,9,2,high,19,2.22,14.96657,3.2447,0.01303,8.16655,0.42766,0.77132,0.44889
19_Ar2_Vhigh_Ac9/Rp20_Ac9_Vhigh_Ar2_UNC380,9,2,high,20,3.8,14.96665,3.55317,0.0143,8.43374,0.42528,0.84797,0.46222
19_Ar2_Vhigh_Ac9/Rp21_Ac9_Vhigh_Ar2_UNC338,9,2,high,21,3.38,14.96694,3.29864,0.01359,8.16657,0.4298,0.78649,0.44667
19_Ar2_Vhigh_Ac9/Rp22_Ac9_Vhigh_Ar2_UNC185,9,2,high,22,1.85,14.96693,3.2387,0.01404,8.30026,0.41416,0.72388,0.45556
19_Ar2_Vhigh_Ac9/Rp23_Ac9_Vhigh_Ar2_UNC097,9,2,high,23,0.97,14.96654,3.6541,0.01328,8.73344,0.44734,0.80538,0.48889
19_Ar2_Vhigh_Ac9/Rp24_Ac9_Vhigh_Ar2_UNC378,9,2,high,24,3.78,14.96712,3.60981,0.01315,8.46652,0.44906,0.81908,0.47333
19_Ar2_Vhigh_Ac9/Rp25_Ac9_Vhigh_Ar2_UNC148,9,2,high,25,1.48,14.96728,3.31954,0.01402,8.36682,0.43654,0.73472,0.46222
19_Ar2_Vhigh_Ac9/Rp26_Ac9_Vhigh_Ar2_UNC260,9,2,high,26,2.6,14.96653,3.4917,0.01354,8.39999,0.4401,0.8043,0.47333
19_Ar2_Vhigh_Ac9/Rp27_Ac9_Vhigh_Ar2_UNC103,9,2,high,27,1.03,14.96682,3.1183,0.01478,8.23359,0.39907,0.7015,0.45333
19_Ar2_Vhigh_Ac9/Rp28_Ac9_Vhigh_Ar2_UNC303,9,2,high,28,3.03,14.9671,3.69993,0.01342,8.7667,0.46035,0.79704,0.48444
19_Ar2_Vhigh_Ac9/Rp29_Ac9_Vhigh_Ar2_UNC083,9,2,high,29,0.83,14.967,3.53382,0.01472,8.4997,0.44989,0.77498,0.46889
19_Ar2_Vhigh_Ac9/Rp30_Ac9_Vhigh_Ar2_UNC194,9,2,high,30,1.94,14.96658,3.74413,0.01294,8.50001,0.4695,0.86226,0.48
19_Ar2_Vhigh_Ac9/Rp31_Ac9_Vhigh_Ar2_UNC154,9,2,high,31,1.54,14.96696,3.38324,0.0144,8.43387,0.42901,0.78591,0.46222
19_Ar2_Vhigh_Ac9/Rp32_Ac9_Vhigh_Ar2_UNC356,9,2,high,32,3.56,14.9669,3.7479,0.01432,8.80049,0.45379,0.83657,0.48444
19_Ar2_Vhigh_Ac9/Rp33_Ac9_Vhigh_Ar2_UNC191,9,2,high,33,1.91,14.96669,3.51367,0.01359,8.50024,0.44259,0.77234,0.47778
19_Ar2_Vhigh_Ac9/Rp34_Ac9_Vhigh_Ar2_UNC166,9,2,high,34,1.66,14.96663,3.81556,0.01338,8.93258,0.45067,0.83302,0.49111
19_Ar2_Vhigh_Ac9/Rp35_Ac9_Vhigh_Ar2_UNC298,9,2,high,35,2.98,14.96654,3.61489,0.01365,8.60091,0.43942,0.82615,0.48222
20_Ar1_Vmed_Ac0/Rp01_Ac0_Vmed_Ar1_UNC390,0,1,med,1,3.9,14.96707,2.70807,0.01445,8.16645,0.28534,0.63702,0.41333
20_Ar1_Vmed_Ac0/Rp02_Ac0_Vmed_Ar1_UNC153,0,1,med,2,1.53,14.96744,2.6236,0.0162,7.93297,0.27719,0.70921,0.40222
20_Ar1_Vmed_Ac0/Rp03_Ac0_Vmed_Ar1_UNC230,0,1,med,3,2.3,14.96749,2.70668,0.01479,8.03388,0.28838,0.63469,0.41333
20_Ar1_Vmed_Ac0/Rp04_Ac0_Vmed_Ar1_UNC143,0,1,med,4,1.43,14.96746,3.0265,0.01407,8.13322,0.29193,0.80902,0.42
20_Ar1_Vmed_Ac0/Rp05_Ac0_Vmed_Ar1_UNC168,0,1,med,5,1.68,14.96729,2.96741,0.01619,8.20066,0.28919,0.74614,0.41556
20_Ar1_Vmed_Ac0/Rp06_Ac0_Vmed_Ar1_UNC070,0,1,med,6,0.7,14.96761,2.80218,0.01324,8.13376,0.29004,0.67698,0.41778
20_Ar1_Vmed_Ac0/Rp07_Ac0_Vmed_Ar1_UNC181,0,1,med,7,1.81,14.96738,2.65505,0.014,8.0001,0.28691,0.65918,0.40889
20_Ar1_Vmed_Ac0/Rp08_Ac0_Vmed_Ar1_UNC086,0,1,med,8,0.86,14.96772,2.92413,0.01402,8.13239,0.29386,0.71685,0.42
20_Ar1_Vmed_Ac0/Rp09_Ac0_Vmed_Ar1_UNC314,0,1,med,9,3.14,14.96733,2.74682,0.0143,8.03184,0.2758,0.75223,0.40667
20_Ar1_Vmed_Ac0/Rp10_Ac0_Vmed_Ar1_UNC349,0,1,med,10,3.49,14.96779,2.9159,0.01537,8.20079,0.29066,0.70403,0.42222
20_Ar1_Vmed_Ac0/Rp11_Ac0_Vmed_Ar1_UNC134,0,1,med,11,1.34,14.96724,2.91033,0.01485,8.06698,0.28545,0.83501,0.41778
20_Ar1_Vmed_Ac0/Rp12_Ac0_Vmed_Ar1_UNC306,0,1,med,12,3.06,14.96758,3.08427,0.0142,8.20105,0.29068,0.82703,0.42667
20_Ar1_Vmed_Ac0/Rp13_Ac0_Vmed_Ar1_UNC096,0,1,med,13,0.96,14.9676,2.76676,0.01487,7.9334,0.2853,0.75631,0.40889
20_Ar1_Vmed_Ac0/Rp14_Ac0_Vmed_Ar1_UNC112,0,1,med,14,1.12,14.96721,2.83675,0.01465,8.23524,0.28647,0.65647,0.42
20_Ar1_Vmed_Ac0/Rp15_Ac0_Vmed_Ar1_UNC289,0,1,med,15,2.89,14.96735,2.65945,0.0161,7.86775,0.28159,0.68927,0.40444
20_Ar1_Vmed_Ac0/Rp16_Ac0_Vmed_Ar1_UNC047,0,1,med,16,0.47,14.96753,2.69985,0.0137,7.966,0.28639,0.64627,0.40889
20_Ar1_Vmed_Ac0/Rp17_Ac0_Vmed_Ar1_UNC228,0,1,med,17,2.28,14.96715,2.79819,0.01511,8.06628,0.27408,0.82776,0.40444
20_Ar1_Vmed_Ac0/Rp18_Ac0_Vmed_Ar1_UNC084,0,1,med,18,0.84,14.9672,2.6742,0.01354,8.03297,0.28131,0.64755,0.41111
20_Ar1_Vmed_Ac0/Rp19_Ac0_Vmed_Ar1_UNC308,0,1,med,19,3.08,14.96661,2.46715,0.0181,7.76573,0.2683,0.62019,0.39556
20_Ar1_Vmed_Ac0/Rp20_Ac0_Vmed_Ar1_UNC153,0,1,med,20,1.53,14.96731,3.09469,0.01423,8.29928,0.30708,0.7176,0.43333
20_Ar1_Vmed_Ac0/Rp21_Ac0_Vmed_Ar1_UNC118,0,1,med,21,1.18,14.96741,2.64561,0.01784,8.10064,0.29074,0.60094,0.41556
20_Ar1_Vmed_Ac0/Rp22_Ac0_Vmed_Ar1_UNC107,0,1,med,22,1.07,14.96736,2.85878,0.00907,8.09949,0.27647,0.76267,0.40889
20_Ar1_Vmed_Ac0/Rp23_Ac0_Vmed_Ar1_UNC325,0,1,med,23,3.25,14.96723,2.61232,0.01513,8.06652,0.29468,0.64138,0.41111
20_Ar1_Vmed_Ac0/Rp24_Ac0_Vmed_Ar1_UNC123,0,1,med,24,1.23,14.96748,2.64878,0.01597,8.06674,0.28792,0.64521,0.41111
20_Ar1_Vmed_Ac0/Rp25_Ac0_Vmed_Ar1_UNC074,0,1,med,25,0.74,14.96722,2.62095,0.01432,7.89987,0.27964,0.65261,0.4
20_Ar1_Vmed_Ac0/Rp26_Ac0_Vmed_Ar1_UNC285,0,1,med,26,2.85,14.96773,3.01101,0.01365,8.29943,0.2997,0.78322,0.42222
20_Ar1_Vmed_Ac0/Rp27_Ac0_Vmed_Ar1_UNC124,0,1,med,27,1.24,14.96699,2.96193,0.01462,8.1667,0.29836,0.83486,0.42222
20_Ar1_Vmed_Ac0/Rp28_Ac0_Vmed_Ar1_UNC266,0,1,med,28,2.66,14.96765,3.00353,0.01526,8.1004,0.29544,0.78809,0.42
20_Ar1_Vmed_Ac0/Rp29_Ac0_Vmed_Ar1_UNC083,0,1,med,29,0.83,14.96719,2.85177,0.01426,8.03249,0.27721,0.80461,0.40667
20_Ar1_Vmed_Ac0/Rp30_Ac0_Vmed_Ar1_UNC085,0,1,med,30,0.85,14.96664,2.85535,0.01596,8.06597,0.28834,0.81165,0.40889
20_Ar1_Vmed_Ac0/Rp31_Ac0_Vmed_Ar1_UNC245,0,1,med,31,2.45,14.96748,2.84728,0.0148,8.03338,0.28344,0.84378,0.41111
20_Ar1_Vmed_Ac0/Rp32_Ac0_Vmed_Ar1_UNC134,0,1,med,32,1.34,14.96721,2.95629,0.01438,8.3004,0.2814,0.83164,0.42
20_Ar1_Vmed_Ac0/Rp33_Ac0_Vmed_Ar1_UNC069,0,1,med,33,0.69,14.96711,2.87905,0.01426,8.26561,0.30024,0.67986,0.42444
20_Ar1_Vmed_Ac0/Rp34_Ac0_Vmed_Ar1_UNC215,0,1,med,34,2.15,14.96708,2.81814,0.01491,8.0327,0.27822,0.72461,0.40667
20_Ar1_Vmed_Ac0/Rp35_Ac0_Vmed_Ar1_UNC165,0,1,med,35,1.65,14.96728,2.84004,0.01451,7.93344,0.28234,0.77973,0.41333
21_Ar1_Vmed_Ac1/Rp01_Ac1_Vmed_Ar1_UNC229,1,1,med,1,2.29,14.96749,1.66419,0.00821,5.06743,0.30272,0.61591,0.21111
21_Ar1_Vmed_Ac1/Rp02_Ac1_Vmed_Ar1_UNC291,1,1,med,2,2.91,14.96691,1.68218,0.00849,5.16631,0.29587,0.63474,0.20889
21_Ar1_Vmed_Ac1/Rp03_Ac1_Vmed_Ar1_UNC085,1,1,med,3,0.85,14.96729,1.48575,0.00843,4.93344,0.28,0.55359,0.19778
21_Ar1_Vmed_Ac1/Rp04_Ac1_Vmed_Ar1_UNC091,1,1,med,4,0.91,14.96724,1.87859,0.00911,5.33351,0.28545,0.77727,0.21556
21_Ar1_Vmed_Ac1/Rp05_Ac1_Vmed_Ar1_UNC097,1,1,med,5,0.97,14.96748,1.51194,0.00908,4.99985,0.29294,0.54276,0.20222
21_Ar1_Vmed_Ac1/Rp06_Ac1_Vmed_Ar1_UNC104,1,1,med,6,1.04,14.96752,1.68069,0.00848,5.13323,0.28774,0.6455,0.20889
21_Ar1_Vmed_Ac1/Rp07_Ac1_Vmed_Ar1_UNC052,1,1,med,7,0.52,14.9675,1.69598,0.00945,5.06636,0.28964,0.66966,0.20444
21_Ar1_Vmed_Ac1/Rp08_Ac1_Vmed_Ar1_UNC100,1,1,med,8,1.0,14.96702,1.60131,0.00847,5.13366,0.27883,0.63128,0.2
21_Ar1_Vmed_Ac1/Rp09_Ac1_Vmed_Ar1_UNC073,1,1,med,9,0.73,14.96743,1.78732,0.01003,5.19968,0.28518,0.72006,0.21111
21_Ar1_Vmed_Ac1/Rp10_Ac1_Vmed_Ar1_UNC089,1,1,med,10,0.89,14.96712,1.82231,0.00886,5.23331,0.30449,0.72491,0.21556
21_Ar1_Vmed_Ac1/Rp11_Ac1_Vmed_Ar1_UNC312,1,1,med,11,3.12,14.96745,1.75824,0.00925,5.26637,0.31252,0.64964,0.21556
21_Ar1_Vmed_Ac1/Rp12_Ac1_Vmed_Ar1_UNC099,1,1,med,12,0.99,14.9673,1.55951,0.00811,5.06642,0.27537,0.601,0.2
21_Ar1_Vmed_Ac1/Rp13_Ac1_Vmed_Ar1_UNC098,1,1,med,13,0.98,14.96753,1.45351,0.00921,4.86631,0.28018,0.55502,0.19556
21_Ar1_Vmed_Ac1/Rp14_Ac1_Vmed_Ar1_UNC192,1,1,med,14,1.92,14.96658,1.62448,0.0081,5.06599,0.28075,0.63402,0.20444
21_Ar1_Vmed_Ac1/Rp15_Ac1_Vmed_Ar1_UNC102,1,1,med,15,1.02,14.96774,1.44895,0.0092,4.90094,0.26705,0.55719,0.19556
21_Ar1_Vmed_Ac1/Rp16_Ac1_Vmed_Ar1_UNC221,1,1,med,16,2.21,14.96728,1.86491,0.00875,5.29982,0.29996,0.74787,0.21778
21_Ar1_Vmed_Ac1/Rp17_Ac1_Vmed_Ar1_UNC090,1,1,med,17,0.9,14.96719,1.53629,0.00842,5.03257,0.27935,0.58608,0.2
21_Ar1_Vmed_Ac1/Rp18_Ac1_Vmed_Ar1_UNC217,1,1,med,18,2.17,14.96736,1.83882,0.00954,5.26744,0.28236,0.7736,0.21111
21_Ar1_Vmed_Ac1/Rp19_Ac1_Vmed_Ar1_UNC298,1,1,med,19,2.98,14.96744,1.66019,0.00823,5.06671,0.30088,0.62576,0.20889
21_Ar1_Vmed_Ac1/Rp20_Ac1_Vmed_Ar1_UNC256,1,1,med,20,2.56,14.96739,1.68791,0.00855,5.16707,0.29808,0.63801,0.21333
21_Ar1_Vmed_Ac1/Rp21_Ac1_Vmed_Ar1_UNC149,1,1,med,21,1.49,14.96712,1.85955,0.0094,5.26615,0.29814,0.75168,0.21778
21_Ar1_Vmed_Ac1/Rp22_Ac1_Vmed_Ar1_UNC087,1,1,med,22,0.87,14.96747,1.63048,0.00802,5.10009,0.29596,0.60415,0.20889
21_Ar1_Vmed_Ac1/Rp23_Ac1_Vmed_Ar1_UNC068,1,1,med,23,0.68,14.96726,1.79612,0.00908,5.2326,0.29664,0.7055,0.21333
21_Ar1_Vmed_Ac1/Rp24_Ac1_Vmed_Ar1_UNC224,1,1,med,24,2.24,14.96738,1.66743,0.00894,5.06736,0.28364,0.65423,0.20444
21_Ar1_Vmed_Ac1/Rp25_Ac1_Vmed_Ar1_UNC303,1,1,med,25,3.03,14.96719,1.68592,0.00924,5.13325,0.27998,0.66938,0.20667
21_Ar1_Vmed_Ac1/Rp26_Ac1_Vmed_Ar1_UNC113,1,1,med,26,1.13,14.96709,1.88631,0.00818,5.36719,0.31125,0.73039,0.22444
21_Ar1_Vmed_Ac1/Rp27_Ac1_Vmed_Ar1_UNC165,1,1,med,27,1.65,14.96738,1.46651,0.00876,4.96669,0.26958,0.55926,0.19556
21_Ar1_Vmed_Ac1/Rp28_Ac1_Vmed_Ar1_UNC256,1,1,med,28,2.56,14.9669,1.50999,0.0092,5.06658,0.28242,0.55608,0.20222
21_Ar1_Vmed_Ac1/Rp29_Ac1_Vmed_Ar1_UNC158,1,1,med,29,1.58,14.96696,1.8097,0.00963,5.19845,0.29392,0.73676,0.21111
21_Ar1_Vmed_Ac1/Rp30_Ac1_Vmed_Ar1_UNC274,1,1,med,30,2.74,14.96737,1.46349,0.00945,5.00027,0.2745,0.54276,0.19778
21_Ar1_Vmed_Ac1/Rp31_Ac1_Vmed_Ar1_UNC098,1,1,med,31,0.98,14.96726,1.4784,0.00988,5.03275,0.28835,0.52163,0.20222
21_Ar1_Vmed_Ac1/Rp32_Ac1_Vmed_Ar1_UNC178,1,1,med,32,1.78,14.96725,1.71421,0.00909,5.23244,0.32012,0.61745,0.21556
21_Ar1_Vmed_Ac1/Rp33_Ac1_Vmed_Ar1_UNC044,1,1,med,33,0.44,14.96772,1.60388,0.00838,5.06718,0.28293,0.62503,0.20222
21_Ar1_Vmed_Ac1/Rp34_Ac1_Vmed_Ar1_UNC093,1,1,med,34,0.93,14.96747,1.81476,0.00821,5.29993,0.31033,0.68317,0.21778
22_Ar1_Vmed_Ac2/Rp01_Ac2_Vmed_Ar1_UNC396,2,1,med,1,3.96,14.96702,3.31784,0.01418,9.60012,0.33542,0.64769,0.53778
22_Ar1_Vmed_Ac2/Rp02_Ac2_Vmed_Ar1_UNC097,2,1,med,2,0.97,14.96729,2.89906,0.01554,8.7332,0.32334,0.60678,0.49333
22_Ar1_Vmed_Ac2/Rp03_Ac2_Vmed_Ar1_UNC171,2,1,med,3,1.71,14.96712,3.08192,0.01424,9.20075,0.33066,0.62867,0.51111
22_Ar1_Vmed_Ac2/Rp04_Ac2_Vmed_Ar1_UNC461,2,1,med,4,4.61,14.96738,3.29621,0.01537,9.60037,0.32046,0.68471,0.53333
22_Ar1_Vmed_Ac2/Rp05_Ac2_Vmed_Ar1_UNC297,2,1,med,5,2.97,14.9672,3.04084,0.01634,8.99978,0.3139,0.6461,0.50444
22_Ar1_Vmed_Ac2/Rp06_Ac2_Vmed_Ar1_UNC169,2,1,med,6,1.69,14.96732,3.05161,0.01525,9.13368,0.30961,0.64156,0.50222
22_Ar1_Vmed_Ac2/Rp07_Ac2_Vmed_Ar1_UNC500,2,1,med,7,5.0,14.96781,3.26661,0.01543,9.43411,0.33695,0.70191,0.52222
22_Ar1_Vmed_Ac2/Rp08_Ac2_Vmed_Ar1_UNC079,2,1,med,8,0.79,14.96738,3.0775,0.01423,9.06569,0.32276,0.64819,0.50889
22_Ar1_Vmed_Ac2/Rp09_Ac2_Vmed_Ar1_UNC306,2,1,med,9,3.06,14.96747,2.9929,0.01478,8.96712,0.30508,0.6703,0.49333
22_Ar1_Vmed_Ac2/Rp10_Ac2_Vmed_Ar1_UNC217,2,1,med,10,2.17,14.96758,2.83242,0.01677,8.53258,0.31036,0.6404,0.46667
22_Ar1_Vmed_Ac2/Rp11_Ac2_Vmed_Ar1_UNC580,2,1,med,11,5.8,14.96766,3.41113,0.01576,9.66686,0.34564,0.65842,0.55111
22_Ar1_Vmed_Ac2/Rp12_Ac2_Vmed_Ar1_UNC352,2,1,med,12,3.52,14.96726,2.90647,0.01695,8.99991,0.30292,0.59534,0.49111
22_Ar1_Vmed_Ac2/Rp13_Ac2_Vmed_Ar1_UNC153,2,1,med,13,1.53,14.96752,3.26374,0.01561,9.63391,0.32777,0.64772,0.52889
22_Ar1_Vmed_Ac2/Rp14_Ac2_Vmed_Ar1_UNC221,2,1,med,14,2.21,14.9669,2.74175,0.01403,8.56573,0.30724,0.58584,0.47333
22_Ar1_Vmed_Ac2/Rp15_Ac2_Vmed_Ar1_UNC462,2,1,med,15,4.62,14.96742,3.13043,0.01589,9.13553,0.33366,0.66536,0.5
22_Ar1_Vmed_Ac2/Rp16_Ac2_Vmed_Ar1_UNC400,2,1,med,16,4.0,14.96745,3.0742,0.0141,9.33329,0.31293,0.63401,0.50667
22_Ar1_Vmed_Ac2/Rp17_Ac2_Vmed_Ar1_UNC112,2,1,med,17,1.12,14.96745,3.02673,0.01496,9.29908,0.31704,0.63598,0.50444
22_Ar1_Vmed_Ac2/Rp18_Ac2_Vmed_Ar1_UNC307,2,1,med,18,3.07,14.96762,3.13479,0.01419,9.13319,0.3357,0.67031,0.51333
22_Ar1_Vmed_Ac2/Rp19_Ac2_Vmed_Ar1_UNC314,2,1,med,19,3.14,14.96729,3.01332,0.014,9.06628,0.30245,0.64096,0.50667
22_Ar1_Vmed_Ac2/Rp20_Ac2_Vmed_Ar1_UNC362,2,1,med,20,3.62,14.96738,3.18205,0.01533,9.56586,0.31295,0.61333,0.52667
22_Ar1_Vmed_Ac2/Rp21_Ac2_Vmed_Ar1_UNC292,2,1,med,21,2.92,14.96725,2.70777,0.01711,8.63422,0.29956,0.57033,0.46
22_Ar1_Vmed_Ac2/Rp22_Ac2_Vmed_Ar1_UNC446,2,1,med,22,4.46,14.96751,3.32617,0.01517,9.6669,0.32751,0.66032,0.53778
22_Ar1_Vmed_Ac2/Rp23_Ac2_Vmed_Ar1_UNC263,2,1,med,23,2.63,14.96726,3.30239,0.01756,9.43339,0.33362,0.67279,0.52889
22_Ar1_Vmed_Ac2/Rp24_Ac2_Vmed_Ar1_UNC254,2,1,med,24,2.54,14.96705,3.08398,0.01576,9.1326,0.3227,0.6323,0.50667
22_Ar1_Vmed_Ac2/Rp25_Ac2_Vmed_Ar1_UNC236,2,1,med,25,2.36,14.96768,3.29338,0.01515,9.5335,0.3495,0.6703,0.53556
22_Ar1_Vmed_Ac2/Rp26_Ac2_Vmed_Ar1_UNC133,2,1,med,26,1.33,14.96759,3.00515,0.01582,8.93285,0.3089,0.64775,0.5
22_Ar1_Vmed_Ac2/Rp27_Ac2_Vmed_Ar1_UNC091,2,1,med,27,0.91,14.96716,3.04826,0.01591,9.00073,0.33063,0.61748,0.50667
22_Ar1_Vmed_Ac2/Rp28_Ac2_Vmed_Ar1_UNC119,2,1,med,28,1.19,14.96747,2.89233,0.01563,8.80015,0.31845,0.60996,0.48444
22_Ar1_Vmed_Ac2/Rp29_Ac2_Vmed_Ar1_UNC287,2,1,med,29,2.87,14.96748,3.184,0.01534,9.4341,0.31795,0.62712,0.53556
22_Ar1_Vmed_Ac2/Rp30_Ac2_Vmed_Ar1_UNC481,2,1,med,30,4.81,14.9672,3.31564,0.01631,9.56672,0.32922,0.71293,0.52889
22_Ar1_Vmed_Ac2/Rp31_Ac2_Vmed_Ar1_UNC317,2,1,med,31,3.17,14.96727,2.67106,0.01419,8.60047,0.29594,0.58282,0.46667
22_Ar1_Vmed_Ac2/Rp32_Ac2_Vmed_Ar1_UNC534,2,1,med,32,5.34,14.96771,3.30018,0.01536,9.3335,0.34989,0.68942,0.52222
22_Ar1_Vmed_Ac2/Rp33_Ac2_Vmed_Ar1_UNC072,2,1,med,33,0.72,14.96765,3.06717,0.01585,9.06699,0.31641,0.69124,0.49778
22_Ar1_Vmed_Ac2/Rp34_Ac2_Vmed_Ar1_UNC388,2,1,med,34,3.88,14.96736,3.06191,0.01726,9.10028,0.32741,0.61875,0.49111
22_Ar1_Vmed_Ac2/Rp35_Ac2_Vmed_Ar1_UNC245,2,1,med,35,2.45,14.9676,3.02136,0.01519,9.10092,0.30356,0.65207,0.51111
23_Ar1_Vmed_Ac3/Rp01_Ac3_Vmed_Ar1_UNC170,3,1,med,1,1.7,14.96723,3.23833,0.01879,9.70025,0.3223,0.64117,0.56
23_Ar1_Vmed_Ac3/Rp02_Ac3_Vmed_Ar1_UNC263,3,1,med,2,2.63,14.96678,3.62715,0.01753,10.56684,0.32717,0.67345,0.59333
23_Ar1_Vmed_Ac3/Rp03_Ac3_Vmed_Ar1_UNC339,3,1,med,3,3.39,14.96749,3.72139,0.01681,10.69976,0.32823,0.67577,0.60444
23_Ar1_Vmed_Ac3/Rp04_Ac3_Vmed_Ar1_UNC163,3,1,med,4,1.63,14.96729,3.87481,0.01707,10.86738,0.35766,0.6813,0.62667
23_Ar1_Vmed_Ac3/Rp05_Ac3_Vmed_Ar1_UNC360,3,1,med,5,3.6,14.96709,3.72385,0.01572,10.53395,0.336,0.68206,0.61111
23_Ar1_Vmed_Ac3/Rp06_Ac3_Vmed_Ar1_UNC144,3,1,med,6,1.44,14.96718,3.37584,0.02099,10.0991,0.31966,0.63154,0.57333
23_Ar1_Vmed_Ac3/Rp07_Ac3_Vmed_Ar1_UNC211,3,1,med,7,2.11,14.96756,3.64707,0.01745,10.29923,0.34654,0.68034,0.6
23_Ar1_Vmed_Ac3/Rp08_Ac3_Vmed_Ar1_UNC169,3,1,med,8,1.69,14.967,3.43725,0.01816,10.06652,0.32505,0.63012,0.58444
23_Ar1_Vmed_Ac3/Rp09_Ac3_Vmed_Ar1_UNC154,3,1,med,9,1.54,14.96741,3.45534,0.02242,10.13251,0.32874,0.65861,0.57556
23_Ar1_Vmed_Ac3/Rp10_Ac3_Vmed_Ar1_UNC276,3,1,med,10,2.76,14.96737,3.479,0.01633,10.33255,0.31186,0.66175,0.58667
23_Ar1_Vmed_Ac3/Rp11_Ac3_Vmed_Ar1_UNC211,3,1,med,11,2.11,14.96724,3.56881,0.01686,10.60066,0.31584,0.66275,0.60222
23_Ar1_Vmed_Ac3/Rp12_Ac3_Vmed_Ar1_UNC233,3,1,med,12,2.33,14.96705,3.59038,0.01742,10.29908,0.35787,0.66862,0.59778
23_Ar1_Vmed_Ac3/Rp13_Ac3_Vmed_Ar1_UNC082,3,1,med,13,0.82,14.96776,3.56954,0.01705,10.53209,0.31575,0.66647,0.59778
23_Ar1_Vmed_Ac3/Rp14_Ac3_Vmed_Ar1_UNC043,3,1,med,14,0.43,14.96721,3.56662,0.01636,10.2993,0.33753,0.69282,0.59111
23_Ar1_Vmed_Ac3/Rp15_Ac3_Vmed_Ar1_UNC130,3,1,med,15,1.3,14.96718,3.39352,0.02042,10.06715,0.32088,0.63711,0.57556
23_Ar1_Vmed_Ac3/Rp16_Ac3_Vmed_Ar1_UNC339,3,1,med,16,3.39,14.96716,3.49932,0.01676,10.20009,0.3311,0.65167,0.58444
23_Ar1_Vmed_Ac3/Rp17_Ac3_Vmed_Ar1_UNC166,3,1,med,17,1.66,14.96741,3.59319,0.02168,10.29953,0.33828,0.66805,0.60222
23_Ar1_Vmed_Ac3/Rp18_Ac3_Vmed_Ar1_UNC188,3,1,med,18,1.88,14.96727,3.69696,0.01638,10.53343,0.34274,0.6755,0.61111
23_Ar1_Vmed_Ac3/Rp19_Ac3_Vmed_Ar1_UNC302,3,1,med,19,3.02,14.96712,3.6871,0.01643,10.50011,0.34203,0.66608,0.61556
23_Ar1_Vmed_Ac3/Rp20_Ac3_Vmed_Ar1_UNC262,3,1,med,20,2.62,14.96771,3.66214,0.01601,10.40102,0.33177,0.68378,0.60444
23_Ar1_Vmed_Ac3/Rp21_Ac3_Vmed_Ar1_UNC221,3,1,med,21,2.21,14.9674,3.35471,0.01766,9.867,0.31267,0.65579,0.57333
23_Ar1_Vmed_Ac3/Rp22_Ac3_Vmed_Ar1_UNC127,3,1,med,22,1.27,14.96729,3.38885,0.01938,9.99976,0.33137,0.64712,0.57111
23_Ar1_Vmed_Ac3/Rp23_Ac3_Vmed_Ar1_UNC182,3,1,med,23,1.82,14.96713,3.45955,0.01639,9.99958,0.34887,0.66953,0.57778
23_Ar1_Vmed_Ac3/Rp24_Ac3_Vmed_Ar1_UNC306,3,1,med,24,3.06,14.96716,3.56519,0.01769,10.23474,0.33791,0.67897,0.58667
23_Ar1_Vmed_Ac3/Rp25_Ac3_Vmed_Ar1_UNC128,3,1,med,25,1.28,14.96754,3.41747,0.01849,10.13352,0.32288,0.64946,0.57778
23_Ar1_Vmed_Ac3/Rp26_Ac3_Vmed_Ar1_UNC383,3,1,med,26,3.83,14.96737,3.68117,0.02011,10.46795,0.33444,0.7256,0.59333
23_Ar1_Vmed_Ac3/Rp27_Ac3_Vmed_Ar1_UNC068,3,1,med,27,0.68,14.96722,3.42582,0.01604,10.0989,0.32979,0.6485,0.58
23_Ar1_Vmed_Ac3/Rp28_Ac3_Vmed_Ar1_UNC204,3,1,med,28,2.04,14.96743,3.7206,0.01596,10.56655,0.32703,0.69433,0.61111
23_Ar1_Vmed_Ac3/Rp29_Ac3_Vmed_Ar1_UNC146,3,1,med,29,1.46,14.96778,3.61163,0.01633,10.40111,0.34193,0.66431,0.60889
23_Ar1_Vmed_Ac3/Rp30_Ac3_Vmed_Ar1_UNC176,3,1,med,30,1.76,14.9673,3.41611,0.01669,10.29981,0.31976,0.64761,0.57556
23_Ar1_Vmed_Ac3/Rp31_Ac3_Vmed_Ar1_UNC312,3,1,med,31,3.12,14.96758,3.24719,0.01718,10.00037,0.31084,0.61271,0.56889
23_Ar1_Vmed_Ac3/Rp32_Ac3_Vmed_Ar1_UNC474,3,1,med,32,4.74,14.96727,3.80559,0.01647,10.60033,0.35075,0.67831,0.62
23_Ar1_Vmed_Ac3/Rp33_Ac3_Vmed_Ar1_UNC106,3,1,med,33,1.06,14.96736,3.39114,0.01706,10.13412,0.32328,0.65504,0.57556
23_Ar1_Vmed_Ac3/Rp34_Ac3_Vmed_Ar1_UNC254,3,1,med,34,2.54,14.96752,3.64517,0.01895,10.39956,0.33323,0.70279,0.59333
23_Ar1_Vmed_Ac3/Rp35_Ac3_Vmed_Ar1_UNC217,3,1,med,35,2.17,14.96749,3.71483,0.019,10.66692,0.34598,0.65194,0.61333
24_Ar1_Vmed_Ac4/Rp01_Ac4_Vmed_Ar1_UNC106,4,1,med,1,1.06,14.9674,2.71744,0.01346,8.29919,0.30337,0.74741,0.44444
24_Ar1_Vmed_Ac4/Rp02_Ac4_Vmed_Ar1_UNC317,4,1,med,2,3.17,14.96759,2.92135,0.01591,8.80024,0.31818,0.8152,0.46
24_Ar1_Vmed_Ac4/Rp03_Ac4_Vmed_Ar1_UNC112,4,1,med,3,1.12,14.96763,2.82925,0.01388,8.60081,0.29982,0.71092,0.45333
24_Ar1_Vmed_Ac4/Rp04_Ac4_Vmed_Ar1_UNC087,4,1,med,4,0.87,14.96723,2.66519,0.0148,8.33336,0.29049,0.64551,0.44889
24_Ar1_Vmed_Ac4/Rp05_Ac4_Vmed_Ar1_UNC318,4,1,med,5,3.18,14.96707,2.76598,0.01549,8.53335,0.29921,0.66051,0.44889
24_Ar1_Vmed_Ac4/Rp06_Ac4_Vmed_Ar1_UNC111,4,1,med,6,1.11,14.96747,2.9197,0.01508,8.6024,0.30484,0.78992,0.46444
24_Ar1_Vmed_Ac4/Rp07_Ac4_Vmed_Ar1_UNC252,4,1,med,7,2.52,14.96725,2.92723,0.01416,8.49948,0.3019,0.9166,0.45778
24_Ar1_Vmed_Ac4/Rp08_Ac4_Vmed_Ar1_UNC353,4,1,med,8,3.53,14.96719,2.79814,0.01436,8.56689,0.30115,0.69741,0.44667
24_Ar1_Vmed_Ac4/Rp09_Ac4_Vmed_Ar1_UNC297,4,1,med,9,2.97,14.96766,2.5535,0.01506,8.30056,0.28817,0.64053,0.44667
24_Ar1_Vmed_Ac4/Rp10_Ac4_Vmed_Ar1_UNC108,4,1,med,10,1.08,14.96736,2.96832,0.01404,8.46645,0.3198,0.8166,0.46667
24_Ar1_Vmed_Ac4/Rp11_Ac4_Vmed_Ar1_UNC163,4,1,med,11,1.63,14.96719,2.63158,0.01422,8.30042,0.29519,0.66462,0.43778
24_Ar1_Vmed_Ac4/Rp12_Ac4_Vmed_Ar1_UNC134,4,1,med,12,1.34,14.96731,2.77122,0.01607,8.40037,0.30169,0.72495,0.44444
24_Ar1_Vmed_Ac4/Rp13_Ac4_Vmed_Ar1_UNC290,4,1,med,13,2.9,14.96703,2.63931,0.01344,8.2655,0.29456,0.68546,0.44222
24_Ar1_Vmed_Ac4/Rp14_Ac4_Vmed_Ar1_UNC088,4,1,med,14,0.88,14.96773,2.75815,0.01488,8.2994,0.29922,0.69988,0.44889
24_Ar1_Vmed_Ac4/Rp15_Ac4_Vmed_Ar1_UNC202,4,1,med,15,2.02,14.9674,3.02234,0.01645,8.56582,0.3301,0.76417,0.46
24_Ar1_Vmed_Ac4/Rp16_Ac4_Vmed_Ar1_UNC066,4,1,med,16,0.66,14.96754,2.68498,0.01654,8.03253,0.31554,0.7502,0.44222
24_Ar1_Vmed_Ac4/Rp17_Ac4_Vmed_Ar1_UNC090,4,1,med,17,0.9,14.96788,2.83288,0.01449,8.39973,0.31754,0.7088,0.45333
24_Ar1_Vmed_Ac4/Rp18_Ac4_Vmed_Ar1_UNC197,4,1,med,18,1.97,14.9676,2.81018,0.01788,8.30014,0.29885,0.87028,0.44667
24_Ar1_Vmed_Ac4/Rp19_Ac4_Vmed_Ar1_UNC147,4,1,med,19,1.47,14.96737,2.59815,0.01333,8.26583,0.29116,0.65595,0.44
24_Ar1_Vmed_Ac4/Rp20_Ac4_Vmed_Ar1_UNC364,4,1,med,20,3.64,14.96746,2.7266,0.01339,8.46671,0.30356,0.64333,0.44667
24_Ar1_Vmed_Ac4/Rp21_Ac4_Vmed_Ar1_UNC098,4,1,med,21,0.98,14.9675,2.59898,0.0133,8.36653,0.29958,0.61876,0.44667
24_Ar1_Vmed_Ac4/Rp22_Ac4_Vmed_Ar1_UNC083,4,1,med,22,0.83,14.96726,2.53554,0.01279,8.16687,0.30794,0.61877,0.43778
24_Ar1_Vmed_Ac4/Rp23_Ac4_Vmed_Ar1_UNC245,4,1,med,23,2.45,14.96737,2.70059,0.01389,8.43305,0.29908,0.65461,0.45111
24_Ar1_Vmed_Ac4/Rp24_Ac4_Vmed_Ar1_UNC246,4,1,med,24,2.46,14.96752,2.94912,0.01586,8.49964,0.30985,0.76624,0.45778
24_Ar1_Vmed_Ac4/Rp25_Ac4_Vmed_Ar1_UNC097,4,1,med,25,0.97,14.96723,2.65576,0.01534,8.60068,0.29545,0.63584,0.44889
24_Ar1_Vmed_Ac4/Rp26_Ac4_Vmed_Ar1_UNC110,4,1,med,26,1.1,14.96707,2.65911,0.01581,8.43426,0.28843,0.66162,0.44444
24_Ar1_Vmed_Ac4/Rp27_Ac4_Vmed_Ar1_UNC048,4,1,med,27,0.48,14.96762,2.73469,0.0125,8.19949,0.32225,0.68994,0.44889
24_Ar1_Vmed_Ac4/Rp28_Ac4_Vmed_Ar1_UNC077,4,1,med,28,0.77,14.96719,2.93603,0.0169,8.49951,0.30934,0.78766,0.45333
24_Ar1_Vmed_Ac4/Rp29_Ac4_Vmed_Ar1_UNC245,4,1,med,29,2.45,14.96718,2.3723,0.01623,8.267,0.27543,0.56833,0.43111
24_Ar1_Vmed_Ac4/Rp30_Ac4_Vmed_Ar1_UNC051,4,1,med,30,0.51,14.96778,2.85296,0.01437,8.6341,0.31078,0.73455,0.45111
24_Ar1_Vmed_Ac4/Rp31_Ac4_Vmed_Ar1_UNC255,4,1,med,31,2.55,14.96745,2.47929,0.01411,8.16691,0.29171,0.61627,0.43333
24_Ar1_Vmed_Ac4/Rp32_Ac4_Vmed_Ar1_UNC403,4,1,med,32,4.03,14.96756,3.06366,0.01774,8.73215,0.30999,0.80956,0.45778
24_Ar1_Vmed_Ac4/Rp33_Ac4_Vmed_Ar1_UNC094,4,1,med,33,0.94,14.96739,2.95898,0.01412,8.46678,0.31258,0.86458,0.46
24_Ar1_Vmed_Ac4/Rp34_Ac4_Vmed_Ar1_UNC267,4,1,med,34,2.67,14.9674,2.60258,0.01348,8.30016,0.30135,0.62732,0.44
24_Ar1_Vmed_Ac4/Rp35_Ac4_Vmed_Ar1_UNC294,4,1,med,35,2.94,14.96763,2.91059,0.01481,8.63353,0.29784,0.73365,0.45556
25_Ar1_Vmed_Ac5/Rp01_Ac5_Vmed_Ar1_UNC162,5,1,med,1,1.62,14.96748,3.01046,0.01625,9.13464,0.29963,0.65486,0.50667
25_Ar1_Vmed_Ac5/Rp02_Ac5_Vmed_Ar1_UNC262,5,1,med,2,2.62,14.96719,3.16317,0.01404,9.43449,0.31101,0.61723,0.52889
25_Ar1_Vmed_Ac5/Rp03_Ac5_Vmed_Ar1_UNC348,5,1,med,3,3.48,14.96723,3.28065,0.01623,9.73377,0.30755,0.64851,0.52889
25_Ar1_Vmed_Ac5/Rp04_Ac5_Vmed_Ar1_UNC424,5,1,med,4,4.24,14.96707,3.1755,0.01606,9.69928,0.29771,0.63173,0.53111
25_Ar1_Vmed_Ac5/Rp05_Ac5_Vmed_Ar1_UNC334,5,1,med,5,3.34,14.96734,2.7974,0.01771,8.76697,0.29199,0.61495,0.47778
25_Ar1_Vmed_Ac5/Rp06_Ac5_Vmed_Ar1_UNC220,5,1,med,6,2.2,14.96727,3.01174,0.01683,9.13321,0.30482,0.65164,0.49778
25_Ar1_Vmed_Ac5/Rp07_Ac5_Vmed_Ar1_UNC074,5,1,med,7,0.74,14.96755,3.01763,0.01473,9.33342,0.31136,0.64559,0.50444
25_Ar1_Vmed_Ac5/Rp08_Ac5_Vmed_Ar1_UNC171,5,1,med,8,1.71,14.96718,2.93135,0.01499,9.20079,0.28224,0.67168,0.5
25_Ar1_Vmed_Ac5/Rp09_Ac5_Vmed_Ar1_UNC104,5,1,med,9,1.04,14.96728,2.9961,0.01451,9.23388,0.30657,0.68721,0.49556
25_Ar1_Vmed_Ac5/Rp10_Ac5_Vmed_Ar1_UNC170,5,1,med,10,1.7,14.96712,2.79882,0.0159,8.83317,0.28366,0.64621,0.47778
25_Ar1_Vmed_Ac5/Rp11_Ac5_Vmed_Ar1_UNC100,5,1,med,11,1.0,14.96741,2.93803,0.01495,9.13456,0.29546,0.61939,0.49111
25_Ar1_Vmed_Ac5/Rp12_Ac5_Vmed_Ar1_UNC152,5,1,med,12,1.52,14.96658,3.08946,0.01915,9.19876,0.32195,0.63402,0.51333
25_Ar1_Vmed_Ac5/Rp13_Ac5_Vmed_Ar1_UNC110,5,1,med,13,1.1,14.96711,2.7571,0.01624,8.93329,0.28172,0.57494,0.49111
25_Ar1_Vmed_Ac5/Rp14_Ac5_Vmed_Ar1_UNC305,5,1,med,14,3.05,14.96742,2.65892,0.01562,8.6659,0.28167,0.61366,0.47333
25_Ar1_Vmed_Ac5/Rp15_Ac5_Vmed_Ar1_UNC250,5,1,med,15,2.5,14.96728,3.05835,0.01459,9.2317,0.31061,0.64421,0.50444
25_Ar1_Vmed_Ac5/Rp16_Ac5_Vmed_Ar1_UNC045,5,1,med,16,0.45,14.96757,2.86851,0.01561,9.09952,0.28957,0.59653,0.5
25_Ar1_Vmed_Ac5/Rp17_Ac5_Vmed_Ar1_UNC084,5,1,med,17,0.84,14.96751,3.01266,0.01383,9.33327,0.3233,0.65269,0.51333
25_Ar1_Vmed_Ac5/Rp18_Ac5_Vmed_Ar1_UNC230,5,1,med,18,2.3,14.96725,3.10304,0.01432,9.29951,0.31964,0.64976,0.51333
25_Ar1_Vmed_Ac5/Rp19_Ac5_Vmed_Ar1_UNC170,5,1,med,19,1.7,14.96761,2.90039,0.01537,9.00052,0.31555,0.6356,0.49778
25_Ar1_Vmed_Ac5/Rp20_Ac5_Vmed_Ar1_UNC293,5,1,med,20,2.93,14.96751,2.93438,0.01662,9.06779,0.29805,0.69511,0.49556
25_Ar1_Vmed_Ac5/Rp21_Ac5_Vmed_Ar1_UNC420,5,1,med,21,4.2,14.96719,3.11505,0.01447,9.60031,0.30656,0.65914,0.52444
25_Ar1_Vmed_Ac5/Rp22_Ac5_Vmed_Ar1_UNC249,5,1,med,22,2.49,14.96737,2.82433,0.01578,8.93193,0.28937,0.67424,0.48889
25_Ar1_Vmed_Ac5/Rp23_Ac5_Vmed_Ar1_UNC099,5,1,med,23,0.99,14.96732,2.8452,0.01791,9.13338,0.29213,0.60234,0.5
25_Ar1_Vmed_Ac5/Rp24_Ac5_Vmed_Ar1_UNC271,5,1,med,24,2.71,14.9674,3.07377,0.0165,9.09945,0.31043,0.70539,0.5
25_Ar1_Vmed_Ac5/Rp25_Ac5_Vmed_Ar1_UNC136,5,1,med,25,1.36,14.96726,2.9974,0.01741,9.23336,0.30301,0.60346,0.50667
25_Ar1_Vmed_Ac5/Rp26_Ac5_Vmed_Ar1_UNC120,5,1,med,26,1.2,14.96764,2.80915,0.01481,8.96798,0.28744,0.60458,0.48222
25_Ar1_Vmed_Ac5/Rp27_Ac5_Vmed_Ar1_UNC277,5,1,med,27,2.77,14.96702,3.18003,0.01428,9.53412,0.32449,0.64201,0.52667
25_Ar1_Vmed_Ac5/Rp28_Ac5_Vmed_Ar1_UNC337,5,1,med,28,3.37,14.96687,3.24339,0.01487,9.53218,0.31213,0.69438,0.52889
25_Ar1_Vmed_Ac5/Rp29_Ac5_Vmed_Ar1_UNC393,5,1,med,29,3.93,14.9673,3.00084,0.0157,9.19965,0.32104,0.61729,0.50667
25_Ar1_Vmed_Ac5/Rp30_Ac5_Vmed_Ar1_UNC138,5,1,med,30,1.38,14.96745,3.24503,0.01612,9.73258,0.32023,0.64512,0.53111
25_Ar1_Vmed_Ac5/Rp31_Ac5_Vmed_Ar1_UNC329,5,1,med,31,3.29,14.96747,2.96813,0.01534,9.16662,0.30884,0.64756,0.5
25_Ar1_Vmed_Ac5/Rp32_Ac5_Vmed_Ar1_UNC118,5,1,med,32,1.18,14.96728,3.13648,0.01401,9.53473,0.31764,0.67046,0.52667
25_Ar1_Vmed_Ac5/Rp33_Ac5_Vmed_Ar1_UNC465,5,1,med,33,4.65,14.96703,3.2717,0.01716,9.83334,0.33323,0.64796,0.54444
25_Ar1_Vmed_Ac5/Rp34_Ac5_Vmed_Ar1_UNC081,5,1,med,34,0.81,14.96765,3.02486,0.01374,9.39869,0.28512,0.66105,0.50889
26_Ar1_Vmed_Ac6/Rp01_Ac6_Vmed_Ar1_UNC222,6,1,med,1,2.22,14.96646,2.9404,0.01502,8.90008,0.29915,0.63937,0.47556
26_Ar1_Vmed_Ac6/Rp02_Ac6_Vmed_Ar1_UNC226,6,1,med,2,2.26,14.96718,3.15617,0.01575,8.93432,0.3198,0.70995,0.48222
26_Ar1_Vmed_Ac6/Rp03_Ac6_Vmed_Ar1_UNC144,6,1,med,3,1.44,14.9671,2.80629,0.01758,8.80002,0.28219,0.63246,0.46444
26_Ar1_Vmed_Ac6/Rp04_Ac6_Vmed_Ar1_UNC161,6,1,med,4,1.61,14.96718,3.09165,0.01796,9.23342,0.30695,0.61435,0.49333
26_Ar1_Vmed_Ac6/Rp05_Ac6_Vmed_Ar1_UNC115,6,1,med,5,1.15,14.96734,3.32869,0.01838,9.36637,0.32309,0.69955,0.49778
26_Ar1_Vmed_Ac6/Rp06_Ac6_Vmed_Ar1_UNC188,6,1,med,6,1.88,14.96713,3.22269,0.01771,9.13258,0.32212,0.6983,0.48667
26_Ar1_Vmed_Ac6/Rp07_Ac6_Vmed_Ar1_UNC188,6,1,med,7,1.88,14.96736,3.22278,0.01779,9.19949,0.31354,0.6914,0.50444
26_Ar1_Vmed_Ac6/Rp08_Ac6_Vmed_Ar1_UNC112,6,1,med,8,1.12,14.96707,2.99631,0.01815,8.83304,0.30588,0.66881,0.47778
26_Ar1_Vmed_Ac6/Rp09_Ac6_Vmed_Ar1_UNC084,6,1,med,9,0.84,14.96718,2.96046,0.0186,8.93359,0.30824,0.67962,0.48222
26_Ar1_Vmed_Ac6/Rp10_Ac6_Vmed_Ar1_UNC094,6,1,med,10,0.94,14.96767,3.2101,0.01776,8.99987,0.3135,0.71906,0.48
26_Ar1_Vmed_Ac6/Rp11_Ac6_Vmed_Ar1_UNC142,6,1,med,11,1.42,14.96766,3.11632,0.01674,8.96568,0.31572,0.67537,0.47333
26_Ar1_Vmed_Ac6/Rp12_Ac6_Vmed_Ar1_UNC150,6,1,med,12,1.5,14.96749,2.86386,0.01697,8.73383,0.30428,0.6014,0.46444
26_Ar1_Vmed_Ac6/Rp13_Ac6_Vmed_Ar1_UNC074,6,1,med,13,0.74,14.96723,2.98179,0.01694,8.96617,0.30309,0.61825,0.48
26_Ar1_Vmed_Ac6/Rp14_Ac6_Vmed_Ar1_UNC163,6,1,med,14,1.63,14.9672,3.08812,0.01584,9.03279,0.30701,0.63477,0.48
26_Ar1_Vmed_Ac6/Rp15_Ac6_Vmed_Ar1_UNC297,6,1,med,15,2.97,14.96742,3.37967,0.01754,9.43366,0.32577,0.70058,0.50667
26_Ar1_Vmed_Ac6/Rp16_Ac6_Vmed_Ar1_UNC131,6,1,med,16,1.31,14.96707,3.17616,0.01905,9.13451,0.31851,0.67117,0.49778
26_Ar1_Vmed_Ac6/Rp17_Ac6_Vmed_Ar1_UNC146,6,1,med,17,1.46,14.96765,3.35244,0.01704,9.33351,0.33079,0.73887,0.5
26_Ar1_Vmed_Ac6/Rp18_Ac6_Vmed_Ar1_UNC312,6,1,med,18,3.12,14.96732,3.04851,0.01674,8.96682,0.30458,0.65182,0.46889
26_Ar1_Vmed_Ac6/Rp19_Ac6_Vmed_Ar1_UNC134,6,1,med,19,1.34,14.96745,3.21368,0.01817,9.23289,0.32286,0.70603,0.49778
26_Ar1_Vmed_Ac6/Rp20_Ac6_Vmed_Ar1_UNC115,6,1,med,20,1.15,14.96751,3.25218,0.01622,9.167,0.33202,0.6908,0.5
26_Ar1_Vmed_Ac6/Rp21_Ac6_Vmed_Ar1_UNC392,6,1,med,21,3.92,14.96714,2.88834,0.01547,8.53296,0.31396,0.71367,0.45111
26_Ar1_Vmed_Ac6/Rp22_Ac6_Vmed_Ar1_UNC238,6,1,med,22,2.38,14.96742,3.37592,0.01657,9.40067,0.34119,0.70894,0.51111
26_Ar1_Vmed_Ac6/Rp23_Ac6_Vmed_Ar1_UNC173,6,1,med,23,1.73,14.96747,2.81779,0.01478,8.76622,0.30788,0.61402,0.46667
26_Ar1_Vmed_Ac6/Rp24_Ac6_Vmed_Ar1_UNC346,6,1,med,24,3.46,14.96714,3.15364,0.01555,9.03437,0.34095,0.70206,0.48444
26_Ar1_Vmed_Ac6/Rp25_Ac6_Vmed_Ar1_UNC075,6,1,med,25,0.75,14.96726,3.226,0.01734,9.13299,0.31807,0.71535,0.48889
26_Ar1_Vmed_Ac6/Rp26_Ac6_Vmed_Ar1_UNC305,6,1,med,26,3.05,14.96733,3.05075,0.01721,8.86695,0.31451,0.69361,0.48667
26_Ar1_Vmed_Ac6/Rp27_Ac6_Vmed_Ar1_UNC325,6,1,med,27,3.25,14.96745,3.17352,0.01527,8.93204,0.33022,0.70947,0.48
26_Ar1_Vmed_Ac6/Rp28_Ac6_Vmed_Ar1_UNC205,6,1,med,28,2.05,14.9671,3.05569,0.01511,8.9001,0.32313,0.6897,0.47778
26_Ar1_Vmed_Ac6/Rp29_Ac6_Vmed_Ar1_UNC116,6,1,med,29,1.16,14.96694,2.89902,0.01666,8.69851,0.3011,0.63564,0.46
26_Ar1_Vmed_Ac6/Rp30_Ac6_Vmed_Ar1_UNC335,6,1,med,30,3.35,14.96719,2.665,0.01469,8.6338,0.2721,0.59567,0.45556
26_Ar1_Vmed_Ac6/Rp31_Ac6_Vmed_Ar1_UNC106,6,1,med,31,1.06,14.96738,3.31532,0.01725,9.39994,0.32771,0.68635,0.50667
26_Ar1_Vmed_Ac6/Rp32_Ac6_Vmed_Ar1_UNC288,6,1,med,32,2.88,14.96752,3.29157,0.01861,9.50055,0.32145,0.6809,0.50222
26_Ar1_Vmed_Ac6/Rp33_Ac6_Vmed_Ar1_UNC114,6,1,med,33,1.14,14.96726,3.10068,0.01586,8.90042,0.32302,0.66688,0.46889
26_Ar1_Vmed_Ac6/Rp34_Ac6_Vmed_Ar1_UNC261,6,1,med,34,2.61,14.96764,3.2236,0.01886,9.13197,0.32585,0.66245,0.48889
26_Ar1_Vmed_Ac6/Rp35_Ac6_Vmed_Ar1_UNC132,6,1,med,35,1.32,14.96739,2.75234,0.01958,8.69861,0.27168,0.59675,0.46222
27_Ar1_Vmed_Ac7/Rp01_Ac7_Vmed_Ar1_UNC145,7,1,med,1,1.45,14.96651,1.87353,0.00963,5.99945,0.28916,0.60241,0.27333
27_Ar1_Vmed_Ac7/Rp02_Ac7_Vmed_Ar1_UNC348,7,1,med,2,3.48,14.96724,2.04368,0.00923,6.19985,0.316,0.64453,0.28667
27_Ar1_Vmed_Ac7/Rp03_Ac7_Vmed_Ar1_UNC038,7,1,med,3,0.38,14.96736,2.18651,0.00984,6.29976,0.32088,0.71983,0.29333
27_Ar1_Vmed_Ac7/Rp04_Ac7_Vmed_Ar1_UNC181,7,1,med,4,1.81,14.96726,2.10861,0.01044,6.36626,0.30505,0.63957,0.28889
27_Ar1_Vmed_Ac7/Rp05_Ac7_Vmed_Ar1_UNC140,7,1,med,5,1.4,14.96715,1.77585,0.0094,5.73353,0.27596,0.62202,0.26
27_Ar1_Vmed_Ac7/Rp06_Ac7_Vmed_Ar1_UNC117,7,1,med,6,1.17,14.96727,1.99986,0.00943,6.23456,0.31192,0.60143,0.28444
27_Ar1_Vmed_Ac7/Rp07_Ac7_Vmed_Ar1_UNC369,7,1,med,7,3.69,14.96761,2.14422,0.00968,6.2997,0.32533,0.67954,0.29111
27_Ar1_Vmed_Ac7/Rp08_Ac7_Vmed_Ar1_UNC076,7,1,med,8,0.76,14.96756,1.93318,0.00946,6.16633,0.29314,0.60345,0.27778
27_Ar1_Vmed_Ac7/Rp09_Ac7_Vmed_Ar1_UNC120,7,1,med,9,1.2,14.96722,2.33224,0.01147,6.5335,0.29974,0.86231,0.29556
27_Ar1_Vmed_Ac7/Rp10_Ac7_Vmed_Ar1_UNC071,7,1,med,10,0.71,14.96726,1.96722,0.01104,5.99999,0.28698,0.62848,0.27556
27_Ar1_Vmed_Ac7/Rp11_Ac7_Vmed_Ar1_UNC128,7,1,med,11,1.28,14.967,2.00788,0.00991,6.06708,0.2818,0.6773,0.27556
27_Ar1_Vmed_Ac7/Rp12_Ac7_Vmed_Ar1_UNC288,7,1,med,12,2.88,14.96742,2.16758,0.0103,6.23361,0.29867,0.79188,0.28667
27_Ar1_Vmed_Ac7/Rp13_Ac7_Vmed_Ar1_UNC096,7,1,med,13,0.96,14.96748,2.16092,0.00917,6.23283,0.31486,0.66241,0.29556
27_Ar1_Vmed_Ac7/Rp14_Ac7_Vmed_Ar1_UNC188,7,1,med,14,1.88,14.9672,2.16022,0.00989,6.23311,0.29996,0.72493,0.29111
27_Ar1_Vmed_Ac7/Rp15_Ac7_Vmed_Ar1_UNC121,7,1,med,15,1.21,14.9674,2.15337,0.01281,6.16639,0.28439,0.83011,0.28
27_Ar1_Vmed_Ac7/Rp16_Ac7_Vmed_Ar1_UNC156,7,1,med,16,1.56,14.96727,2.01023,0.00994,6.3333,0.30766,0.59083,0.28889
27_Ar1_Vmed_Ac7/Rp17_Ac7_Vmed_Ar1_UNC272,7,1,med,17,2.72,14.9673,2.23568,0.01224,6.23405,0.31612,0.78407,0.29333
27_Ar1_Vmed_Ac7/Rp18_Ac7_Vmed_Ar1_UNC051,7,1,med,18,0.51,14.96721,2.25662,0.01036,6.40033,0.30308,0.75574,0.29556
27_Ar1_Vmed_Ac7/Rp19_Ac7_Vmed_Ar1_UNC350,7,1,med,19,3.5,14.96713,2.22839,0.00999,6.30009,0.3119,0.76528,0.29333
27_Ar1_Vmed_Ac7/Rp20_Ac7_Vmed_Ar1_UNC231,7,1,med,20,2.31,14.9676,2.08586,0.01147,6.13369,0.28886,0.78355,0.27778
27_Ar1_Vmed_Ac7/Rp21_Ac7_Vmed_Ar1_UNC056,7,1,med,21,0.56,14.96734,2.26175,0.01012,6.36794,0.31287,0.76822,0.29333
27_Ar1_Vmed_Ac7/Rp22_Ac7_Vmed_Ar1_UNC349,7,1,med,22,3.49,14.96764,2.3022,0.01226,6.43339,0.30047,0.86148,0.29556
27_Ar1_Vmed_Ac7/Rp23_Ac7_Vmed_Ar1_UNC123,7,1,med,23,1.23,14.96716,1.89125,0.00982,5.9323,0.28161,0.65518,0.26889
27_Ar1_Vmed_Ac7/Rp24_Ac7_Vmed_Ar1_UNC107,7,1,med,24,1.07,14.96754,2.0477,0.01029,6.16648,0.30385,0.63628,0.28667
27_Ar1_Vmed_Ac7/Rp25_Ac7_Vmed_Ar1_UNC083,7,1,med,25,0.83,14.96757,2.32955,0.01208,6.46757,0.3144,0.80143,0.30222
27_Ar1_Vmed_Ac7/Rp26_Ac7_Vmed_Ar1_UNC167,7,1,med,26,1.67,14.96695,1.95124,0.00889,6.03272,0.29202,0.62139,0.27778
27_Ar1_Vmed_Ac7/Rp27_Ac7_Vmed_Ar1_UNC238,7,1,med,27,2.38,14.96748,2.25218,0.01179,6.36696,0.29333,0.92938,0.28444
27_Ar1_Vmed_Ac7/Rp28_Ac7_Vmed_Ar1_UNC161,7,1,med,28,1.61,14.96767,1.95456,0.00891,5.99979,0.294,0.65814,0.27556
27_Ar1_Vmed_Ac7/Rp29_Ac7_Vmed_Ar1_UNC119,7,1,med,29,1.19,14.96713,1.94342,0.0096,6.03279,0.27756,0.69906,0.26889
27_Ar1_Vmed_Ac7/Rp30_Ac7_Vmed_Ar1_UNC060,7,1,med,30,0.6,14.96768,2.00875,0.00962,6.19999,0.29343,0.61714,0.28222
27_Ar1_Vmed_Ac7/Rp31_Ac7_Vmed_Ar1_UNC107,7,1,med,31,1.07,14.96726,1.92705,0.00918,5.93397,0.29184,0.61911,0.27556
27_Ar1_Vmed_Ac7/Rp32_Ac7_Vmed_Ar1_UNC132,7,1,med,32,1.32,14.96746,1.84882,0.00935,5.99946,0.28308,0.63548,0.26667
27_Ar1_Vmed_Ac7/Rp33_Ac7_Vmed_Ar1_UNC115,7,1,med,33,1.15,14.96745,1.96433,0.00999,6.03369,0.28401,0.70514,0.27333
27_Ar1_Vmed_Ac7/Rp34_Ac7_Vmed_Ar1_UNC199,7,1,med,34,1.99,14.96785,2.34087,0.01156,6.33317,0.34599,0.8266,0.3
27_Ar1_Vmed_Ac7/Rp35_Ac7_Vmed_Ar1_UNC104,7,1,med,35,1.04,14.96752,2.16818,0.00908,6.29965,0.31438,0.67507,0.29333
28_Ar1_Vmed_Ac8/Rp01_Ac8_Vmed_Ar1_UNC205,8,1,med,1,2.05,14.96711,3.27225,0.01832,10.50082,0.32808,0.58784,0.60667
28_Ar1_Vmed_Ac8/Rp02_Ac8_Vmed_Ar1_UNC284,8,1,med,2,2.84,14.96732,3.68813,0.01682,10.86739,0.35218,0.67625,0.63778
28_Ar1_Vmed_Ac8/Rp03_Ac8_Vmed_Ar1_UNC379,8,1,med,3,3.79,14.96743,3.51425,0.02001,11.10061,0.32755,0.61542,0.63111
28_Ar1_Vmed_Ac8/Rp04_Ac8_Vmed_Ar1_UNC314,8,1,med,4,3.14,14.96749,3.4016,0.01647,10.66623,0.33641,0.61009,0.62
28_Ar1_Vmed_Ac8/Rp05_Ac8_Vmed_Ar1_UNC149,8,1,med,5,1.49,14.96744,3.4113,0.01762,10.60033,0.33827,0.65202,0.61556
28_Ar1_Vmed_Ac8/Rp06_Ac8_Vmed_Ar1_UNC156,8,1,med,6,1.56,14.96758,3.88716,0.01922,11.63256,0.35017,0.67876,0.67333
28_Ar1_Vmed_Ac8/Rp07_Ac8_Vmed_Ar1_UNC102,8,1,med,7,1.02,14.96748,3.61176,0.01752,10.93249,0.3474,0.64838,0.64222
28_Ar1_Vmed_Ac8/Rp08_Ac8_Vmed_Ar1_UNC185,8,1,med,8,1.85,14.96774,3.3227,0.01948,10.69948,0.32029,0.60933,0.61778
28_Ar1_Vmed_Ac8/Rp09_Ac8_Vmed_Ar1_UNC324,8,1,med,9,3.24,14.96729,3.73351,0.01776,11.26688,0.34428,0.63569,0.65556
28_Ar1_Vmed_Ac8/Rp10_Ac8_Vmed_Ar1_UNC117,8,1,med,10,1.17,14.96756,3.55681,0.01629,10.79836,0.3379,0.679,0.64
28_Ar1_Vmed_Ac8/Rp11_Ac8_Vmed_Ar1_UNC131,8,1,med,11,1.31,14.96768,3.47582,0.01696,10.93335,0.32114,0.61473,0.62889
28_Ar1_Vmed_Ac8/Rp12_Ac8_Vmed_Ar1_UNC291,8,1,med,12,2.91,14.96764,3.70951,0.02049,11.3335,0.33302,0.64104,0.66222
28_Ar1_Vmed_Ac8/Rp13_Ac8_Vmed_Ar1_UNC277,8,1,med,13,2.77,14.96705,3.25944,0.01964,10.53339,0.32411,0.6107,0.60444
28_Ar1_Vmed_Ac8/Rp14_Ac8_Vmed_Ar1_UNC075,8,1,med,14,0.75,14.96734,3.3825,0.01761,10.7331,0.32597,0.62086,0.62889
28_Ar1_Vmed_Ac8/Rp15_Ac8_Vmed_Ar1_UNC127,8,1,med,15,1.27,14.96751,3.60137,0.01695,10.83356,0.34188,0.67249,0.63556
28_Ar1_Vmed_Ac8/Rp16_Ac8_Vmed_Ar1_UNC090,8,1,med,16,0.9,14.96769,3.42188,0.0186,10.69964,0.34115,0.61331,0.63333
28_Ar1_Vmed_Ac8/Rp17_Ac8_Vmed_Ar1_UNC184,8,1,med,17,1.84,14.96745,3.37769,0.01783,10.46624,0.34752,0.60437,0.60222
28_Ar1_Vmed_Ac8/Rp18_Ac8_Vmed_Ar1_UNC088,8,1,med,18,0.88,14.96715,3.57095,0.01775,10.80011,0.34573,0.6381,0.63556
28_Ar1_Vmed_Ac8/Rp19_Ac8_Vmed_Ar1_UNC143,8,1,med,19,1.43,14.96745,3.61166,0.01659,11.13424,0.33999,0.59214,0.64
28_Ar1_Vmed_Ac8/Rp20_Ac8_Vmed_Ar1_UNC208,8,1,med,20,2.08,14.9675,3.29566,0.01849,10.49855,0.32149,0.61841,0.60444
28_Ar1_Vmed_Ac8/Rp21_Ac8_Vmed_Ar1_UNC422,8,1,med,21,4.22,14.96726,3.72161,0.02024,11.19975,0.33892,0.64091,0.67333
28_Ar1_Vmed_Ac8/Rp22_Ac8_Vmed_Ar1_UNC376,8,1,med,22,3.76,14.96723,3.63967,0.01675,11.00016,0.34858,0.66094,0.63333
28_Ar1_Vmed_Ac8/Rp23_Ac8_Vmed_Ar1_UNC225,8,1,med,23,2.25,14.96745,3.53329,0.01501,10.79952,0.33844,0.63304,0.64444
28_Ar1_Vmed_Ac8/Rp24_Ac8_Vmed_Ar1_UNC344,8,1,med,24,3.44,14.96759,3.4349,0.01847,10.56694,0.34993,0.61771,0.62
28_Ar1_Vmed_Ac8/Rp25_Ac8_Vmed_Ar1_UNC193,8,1,med,25,1.93,14.96723,3.18161,0.01875,10.49984,0.3279,0.59122,0.59778
28_Ar1_Vmed_Ac8/Rp26_Ac8_Vmed_Ar1_UNC184,8,1,med,26,1.84,14.96737,3.29039,0.01713,10.40015,0.3364,0.61582,0.60667
28_Ar1_Vmed_Ac8/Rp27_Ac8_Vmed_Ar1_UNC259,8,1,med,27,2.59,14.96767,3.30664,0.01561,10.63443,0.32894,0.61856,0.62444
28_Ar1_Vmed_Ac8/Rp28_Ac8_Vmed_Ar1_UNC091,8,1,med,28,0.91,14.96776,3.5845,0.01614,11.23347,0.32434,0.63321,0.66
28_Ar1_Vmed_Ac8/Rp29_Ac8_Vmed_Ar1_UNC338,8,1,med,29,3.38,14.96751,3.46027,0.01635,10.76648,0.33625,0.62643,0.63556
28_Ar1_Vmed_Ac8/Rp30_Ac8_Vmed_Ar1_UNC129,8,1,med,30,1.29,14.96734,3.45856,0.01932,10.73322,0.33208,0.61301,0.62889
28_Ar1_Vmed_Ac8/Rp31_Ac8_Vmed_Ar1_UNC113,8,1,med,31,1.13,14.96721,3.38679,0.01634,10.86658,0.33701,0.60396,0.62222
28_Ar1_Vmed_Ac8/Rp32_Ac8_Vmed_Ar1_UNC234,8,1,med,32,2.34,14.96751,3.62259,0.01716,11.23369,0.3328,0.65741,0.64667
28_Ar1_Vmed_Ac8/Rp33_Ac8_Vmed_Ar1_UNC103,8,1,med,33,1.03,14.96714,3.52904,0.01754,10.73407,0.34096,0.622,0.62444
28_Ar1_Vmed_Ac8/Rp34_Ac8_Vmed_Ar1_UNC211,8,1,med,34,2.11,14.96738,3.68632,0.01662,11.13346,0.33746,0.65256,0.65778
28_Ar1_Vmed_Ac8/Rp35_Ac8_Vmed_Ar1_UNC357,8,1,med,35,3.57,14.96757,3.83498,0.01747,11.63395,0.33867,0.64828,0.68
29_Ar1_Vmed_Ac9/Rp01_Ac9_Vmed_Ar1_UNC442,9,1,med,1,4.42,14.96735,3.62075,0.01418,9.63261,0.39025,0.75579,0.52444
29_Ar1_Vmed_Ac9/Rp02_Ac9_Vmed_Ar1_UNC200,9,1,med,2,2.0,14.96728,3.15081,0.01387,9.13262,0.37619,0.66263,0.49778
29_Ar1_Vmed_Ac9/Rp03_Ac9_Vmed_Ar1_UNC117,9,1,med,3,1.17,14.9675,3.21203,0.01515,9.23225,0.37333,0.63099,0.51333
29_Ar1_Vmed_Ac9/Rp04_Ac9_Vmed_Ar1_UNC473,9,1,med,4,4.73,14.96755,3.55134,0.01406,9.66584,0.38665,0.73825,0.53778
29_Ar1_Vmed_Ac9/Rp05_Ac9_Vmed_Ar1_UNC283,9,1,med,5,2.83,14.96736,3.18608,0.01444,8.99889,0.36651,0.77197,0.49778
29_Ar1_Vmed_Ac9/Rp06_Ac9_Vmed_Ar1_UNC062,9,1,med,6,0.62,14.96719,3.44127,0.01522,9.63248,0.37885,0.66844,0.53111
29_Ar1_Vmed_Ac9/Rp07_Ac9_Vmed_Ar1_UNC209,9,1,med,7,2.09,14.96714,3.46416,0.01295,9.53462,0.38149,0.68511,0.53556
29_Ar1_Vmed_Ac9/Rp08_Ac9_Vmed_Ar1_UNC381,9,1,med,8,3.81,14.96762,3.85894,0.01467,9.93349,0.39294,0.84936,0.55333
29_Ar1_Vmed_Ac9/Rp09_Ac9_Vmed_Ar1_UNC350,9,1,med,9,3.5,14.96729,3.46795,0.01437,9.36699,0.38319,0.74684,0.51778
29_Ar1_Vmed_Ac9/Rp10_Ac9_Vmed_Ar1_UNC070,9,1,med,10,0.7,14.96714,3.37461,0.01573,9.46809,0.38289,0.66447,0.52222
29_Ar1_Vmed_Ac9/Rp11_Ac9_Vmed_Ar1_UNC267,9,1,med,11,2.67,14.96756,3.72279,0.01542,9.7331,0.39742,0.76374,0.53778
29_Ar1_Vmed_Ac9/Rp12_Ac9_Vmed_Ar1_UNC162,9,1,med,12,1.62,14.96725,3.34683,0.01489,9.06603,0.37864,0.7592,0.50667
29_Ar1_Vmed_Ac9/Rp13_Ac9_Vmed_Ar1_UNC076,9,1,med,13,0.76,14.96763,3.39651,0.01484,9.4664,0.37957,0.71167,0.52
29_Ar1_Vmed_Ac9/Rp14_Ac9_Vmed_Ar1_UNC272,9,1,med,14,2.72,14.96774,3.60516,0.01564,9.73376,0.37805,0.80708,0.53111
29_Ar1_Vmed_Ac9/Rp15_Ac9_Vmed_Ar1_UNC115,9,1,med,15,1.15,14.96746,3.3945,0.01493,9.29956,0.37928,0.7183,0.50667
29_Ar1_Vmed_Ac9/Rp16_Ac9_Vmed_Ar1_UNC384,9,1,med,16,3.84,14.96729,3.19028,0.01353,9.4006,0.36046,0.62984,0.52
29_Ar1_Vmed_Ac9/Rp17_Ac9_Vmed_Ar1_UNC429,9,1,med,17,4.29,14.96777,3.71562,0.01633,9.96688,0.39545,0.71649,0.54667
29_Ar1_Vmed_Ac9/Rp18_Ac9_Vmed_Ar1_UNC229,9,1,med,18,2.29,14.96725,3.50332,0.01371,9.60024,0.38499,0.69689,0.53556
29_Ar1_Vmed_Ac9/Rp19_Ac9_Vmed_Ar1_UNC091,9,1,med,19,0.91,14.96732,3.65702,0.01478,9.76686,0.39021,0.74227,0.53556
29_Ar1_Vmed_Ac9/Rp20_Ac9_Vmed_Ar1_UNC429,9,1,med,20,4.29,14.96749,3.24234,0.01407,9.36706,0.37343,0.63623,0.51556
29_Ar1_Vmed_Ac9/Rp21_Ac9_Vmed_Ar1_UNC376,9,1,med,21,3.76,14.96746,3.46709,0.01417,9.60071,0.38449,0.6781,0.53333
29_Ar1_Vmed_Ac9/Rp22_Ac9_Vmed_Ar1_UNC090,9,1,med,22,0.9,14.96715,3.23801,0.01334,9.4346,0.37134,0.65709,0.52
29_Ar1_Vmed_Ac9/Rp23_Ac9_Vmed_Ar1_UNC505,9,1,med,23,5.05,14.96756,3.80634,0.01417,9.86637,0.39184,0.80626,0.55111
29_Ar1_Vmed_Ac9/Rp24_Ac9_Vmed_Ar1_UNC137,9,1,med,24,1.37,14.96739,3.46034,0.01437,9.53308,0.38413,0.71038,0.52889
29_Ar1_Vmed_Ac9/Rp25_Ac9_Vmed_Ar1_UNC106,9,1,med,25,1.06,14.96789,3.33552,0.01431,9.53358,0.37227,0.61821,0.52444
29_Ar1_Vmed_Ac9/Rp26_Ac9_Vmed_Ar1_UNC095,9,1,med,26,0.95,14.96764,3.43934,0.01557,9.3671,0.39136,0.68487,0.52
29_Ar1_Vmed_Ac9/Rp27_Ac9_Vmed_Ar1_UNC157,9,1,med,27,1.57,14.9676,3.42254,0.01627,9.434,0.39186,0.67664,0.52667
29_Ar1_Vmed_Ac9/Rp28_Ac9_Vmed_Ar1_UNC186,9,1,med,28,1.86,14.96803,3.3607,0.01527,9.299,0.37453,0.75327,0.50889
29_Ar1_Vmed_Ac9/Rp29_Ac9_Vmed_Ar1_UNC146,9,1,med,29,1.46,14.96711,3.36926,0.01401,9.66579,0.37525,0.64279,0.53111
29_Ar1_Vmed_Ac9/Rp30_Ac9_Vmed_Ar1_UNC407,9,1,med,30,4.07,14.96752,3.45869,0.01472,9.50001,0.38035,0.68726,0.52889
29_Ar1_Vmed_Ac9/Rp31_Ac9_Vmed_Ar1_UNC381,9,1,med,31,3.81,14.96737,3.51763,0.01541,9.53381,0.38514,0.71436,0.52222
29_Ar1_Vmed_Ac9/Rp32_Ac9_Vmed_Ar1_UNC342,9,1,med,32,3.42,14.96775,3.29131,0.01372,9.56664,0.37119,0.65765,0.52
29_Ar1_Vmed_Ac9/Rp33_Ac9_Vmed_Ar1_UNC137,9,1,med,33,1.37,14.96737,3.15509,0.01442,9.06622,0.37067,0.6657,0.5
29_Ar1_Vmed_Ac9/Rp34_Ac9_Vmed_Ar1_UNC130,9,1,med,34,1.3,14.9674,3.36352,0.01544,9.33293,0.3721,0.78225,0.51111
29_Ar1_Vmed_Ac9/Rp35_Ac9_Vmed_Ar1_UNC115,9,1,med,35,1.15,14.96774,3.36981,0.01804,9.49947,0.37813,0.66699,0.51556
30_Ar2_Vmed_Ac0/Rp01_Ac0_Vmed_Ar2_UNC239,0,2,med,1,2.39,14.96724,2.96466,0.01106,8.29966,0.28508,0.78183,0.42
30_Ar2_Vmed_Ac0/Rp02_Ac0_Vmed_Ar2_UNC137,0,2,med,2,1.37,14.96748,2.93243,0.01002,8.23354,0.2811,0.77884,0.41556
30_Ar2_Vmed_Ac0/Rp03_Ac0_Vmed_Ar2_UNC329,0,2,med,3,3.29,14.96739,2.66935,0.01129,8.06709,0.28999,0.61945,0.41333
30_Ar2_Vmed_Ac0/Rp04_Ac0_Vmed_Ar2_UNC220,0,2,med,4,2.2,14.9673,2.62149,0.01163,8.0013,0.28068,0.62162,0.40444
30_Ar2_Vmed_Ac0/Rp05_Ac0_Vmed_Ar2_UNC136,0,2,med,5,1.36,14.9678,3.1127,0.01138,8.40048,0.28422,0.79308,0.42222
30_Ar2_Vmed_Ac0/Rp06_Ac0_Vmed_Ar2_UNC257,0,2,med,6,2.57,14.9673,2.75419,0.01126,7.96597,0.28033,0.6916,0.40444
30_Ar2_Vmed_Ac0/Rp07_Ac0_Vmed_Ar2_UNC101,0,2,med,7,1.01,14.96734,3.0408,0.01062,8.13302,0.28429,0.79125,0.41556
30_Ar2_Vmed_Ac0/Rp08_Ac0_Vmed_Ar2_UNC309,0,2,med,8,3.09,14.96701,2.98039,0.01103,8.33382,0.28372,0.86722,0.41778
30_Ar2_Vmed_Ac0/Rp09_Ac0_Vmed_Ar2_UNC051,0,2,med,9,0.51,14.96751,2.8204,0.01065,8.23293,0.29378,0.69464,0.42
30_Ar2_Vmed_Ac0/Rp10_Ac0_Vmed_Ar2_UNC196,0,2,med,10,1.96,14.96733,3.18633,0.01004,8.39906,0.29992,0.81185,0.43556
30_Ar2_Vmed_Ac0/Rp11_Ac0_Vmed_Ar2_UNC079,0,2,med,11,0.79,14.96713,3.03992,0.01094,8.3001,0.28462,0.75811,0.42
30_Ar2_Vmed_Ac0/Rp12_Ac0_Vmed_Ar2_UNC244,0,2,med,12,2.44,14.96756,2.88726,0.01099,8.23429,0.2937,0.73339,0.41778
30_Ar2_Vmed_Ac0/Rp13_Ac0_Vmed_Ar2_UNC337,0,2,med,13,3.37,14.96723,2.51968,0.01108,7.93294,0.27819,0.61559,0.39778
30_Ar2_Vmed_Ac0/Rp14_Ac0_Vmed_Ar2_UNC264,0,2,med,14,2.64,14.96741,2.48766,0.01177,7.96626,0.2718,0.62166,0.4
30_Ar2_Vmed_Ac0/Rp15_Ac0_Vmed_Ar2_UNC237,0,2,med,15,2.37,14.96745,2.77838,0.0103,8.00021,0.28085,0.70443,0.40222
30_Ar2_Vmed_Ac0/Rp16_Ac0_Vmed_Ar2_UNC157,0,2,med,16,1.57,14.96722,2.86485,0.01099,8.0667,0.2782,0.71523,0.40889
30_Ar2_Vmed_Ac0/Rp17_Ac0_Vmed_Ar2_UNC136,0,2,med,17,1.36,14.96733,2.53082,0.01147,8.06687,0.28366,0.60239,0.40444
30_Ar2_Vmed_Ac0/Rp18_Ac0_Vmed_Ar2_UNC342,0,2,med,18,3.42,14.96761,2.59486,0.01093,8.03328,0.27919,0.62467,0.40444
30_Ar2_Vmed_Ac0/Rp19_Ac0_Vmed_Ar2_UNC076,0,2,med,19,0.76,14.96753,2.77749,0.01007,8.10057,0.28708,0.67802,0.41111
30_Ar2_Vmed_Ac0/Rp20_Ac0_Vmed_Ar2_UNC129,0,2,med,20,1.29,14.96724,3.22382,0.01099,8.49956,0.30105,0.83704,0.43333
30_Ar2_Vmed_Ac0/Rp21_Ac0_Vmed_Ar2_UNC311,0,2,med,21,3.11,14.96713,2.83675,0.01111,8.33323,0.29848,0.63337,0.42222
30_Ar2_Vmed_Ac0/Rp22_Ac0_Vmed_Ar2_UNC056,0,2,med,22,0.56,14.96754,2.70003,0.01062,8.13259,0.28997,0.62492,0.41333
30_Ar2_Vmed_Ac0/Rp23_Ac0_Vmed_Ar2_UNC244,0,2,med,23,2.44,14.96728,2.97726,0.00986,8.2324,0.28937,0.73107,0.42
30_Ar2_Vmed_Ac0/Rp24_Ac0_Vmed_Ar2_UNC163,0,2,med,24,1.63,14.96743,2.92801,0.01221,8.33374,0.28028,0.74036,0.41778
30_Ar2_Vmed_Ac0/Rp25_Ac0_Vmed_Ar2_UNC092,0,2,med,25,0.92,14.96733,2.79757,0.01136,8.13357,0.28104,0.68338,0.41111
30_Ar2_Vmed_Ac0/Rp26_Ac0_Vmed_Ar2_UNC126,0,2,med,26,1.26,14.9677,2.83616,0.01108,8.1999,0.286,0.70374,0.41111
30_Ar2_Vmed_Ac0/Rp27_Ac0_Vmed_Ar2_UNC069,0,2,med,27,0.69,14.96726,2.70664,0.01059,7.9329,0.28145,0.68871,0.40222
30_Ar2_Vmed_Ac0/Rp28_Ac0_Vmed_Ar2_UNC172,0,2,med,28,1.72,14.96733,2.94073,0.01067,8.30046,0.2913,0.73242,0.42
30_Ar2_Vmed_Ac0/Rp29_Ac0_Vmed_Ar2_UNC363,0,2,med,29,3.63,14.96733,2.73543,0.01014,7.9661,0.2805,0.69972,0.40444
30_Ar2_Vmed_Ac0/Rp30_Ac0_Vmed_Ar2_UNC157,0,2,med,30,1.57,14.96727,2.98468,0.01033,8.30015,0.29319,0.82589,0.42
30_Ar2_Vmed_Ac0/Rp31_Ac0_Vmed_Ar2_UNC173,0,2,med,31,1.73,14.967,2.91968,0.01015,8.29994,0.30335,0.69411,0.42667
30_Ar2_Vmed_Ac0/Rp32_Ac0_Vmed_Ar2_UNC125,0,2,med,32,1.25,14.96764,2.98277,0.01071,8.23367,0.28264,0.89217,0.41333
30_Ar2_Vmed_Ac0/Rp33_Ac0_Vmed_Ar2_UNC082,0,2,med,33,0.82,14.96769,2.947,0.01004,8.29982,0.30132,0.69527,0.42667
30_Ar2_Vmed_Ac0/Rp34_Ac0_Vmed_Ar2_UNC138,0,2,med,34,1.38,14.9678,2.7429,0.01098,8.1004,0.27382,0.70026,0.40444
30_Ar2_Vmed_Ac0/Rp35_Ac0_Vmed_Ar2_UNC044,0,2,med,35,0.44,14.96734,2.92748,0.0104,8.29943,0.29454,0.74672,0.42
31_Ar2_Vmed_Ac1/Rp01_Ac1_Vmed_Ar2_UNC101,1,2,med,1,1.01,14.96763,1.48486,0.0069,5.03311,0.27363,0.55937,0.19778
31_Ar2_Vmed_Ac1/Rp02_Ac1_Vmed_Ar2_UNC301,1,2,med,2,3.01,14.96745,1.82499,0.00683,5.33373,0.3018,0.7071,0.22
31_Ar2_Vmed_Ac1/Rp03_Ac1_Vmed_Ar2_UNC197,1,2,med,3,1.97,14.96737,1.65572,0.00615,5.13332,0.28668,0.6428,0.20667
31_Ar2_Vmed_Ac1/Rp04_Ac1_Vmed_Ar2_UNC300,1,2,med,4,3.0,14.96729,1.8246,0.00677,5.33355,0.311,0.7109,0.21778
31_Ar2_Vmed_Ac1/Rp05_Ac1_Vmed_Ar2_UNC034,1,2,med,5,0.34,14.96742,1.59448,0.00707,5.10054,0.28753,0.60038,0.20444
31_Ar2_Vmed_Ac1/Rp06_Ac1_Vmed_Ar2_UNC080,1,2,med,6,0.8,14.96755,1.82445,0.00729,5.36669,0.31826,0.6766,0.22
31_Ar2_Vmed_Ac1/Rp07_Ac1_Vmed_Ar2_UNC247,1,2,med,7,2.47,14.96758,1.52458,0.00797,5.06628,0.29456,0.54661,0.20444
31_Ar2_Vmed_Ac1/Rp08_Ac1_Vmed_Ar2_UNC147,1,2,med,8,1.47,14.96753,1.70459,0.00661,5.23346,0.30766,0.62378,0.21111
31_Ar2_Vmed_Ac1/Rp09_Ac1_Vmed_Ar2_UNC099,1,2,med,9,0.99,14.96757,1.77098,0.0071,5.30006,0.32059,0.64917,0.21778
31_Ar2_Vmed_Ac1/Rp10_Ac1_Vmed_Ar2_UNC245,1,2,med,10,2.45,14.96738,1.48043,0.00708,5.03369,0.27099,0.56396,0.19778
31_Ar2_Vmed_Ac1/Rp11_Ac1_Vmed_Ar2_UNC099,1,2,med,11,0.99,14.96719,1.86423,0.00697,5.36715,0.30654,0.73815,0.22
31_Ar2_Vmed_Ac1/Rp12_Ac1_Vmed_Ar2_UNC246,1,2,med,12,2.46,14.96752,1.72209,0.00719,5.23282,0.28107,0.68944,0.20667
31_Ar2_Vmed_Ac1/Rp13_Ac1_Vmed_Ar2_UNC234,1,2,med,13,2.34,14.96733,1.84931,0.00683,5.33363,0.31002,0.707,0.22222
31_Ar2_Vmed_Ac1/Rp14_Ac1_Vmed_Ar2_UNC127,1,2,med,14,1.27,14.96756,1.68864,0.00702,5.23402,0.30898,0.62151,0.21333
31_Ar2_Vmed_Ac1/Rp15_Ac1_Vmed_Ar2_UNC204,1,2,med,15,2.04,14.9675,1.5813,0.00713,5.10066,0.29595,0.57245,0.20667
31_Ar2_Vmed_Ac1/Rp16_Ac1_Vmed_Ar2_UNC191,1,2,med,16,1.91,14.96748,1.60066,0.00666,5.10021,0.28069,0.6224,0.20222
31_Ar2_Vmed_Ac1/Rp17_Ac1_Vmed_Ar2_UNC129,1,2,med,17,1.29,14.96766,1.51194,0.00784,5.06601,0.29188,0.54391,0.20222
31_Ar2_Vmed_Ac1/Rp18_Ac1_Vmed_Ar2_UNC106,1,2,med,18,1.06,14.96742,1.56736,0.00742,5.09974,0.29974,0.55679,0.20667
31_Ar2_Vmed_Ac1/Rp19_Ac1_Vmed_Ar2_UNC077,1,2,med,19,0.77,14.9674,1.52815,0.00746,5.03375,0.28426,0.57438,0.2
31_Ar2_Vmed_Ac1/Rp20_Ac1_Vmed_Ar2_UNC173,1,2,med,20,1.73,14.96767,1.85854,0.00687,5.36709,0.31766,0.70445,0.22
31_Ar2_Vmed_Ac1/Rp21_Ac1_Vmed_Ar2_UNC074,1,2,med,21,0.74,14.96763,1.51086,0.00766,5.06665,0.27619,0.57188,0.2
31_Ar2_Vmed_Ac1/Rp22_Ac1_Vmed_Ar2_UNC229,1,2,med,22,2.29,14.96732,1.56671,0.00778,5.10008,0.29684,0.56192,0.20667
31_Ar2_Vmed_Ac1/Rp23_Ac1_Vmed_Ar2_UNC232,1,2,med,23,2.32,14.96741,1.44154,0.007,4.93328,0.27565,0.54959,0.19556
31_Ar2_Vmed_Ac1/Rp24_Ac1_Vmed_Ar2_UNC124,1,2,med,24,1.24,14.96758,1.79103,0.00717,5.26687,0.31266,0.67066,0.21556
31_Ar2_Vmed_Ac1/Rp25_Ac1_Vmed_Ar2_UNC040,1,2,med,25,0.4,14.96712,1.73821,0.007,5.20003,0.28891,0.69485,0.20667
31_Ar2_Vmed_Ac1/Rp26_Ac1_Vmed_Ar2_UNC145,1,2,med,26,1.45,14.96763,1.44541,0.00742,4.99967,0.27202,0.54358,0.19556
31_Ar2_Vmed_Ac1/Rp27_Ac1_Vmed_Ar2_UNC294,1,2,med,27,2.94,14.96766,1.78635,0.00717,5.30005,0.31185,0.65354,0.21778
31_Ar2_Vmed_Ac1/Rp28_Ac1_Vmed_Ar2_UNC121,1,2,med,28,1.21,14.96768,1.77336,0.00758,5.2664,0.29174,0.707,0.21111
31_Ar2_Vmed_Ac1/Rp29_Ac1_Vmed_Ar2_UNC304,1,2,med,29,3.04,14.96734,1.85653,0.0077,5.33382,0.29959,0.75801,0.21778
31_Ar2_Vmed_Ac1/Rp30_Ac1_Vmed_Ar2_UNC172,1,2,med,30,1.72,14.96722,1.78819,0.00697,5.30021,0.30128,0.6875,0.21556
31_Ar2_Vmed_Ac1/Rp31_Ac1_Vmed_Ar2_UNC046,1,2,med,31,0.46,14.96745,1.60288,0.00743,5.13313,0.29102,0.59969,0.20667
31_Ar2_Vmed_Ac1/Rp32_Ac1_Vmed_Ar2_UNC058,1,2,med,32,0.58,14.96769,1.6166,0.00655,5.10028,0.28383,0.61895,0.20444
31_Ar2_Vmed_Ac1/Rp33_Ac1_Vmed_Ar2_UNC246,1,2,med,33,2.46,14.96701,1.50993,0.00682,5.00026,0.27497,0.58381,0.19778
31_Ar2_Vmed_Ac1/Rp34_Ac1_Vmed_Ar2_UNC043,1,2,med,34,0.43,14.96761,1.73613,0.0069,5.26659,0.31413,0.63902,0.21333
31_Ar2_Vmed_Ac1/Rp35_Ac1_Vmed_Ar2_UNC187,1,2,med,35,1.87,14.96673,1.7344,0.0066,5.23389,0.30041,0.65963,0.21333
31_Ar2_Vmed_Ac1/Rp36_Ac1_Vmed_Ar2_UNC077,1,2,med,36,0.77,14.96729,1.77268,0.00724,5.3001,0.31133,0.65326,0.21778
32_Ar2_Vmed_Ac2/Rp01_Ac2_Vmed_Ar2_UNC101,2,2,med,1,1.01,14.96711,3.03231,0.01153,9.19943,0.31629,0.65373,0.5
32_Ar2_Vmed_Ac2/Rp02_Ac2_Vmed_Ar2_UNC131,2,2,med,2,1.31,14.9675,3.13185,0.01129,9.26624,0.31948,0.64064,0.51111
32_Ar2_Vmed_Ac2/Rp03_Ac2_Vmed_Ar2_UNC277,2,2,med,3,2.77,14.96745,3.19809,0.01155,9.30007,0.32828,0.65374,0.52
32_Ar2_Vmed_Ac2/Rp04_Ac2_Vmed_Ar2_UNC361,2,2,med,4,3.61,14.96746,3.1465,0.01158,9.03354,0.34388,0.66285,0.49556
32_Ar2_Vmed_Ac2/Rp05_Ac2_Vmed_Ar2_UNC375,2,2,med,5,3.75,14.96755,3.01087,0.0121,8.89996,0.33012,0.62917,0.49333
32_Ar2_Vmed_Ac2/Rp06_Ac2_Vmed_Ar2_UNC236,2,2,med,6,2.36,14.96686,2.96868,0.01268,9.06602,0.31811,0.61597,0.49778
32_Ar2_Vmed_Ac2/Rp07_Ac2_Vmed_Ar2_UNC089,2,2,med,7,0.89,14.9672,3.00448,0.01134,9.19972,0.3127,0.63729,0.5
32_Ar2_Vmed_Ac2/Rp08_Ac2_Vmed_Ar2_UNC185,2,2,med,8,1.85,14.9674,3.06037,0.01122,9.40038,0.31882,0.61681,0.50667
32_Ar2_Vmed_Ac2/Rp09_Ac2_Vmed_Ar2_UNC298,2,2,med,9,2.98,14.96742,2.88768,0.01096,9.00056,0.30837,0.60649,0.49556
32_Ar2_Vmed_Ac2/Rp10_Ac2_Vmed_Ar2_UNC409,2,2,med,10,4.09,14.96737,3.01073,0.01101,9.10013,0.32138,0.63511,0.50889
32_Ar2_Vmed_Ac2/Rp11_Ac2_Vmed_Ar2_UNC178,2,2,med,11,1.78,14.96726,3.1618,0.01156,9.36604,0.32896,0.64512,0.50889
32_Ar2_Vmed_Ac2/Rp12_Ac2_Vmed_Ar2_UNC193,2,2,med,12,1.93,14.96726,2.86848,0.01213,8.90095,0.31624,0.63075,0.47778
32_Ar2_Vmed_Ac2/Rp13_Ac2_Vmed_Ar2_UNC311,2,2,med,13,3.11,14.96744,3.06595,0.01196,9.36741,0.30644,0.62689,0.50889
32_Ar2_Vmed_Ac2/Rp14_Ac2_Vmed_Ar2_UNC119,2,2,med,14,1.19,14.96765,3.22837,0.01315,9.60064,0.31922,0.63883,0.52667
32_Ar2_Vmed_Ac2/Rp15_Ac2_Vmed_Ar2_UNC165,2,2,med,15,1.65,14.96739,3.22843,0.00999,9.40036,0.33624,0.65923,0.52667
32_Ar2_Vmed_Ac2/Rp16_Ac2_Vmed_Ar2_UNC199,2,2,med,16,1.99,14.96756,3.31079,0.0113,9.4988,0.34804,0.69194,0.53333
32_Ar2_Vmed_Ac2/Rp17_Ac2_Vmed_Ar2_UNC270,2,2,med,17,2.7,14.96756,3.03629,0.01218,9.36726,0.30274,0.62548,0.50444
32_Ar2_Vmed_Ac2/Rp18_Ac2_Vmed_Ar2_UNC335,2,2,med,18,3.35,14.96748,3.10798,0.0118,9.40035,0.31057,0.61947,0.51778
32_Ar2_Vmed_Ac2/Rp19_Ac2_Vmed_Ar2_UNC378,2,2,med,19,3.78,14.96747,2.95482,0.0125,8.99987,0.31674,0.60764,0.49556
32_Ar2_Vmed_Ac2/Rp20_Ac2_Vmed_Ar2_UNC117,2,2,med,20,1.17,14.96718,3.00353,0.00546,9.13324,0.32036,0.63401,0.50444
32_Ar2_Vmed_Ac2/Rp21_Ac2_Vmed_Ar2_UNC136,2,2,med,21,1.36,14.96772,3.30596,0.0,9.39927,0.3461,0.68598,0.52444
32_Ar2_Vmed_Ac2/Rp22_Ac2_Vmed_Ar2_UNC334,2,2,med,22,3.34,14.96764,3.08988,0.0,9.26712,0.32622,0.64769,0.51778
32_Ar2_Vmed_Ac2/Rp23_Ac2_Vmed_Ar2_UNC104,2,2,med,23,1.04,14.96728,3.11501,0.0,9.30006,0.33228,0.61953,0.52222
32_Ar2_Vmed_Ac2/Rp24_Ac2_Vmed_Ar2_UNC068,2,2,med,24,0.68,14.96761,3.2305,0.0,9.39931,0.33638,0.66867,0.52
32_Ar2_Vmed_Ac2/Rp25_Ac2_Vmed_Ar2_UNC250,2,2,med,25,2.5,14.96757,2.85948,0.0,8.93341,0.3211,0.59053,0.48667
32_Ar2_Vmed_Ac2/Rp26_Ac2_Vmed_Ar2_UNC271,2,2,med,26,2.71,14.96776,2.75179,0.0,8.60006,0.30612,0.59836,0.46222
32_Ar2_Vmed_Ac2/Rp27_Ac2_Vmed_Ar2_UNC302,2,2,med,27,3.02,14.9673,3.06486,0.0,9.36697,0.32108,0.6087,0.50667
32_Ar2_Vmed_Ac2/Rp28_Ac2_Vmed_Ar2_UNC102,2,2,med,28,1.02,14.96673,3.03102,0.0,9.30072,0.31726,0.63647,0.50444
32_Ar2_Vmed_Ac2/Rp29_Ac2_Vmed_Ar2_UNC329,2,2,med,29,3.29,14.96738,3.15467,0.0,9.33398,0.33193,0.66019,0.51556
32_Ar2_Vmed_Ac2/Rp30_Ac2_Vmed_Ar2_UNC132,2,2,med,30,1.32,14.96707,3.06631,0.0,9.23398,0.32159,0.62943,0.51556
32_Ar2_Vmed_Ac2/Rp31_Ac2_Vmed_Ar2_UNC245,2,2,med,31,2.45,14.96743,3.26037,0.0,9.40041,0.34065,0.66437,0.52
32_Ar2_Vmed_Ac2/Rp32_Ac2_Vmed_Ar2_UNC238,2,2,med,32,2.38,14.96781,3.32023,0.0,9.80045,0.33042,0.64125,0.54
32_Ar2_Vmed_Ac2/Rp33_Ac2_Vmed_Ar2_UNC425,2,2,med,33,4.25,14.9676,2.76703,0.0,8.96651,0.30093,0.57734,0.48
32_Ar2_Vmed_Ac2/Rp34_Ac2_Vmed_Ar2_UNC251,2,2,med,34,2.51,14.96709,2.84928,0.0,9.09995,0.31094,0.57721,0.48667
32_Ar2_Vmed_Ac2/Rp35_Ac2_Vmed_Ar2_UNC325,2,2,med,35,3.25,14.96759,2.7468,0.0,8.66673,0.2904,0.60258,0.46222
33_Ar2_Vmed_Ac3/Rp01_Ac3_Vmed_Ar2_UNC117,3,2,med,1,1.17,14.96737,3.52916,0.01673,10.26724,0.35154,0.67967,0.58667
33_Ar2_Vmed_Ac3/Rp02_Ac3_Vmed_Ar2_UNC181,3,2,med,2,1.81,14.96748,3.60554,0.01439,10.43318,0.33127,0.67648,0.58889
33_Ar2_Vmed_Ac3/Rp03_Ac3_Vmed_Ar2_UNC103,3,2,med,3,1.03,14.96746,3.40355,0.01612,10.03315,0.3343,0.66601,0.56667
33_Ar2_Vmed_Ac3/Rp04_Ac3_Vmed_Ar2_UNC118,3,2,med,4,1.18,14.96726,3.37108,0.01711,10.3009,0.31156,0.61776,0.56889
33_Ar2_Vmed_Ac3/Rp05_Ac3_Vmed_Ar2_UNC240,3,2,med,5,2.4,14.96754,3.4789,0.01492,10.20002,0.33854,0.66903,0.57778
33_Ar2_Vmed_Ac3/Rp06_Ac3_Vmed_Ar2_UNC180,3,2,med,6,1.8,14.96753,3.31674,0.01256,10.03424,0.32211,0.62742,0.57333
33_Ar2_Vmed_Ac3/Rp07_Ac3_Vmed_Ar2_UNC283,3,2,med,7,2.83,14.96728,3.32237,0.0144,10.06622,0.32432,0.63613,0.56667
33_Ar2_Vmed_Ac3/Rp08_Ac3_Vmed_Ar2_UNC144,3,2,med,8,1.44,14.96758,3.3221,0.01438,9.96704,0.32306,0.65856,0.56667
33_Ar2_Vmed_Ac3/Rp09_Ac3_Vmed_Ar2_UNC297,3,2,med,9,2.97,14.96727,3.3846,0.01768,10.33353,0.31003,0.62968,0.57111
33_Ar2_Vmed_Ac3/Rp10_Ac3_Vmed_Ar2_UNC280,3,2,med,10,2.8,14.9674,3.04817,0.01457,9.79994,0.30183,0.58876,0.54
33_Ar2_Vmed_Ac3/Rp11_Ac3_Vmed_Ar2_UNC249,3,2,med,11,2.49,14.96745,3.87939,0.01418,10.99995,0.34967,0.7034,0.62667
33_Ar2_Vmed_Ac3/Rp12_Ac3_Vmed_Ar2_UNC278,3,2,med,12,2.78,14.96749,3.43412,0.0187,10.06715,0.33352,0.65654,0.57333
33_Ar2_Vmed_Ac3/Rp13_Ac3_Vmed_Ar2_UNC217,3,2,med,13,2.17,14.96703,3.57258,0.01334,10.33328,0.33977,0.65439,0.59111
33_Ar2_Vmed_Ac3/Rp14_Ac3_Vmed_Ar2_UNC234,3,2,med,14,2.34,14.96713,3.27665,0.01569,10.26668,0.31225,0.58773,0.56889
33_Ar2_Vmed_Ac3/Rp15_Ac3_Vmed_Ar2_UNC082,3,2,med,15,0.82,14.96761,3.38995,0.01336,10.06705,0.32346,0.64269,0.57778
33_Ar2_Vmed_Ac3/Rp16_Ac3_Vmed_Ar2_UNC331,3,2,med,16,3.31,14.96743,3.5172,0.01656,10.56685,0.32774,0.63088,0.58889
33_Ar2_Vmed_Ac3/Rp17_Ac3_Vmed_Ar2_UNC390,3,2,med,17,3.9,14.96705,3.69931,0.01487,10.66682,0.34094,0.68992,0.60222
33_Ar2_Vmed_Ac3/Rp18_Ac3_Vmed_Ar2_UNC123,3,2,med,18,1.23,14.96765,3.66792,0.01405,10.53381,0.33943,0.66886,0.6
33_Ar2_Vmed_Ac3/Rp19_Ac3_Vmed_Ar2_UNC351,3,2,med,19,3.51,14.96747,3.58758,0.0161,10.33345,0.33658,0.65882,0.59556
33_Ar2_Vmed_Ac3/Rp20_Ac3_Vmed_Ar2_UNC352,3,2,med,20,3.52,14.96733,3.39175,0.01673,10.33418,0.32562,0.62237,0.57778
33_Ar2_Vmed_Ac3/Rp21_Ac3_Vmed_Ar2_UNC173,3,2,med,21,1.73,14.96783,3.49409,0.01696,10.33286,0.32566,0.61474,0.59778
33_Ar2_Vmed_Ac3/Rp22_Ac3_Vmed_Ar2_UNC363,3,2,med,22,3.63,14.96739,3.68466,0.01819,10.63372,0.34062,0.6694,0.60222
33_Ar2_Vmed_Ac3/Rp23_Ac3_Vmed_Ar2_UNC151,3,2,med,23,1.51,14.96739,3.43591,0.01495,10.23257,0.34079,0.6432,0.58444
33_Ar2_Vmed_Ac3/Rp24_Ac3_Vmed_Ar2_UNC147,3,2,med,24,1.47,14.9677,3.32578,0.01632,10.13405,0.31383,0.61814,0.56667
33_Ar2_Vmed_Ac3/Rp25_Ac3_Vmed_Ar2_UNC160,3,2,med,25,1.6,14.9676,3.05347,0.01527,9.79973,0.30323,0.58082,0.54667
33_Ar2_Vmed_Ac3/Rp26_Ac3_Vmed_Ar2_UNC081,3,2,med,26,0.81,14.96762,3.50187,0.01441,10.40011,0.33029,0.65627,0.58667
33_Ar2_Vmed_Ac3/Rp27_Ac3_Vmed_Ar2_UNC201,3,2,med,27,2.01,14.96771,3.39214,0.01819,10.16666,0.31458,0.67889,0.56667
33_Ar2_Vmed_Ac3/Rp28_Ac3_Vmed_Ar2_UNC063,3,2,med,28,0.63,14.96747,3.57681,0.01437,10.53251,0.335,0.70012,0.58889
33_Ar2_Vmed_Ac3/Rp29_Ac3_Vmed_Ar2_UNC341,3,2,med,29,3.41,14.96727,3.77153,0.01437,10.63277,0.35817,0.71038,0.61111
33_Ar2_Vmed_Ac3/Rp30_Ac3_Vmed_Ar2_UNC304,3,2,med,30,3.04,14.96761,3.5198,0.015,10.49947,0.32669,0.65308,0.59111
33_Ar2_Vmed_Ac3/Rp31_Ac3_Vmed_Ar2_UNC195,3,2,med,31,1.95,14.96734,3.51538,0.01383,10.46699,0.33655,0.66425,0.59333
33_Ar2_Vmed_Ac3/Rp32_Ac3_Vmed_Ar2_UNC319,3,2,med,32,3.19,14.96759,3.37255,0.01656,10.19904,0.32194,0.61514,0.57333
33_Ar2_Vmed_Ac3/Rp33_Ac3_Vmed_Ar2_UNC088,3,2,med,33,0.88,14.96756,3.62168,0.01319,10.49988,0.34685,0.66957,0.60444
33_Ar2_Vmed_Ac3/Rp34_Ac3_Vmed_Ar2_UNC106,3,2,med,34,1.06,14.96755,3.5046,0.01411,10.43401,0.33271,0.65205,0.59556
33_Ar2_Vmed_Ac3/Rp35_Ac3_Vmed_Ar2_UNC297,3,2,med,35,2.97,14.96762,3.32678,0.0155,10.16689,0.31237,0.63191,0.56444
33_Ar2_Vmed_Ac3/Rp36_Ac3_Vmed_Ar2_UNC272,3,2,med,36,2.72,14.96757,3.7256,0.01402,10.46739,0.35876,0.68298,0.60889
34_Ar2_Vmed_Ac4/Rp01_Ac4_Vmed_Ar2_UNC089,4,2,med,1,0.89,14.96692,2.75512,0.01023,8.49988,0.30246,0.69124,0.44889
34_Ar2_Vmed_Ac4/Rp02_Ac4_Vmed_Ar2_UNC170,4,2,med,2,1.7,14.96708,2.6879,0.01016,8.29934,0.29969,0.68907,0.44444
34_Ar2_Vmed_Ac4/Rp03_Ac4_Vmed_Ar2_UNC198,4,2,med,3,1.98,14.96709,2.47096,0.01197,8.23346,0.28821,0.61165,0.43111
34_Ar2_Vmed_Ac4/Rp04_Ac4_Vmed_Ar2_UNC316,4,2,med,4,3.16,14.96699,2.88508,0.0117,8.73311,0.30488,0.73316,0.46
34_Ar2_Vmed_Ac4/Rp05_Ac4_Vmed_Ar2_UNC251,4,2,med,5,2.51,14.96683,2.9066,0.01198,8.69998,0.28881,0.85221,0.45111
34_Ar2_Vmed_Ac4/Rp06_Ac4_Vmed_Ar2_UNC087,4,2,med,6,0.87,14.96724,3.06131,0.01249,8.86714,0.30729,0.7562,0.46
34_Ar2_Vmed_Ac4/Rp07_Ac4_Vmed_Ar2_UNC243,4,2,med,7,2.43,14.96682,2.94066,0.01148,8.5997,0.32154,0.76987,0.45333
34_Ar2_Vmed_Ac4/Rp08_Ac4_Vmed_Ar2_UNC247,4,2,med,8,2.47,14.96692,2.60248,0.01232,8.46667,0.28654,0.64356,0.44444
34_Ar2_Vmed_Ac4/Rp09_Ac4_Vmed_Ar2_UNC169,4,2,med,9,1.69,14.96699,2.96357,0.01133,8.49973,0.32064,0.75767,0.46222
34_Ar2_Vmed_Ac4/Rp10_Ac4_Vmed_Ar2_UNC128,4,2,med,10,1.28,14.96698,2.49058,0.01032,8.23346,0.28982,0.60849,0.43556
34_Ar2_Vmed_Ac4/Rp11_Ac4_Vmed_Ar2_UNC091,4,2,med,11,0.91,14.96733,2.57035,0.01175,8.26703,0.29768,0.63184,0.44
34_Ar2_Vmed_Ac4/Rp12_Ac4_Vmed_Ar2_UNC160,4,2,med,12,1.6,14.96712,2.51728,0.01115,8.20003,0.30124,0.607,0.44
34_Ar2_Vmed_Ac4/Rp13_Ac4_Vmed_Ar2_UNC162,4,2,med,13,1.62,14.9668,2.64424,0.00976,8.36867,0.2983,0.65976,0.44444
34_Ar2_Vmed_Ac4/Rp14_Ac4_Vmed_Ar2_UNC115,4,2,med,14,1.15,14.96694,2.96575,0.01113,8.73353,0.32021,0.79856,0.45556
34_Ar2_Vmed_Ac4/Rp15_Ac4_Vmed_Ar2_UNC076,4,2,med,15,0.76,14.96694,2.68092,0.01063,8.36676,0.31013,0.63846,0.44889
34_Ar2_Vmed_Ac4/Rp16_Ac4_Vmed_Ar2_UNC089,4,2,med,16,0.89,14.96698,2.86889,0.01151,8.59948,0.30031,0.76187,0.46222
34_Ar2_Vmed_Ac4/Rp17_Ac4_Vmed_Ar2_UNC097,4,2,med,17,0.97,14.96712,2.99773,0.01309,8.66634,0.31119,0.82643,0.45333
34_Ar2_Vmed_Ac4/Rp18_Ac4_Vmed_Ar2_UNC208,4,2,med,18,2.08,14.96689,2.71266,0.01017,8.30033,0.30254,0.66792,0.44444
34_Ar2_Vmed_Ac4/Rp19_Ac4_Vmed_Ar2_UNC146,4,2,med,19,1.46,14.96697,2.64734,0.01003,8.2665,0.30052,0.63618,0.44667
34_Ar2_Vmed_Ac4/Rp20_Ac4_Vmed_Ar2_UNC238,4,2,med,20,2.38,14.9671,2.81531,0.01267,8.56664,0.28546,0.83608,0.44889
34_Ar2_Vmed_Ac4/Rp21_Ac4_Vmed_Ar2_UNC171,4,2,med,21,1.71,14.96726,2.54695,0.01088,8.2328,0.30398,0.61477,0.44222
34_Ar2_Vmed_Ac4/Rp22_Ac4_Vmed_Ar2_UNC061,4,2,med,22,0.61,14.96717,2.8757,0.01149,8.63336,0.30257,0.72725,0.45111
34_Ar2_Vmed_Ac4/Rp23_Ac4_Vmed_Ar2_UNC125,4,2,med,23,1.25,14.96694,2.81988,0.0134,8.63372,0.2972,0.82047,0.45556
34_Ar2_Vmed_Ac4/Rp24_Ac4_Vmed_Ar2_UNC110,4,2,med,24,1.1,14.96717,2.93226,0.01174,8.73322,0.31367,0.77771,0.46444
34_Ar2_Vmed_Ac4/Rp25_Ac4_Vmed_Ar2_UNC077,4,2,med,25,0.77,14.9671,2.48811,0.01238,8.43323,0.28439,0.59391,0.43778
34_Ar2_Vmed_Ac4/Rp26_Ac4_Vmed_Ar2_UNC148,4,2,med,26,1.48,14.96711,2.38268,0.01223,8.36653,0.2713,0.57951,0.43111
34_Ar2_Vmed_Ac4/Rp27_Ac4_Vmed_Ar2_UNC342,4,2,med,27,3.42,14.96681,2.99543,0.01163,8.6333,0.30939,0.87446,0.46
34_Ar2_Vmed_Ac4/Rp28_Ac4_Vmed_Ar2_UNC079,4,2,med,28,0.79,14.96664,2.98779,0.0115,8.60007,0.32428,0.75709,0.46222
34_Ar2_Vmed_Ac4/Rp29_Ac4_Vmed_Ar2_UNC087,4,2,med,29,0.87,14.96706,2.72371,0.01028,8.29962,0.31057,0.67241,0.44889
34_Ar2_Vmed_Ac4/Rp30_Ac4_Vmed_Ar2_UNC136,4,2,med,30,1.36,14.96702,2.66205,0.01021,8.36618,0.29102,0.66036,0.44889
34_Ar2_Vmed_Ac4/Rp31_Ac4_Vmed_Ar2_UNC307,4,2,med,31,3.07,14.96726,2.95659,0.00991,8.56648,0.31279,0.7733,0.46444
34_Ar2_Vmed_Ac4/Rp32_Ac4_Vmed_Ar2_UNC152,4,2,med,32,1.52,14.96696,2.77518,0.01039,8.33369,0.31896,0.69147,0.45111
34_Ar2_Vmed_Ac4/Rp33_Ac4_Vmed_Ar2_UNC102,4,2,med,33,1.02,14.96752,2.80805,0.01295,8.50044,0.29218,0.82786,0.44889
34_Ar2_Vmed_Ac4/Rp34_Ac4_Vmed_Ar2_UNC251,4,2,med,34,2.51,14.9669,2.99312,0.01161,8.6662,0.31684,0.7748,0.46
34_Ar2_Vmed_Ac4/Rp35_Ac4_Vmed_Ar2_UNC068,4,2,med,35,0.68,14.96733,2.6212,0.00986,8.30011,0.29772,0.63716,0.44444
35_Ar2_Vmed_Ac5/Rp01_Ac5_Vmed_Ar2_UNC258,5,2,med,1,2.58,14.96755,3.23014,0.01261,9.53291,0.31688,0.69209,0.51556
35_Ar2_Vmed_Ac5/Rp02_Ac5_Vmed_Ar2_UNC106,5,2,med,2,1.06,14.9676,2.89233,0.01369,9.2337,0.30236,0.62118,0.5
35_Ar2_Vmed_Ac5/Rp03_Ac5_Vmed_Ar2_UNC140,5,2,med,3,1.4,14.96744,2.77992,0.01411,8.96691,0.28017,0.59011,0.47778
35_Ar2_Vmed_Ac5/Rp04_Ac5_Vmed_Ar2_UNC208,5,2,med,4,2.08,14.96744,2.69441,0.01318,8.7997,0.28042,0.6043,0.46889
35_Ar2_Vmed_Ac5/Rp05_Ac5_Vmed_Ar2_UNC368,5,2,med,5,3.68,14.96723,2.82354,0.01143,9.16719,0.28402,0.63397,0.49111
35_Ar2_Vmed_Ac5/Rp06_Ac5_Vmed_Ar2_UNC352,5,2,med,6,3.52,14.96742,2.97459,0.01309,9.26748,0.30969,0.6485,0.49556
35_Ar2_Vmed_Ac5/Rp07_Ac5_Vmed_Ar2_UNC346,5,2,med,7,3.46,14.96714,3.11257,0.01209,9.40023,0.29907,0.69005,0.51111
35_Ar2_Vmed_Ac5/Rp08_Ac5_Vmed_Ar2_UNC282,5,2,med,8,2.82,14.96756,3.23699,0.01156,9.59978,0.33209,0.699,0.52222
35_Ar2_Vmed_Ac5/Rp09_Ac5_Vmed_Ar2_UNC053,5,2,med,9,0.53,14.96702,2.92138,0.01143,9.26715,0.29557,0.62421,0.5
35_Ar2_Vmed_Ac5/Rp10_Ac5_Vmed_Ar2_UNC192,5,2,med,10,1.92,14.96749,3.12152,0.01195,9.56611,0.30717,0.64217,0.52444
35_Ar2_Vmed_Ac5/Rp11_Ac5_Vmed_Ar2_UNC340,5,2,med,11,3.4,14.96737,3.24123,0.01202,9.5998,0.33018,0.65222,0.52444
35_Ar2_Vmed_Ac5/Rp12_Ac5_Vmed_Ar2_UNC434,5,2,med,12,4.34,14.96746,3.08813,0.01162,9.50027,0.31402,0.6741,0.51778
35_Ar2_Vmed_Ac5/Rp13_Ac5_Vmed_Ar2_UNC180,5,2,med,13,1.8,14.96742,3.10761,0.01224,9.467,0.31677,0.65684,0.51556
35_Ar2_Vmed_Ac5/Rp14_Ac5_Vmed_Ar2_UNC227,5,2,med,14,2.27,14.96777,2.82739,0.01105,9.23233,0.28767,0.60842,0.49111
35_Ar2_Vmed_Ac5/Rp15_Ac5_Vmed_Ar2_UNC248,5,2,med,15,2.48,14.96746,3.03256,0.01371,9.43371,0.30244,0.6097,0.50889
35_Ar2_Vmed_Ac5/Rp16_Ac5_Vmed_Ar2_UNC362,5,2,med,16,3.62,14.96749,2.86588,0.01272,9.1329,0.29021,0.6103,0.48444
35_Ar2_Vmed_Ac5/Rp17_Ac5_Vmed_Ar2_UNC269,5,2,med,17,2.69,14.96744,3.24256,0.01391,9.73293,0.31646,0.62622,0.52667
35_Ar2_Vmed_Ac5/Rp18_Ac5_Vmed_Ar2_UNC367,5,2,med,18,3.67,14.9675,3.12699,0.01374,9.4994,0.29365,0.66967,0.51111
35_Ar2_Vmed_Ac5/Rp19_Ac5_Vmed_Ar2_UNC064,5,2,med,19,0.64,14.96742,2.99462,0.01261,9.50037,0.29191,0.63253,0.51111
35_Ar2_Vmed_Ac5/Rp20_Ac5_Vmed_Ar2_UNC242,5,2,med,20,2.42,14.96764,2.92746,0.01321,9.3009,0.2998,0.60462,0.50222
35_Ar2_Vmed_Ac5/Rp21_Ac5_Vmed_Ar2_UNC120,5,2,med,21,1.2,14.96769,3.15396,0.01225,9.63406,0.31287,0.66366,0.52222
35_Ar2_Vmed_Ac5/Rp22_Ac5_Vmed_Ar2_UNC285,5,2,med,22,2.85,14.96755,2.75907,0.01214,9.00013,0.28574,0.60037,0.48
35_Ar2_Vmed_Ac5/Rp23_Ac5_Vmed_Ar2_UNC150,5,2,med,23,1.5,14.96742,2.89458,0.01288,9.26733,0.27921,0.60346,0.5
35_Ar2_Vmed_Ac5/Rp24_Ac5_Vmed_Ar2_UNC116,5,2,med,24,1.16,14.96736,2.8373,0.01222,9.09921,0.28662,0.61511,0.48444
35_Ar2_Vmed_Ac5/Rp25_Ac5_Vmed_Ar2_UNC344,5,2,med,25,3.44,14.96779,2.8827,0.01777,9.16673,0.2846,0.59733,0.49778
35_Ar2_Vmed_Ac5/Rp26_Ac5_Vmed_Ar2_UNC104,5,2,med,26,1.04,14.96728,2.82417,0.01207,9.16633,0.29043,0.5758,0.49111
35_Ar2_Vmed_Ac5/Rp27_Ac5_Vmed_Ar2_UNC322,5,2,med,27,3.22,14.96721,2.92649,0.01539,9.33331,0.28668,0.60639,0.50222
35_Ar2_Vmed_Ac5/Rp28_Ac5_Vmed_Ar2_UNC232,5,2,med,28,2.32,14.96767,2.78229,0.013,8.93217,0.27985,0.62488,0.48667
35_Ar2_Vmed_Ac5/Rp29_Ac5_Vmed_Ar2_UNC131,5,2,med,29,1.31,14.96765,2.80725,0.01357,9.03283,0.28611,0.59677,0.48
35_Ar2_Vmed_Ac5/Rp30_Ac5_Vmed_Ar2_UNC336,5,2,med,30,3.36,14.96765,3.23403,0.01353,9.73305,0.30941,0.65045,0.52889
35_Ar2_Vmed_Ac5/Rp31_Ac5_Vmed_Ar2_UNC344,5,2,med,31,3.44,14.96689,2.92717,0.01242,9.36618,0.29751,0.59882,0.5
35_Ar2_Vmed_Ac5/Rp32_Ac5_Vmed_Ar2_UNC293,5,2,med,32,2.93,14.96781,3.00131,0.01288,9.26668,0.30916,0.64292,0.50444
35_Ar2_Vmed_Ac5/Rp33_Ac5_Vmed_Ar2_UNC185,5,2,med,33,1.85,14.96744,2.8469,0.01286,9.09945,0.29955,0.61885,0.49111
35_Ar2_Vmed_Ac5/Rp34_Ac5_Vmed_Ar2_UNC443,5,2,med,34,4.43,14.96745,2.99821,0.01154,9.2997,0.30591,0.61064,0.5
35_Ar2_Vmed_Ac5/Rp35_Ac5_Vmed_Ar2_UNC278,5,2,med,35,2.78,14.9675,2.93856,0.0134,9.2667,0.29271,0.64028,0.49778
35_Ar2_Vmed_Ac5/Rp36_Ac5_Vmed_Ar2_UNC353,5,2,med,36,3.53,14.96713,3.1346,0.01383,9.5328,0.30192,0.63376,0.51333
35_Ar2_Vmed_Ac5/Rp37_Ac5_Vmed_Ar2_UNC264,5,2,med,37,2.64,14.96765,3.0264,0.01379,9.43325,0.30125,0.61924,0.50444
36_Ar2_Vmed_Ac6/Rp01_Ac6_Vmed_Ar2_UNC135,6,2,med,1,1.35,14.9669,3.19612,0.01143,9.19965,0.33086,0.64988,0.48444
36_Ar2_Vmed_Ac6/Rp02_Ac6_Vmed_Ar2_UNC172,6,2,med,2,1.72,14.96724,2.81927,0.01242,8.76694,0.29343,0.60418,0.46
36_Ar2_Vmed_Ac6/Rp03_Ac6_Vmed_Ar2_UNC221,6,2,med,3,2.21,14.96758,2.98124,0.01013,8.83315,0.30847,0.65657,0.46222
36_Ar2_Vmed_Ac6/Rp04_Ac6_Vmed_Ar2_UNC107,6,2,med,4,1.07,14.96755,3.12749,0.01352,9.2336,0.30318,0.62542,0.49111
36_Ar2_Vmed_Ac6/Rp05_Ac6_Vmed_Ar2_UNC111,6,2,med,5,1.11,14.96772,3.09938,0.01207,9.19988,0.31542,0.66409,0.48444
36_Ar2_Vmed_Ac6/Rp06_Ac6_Vmed_Ar2_UNC421,6,2,med,6,4.21,14.9676,3.29949,0.01068,9.23326,0.34793,0.69093,0.48889
36_Ar2_Vmed_Ac6/Rp07_Ac6_Vmed_Ar2_UNC290,6,2,med,7,2.9,14.96768,3.22454,0.01231,9.40114,0.31994,0.64386,0.50222
36_Ar2_Vmed_Ac6/Rp08_Ac6_Vmed_Ar2_UNC129,6,2,med,8,1.29,14.96729,3.41784,0.01269,9.49987,0.3328,0.73624,0.50444
36_Ar2_Vmed_Ac6/Rp09_Ac6_Vmed_Ar2_UNC118,6,2,med,9,1.18,14.96726,2.98536,0.0107,8.79959,0.31027,0.69827,0.46444
36_Ar2_Vmed_Ac6/Rp10_Ac6_Vmed_Ar2_UNC185,6,2,med,10,1.85,14.96751,3.30312,0.01281,9.4337,0.33557,0.69219,0.50222
36_Ar2_Vmed_Ac6/Rp11_Ac6_Vmed_Ar2_UNC241,6,2,med,11,2.41,14.96764,3.15554,0.01128,8.96673,0.31682,0.71101,0.47778
36_Ar2_Vmed_Ac6/Rp12_Ac6_Vmed_Ar2_UNC423,6,2,med,12,4.23,14.96776,3.19494,0.01168,9.13365,0.32638,0.70907,0.48667
36_Ar2_Vmed_Ac6/Rp13_Ac6_Vmed_Ar2_UNC409,6,2,med,13,4.09,14.96758,3.08516,0.01315,9.23304,0.30029,0.62496,0.48889
36_Ar2_Vmed_Ac6/Rp14_Ac6_Vmed_Ar2_UNC153,6,2,med,14,1.53,14.96724,3.31766,0.01347,9.56577,0.32462,0.63976,0.50222
36_Ar2_Vmed_Ac6/Rp15_Ac6_Vmed_Ar2_UNC290,6,2,med,15,2.9,14.96739,3.14942,0.01246,9.16658,0.33139,0.65148,0.48222
36_Ar2_Vmed_Ac6/Rp16_Ac6_Vmed_Ar2_UNC185,6,2,med,16,1.85,14.96755,3.04174,0.01218,9.03308,0.30888,0.69109,0.47333
36_Ar2_Vmed_Ac6/Rp17_Ac6_Vmed_Ar2_UNC331,6,2,med,17,3.31,14.96718,3.12393,0.01379,9.16598,0.314,0.63835,0.48444
36_Ar2_Vmed_Ac6/Rp18_Ac6_Vmed_Ar2_UNC365,6,2,med,18,3.65,14.96725,3.10922,0.01151,9.06676,0.32661,0.68027,0.48444
36_Ar2_Vmed_Ac6/Rp19_Ac6_Vmed_Ar2_UNC242,6,2,med,19,2.42,14.96744,3.36778,0.01188,9.56685,0.33418,0.6617,0.51111
36_Ar2_Vmed_Ac6/Rp20_Ac6_Vmed_Ar2_UNC407,6,2,med,20,4.07,14.96683,3.15189,0.01355,9.26707,0.31939,0.69107,0.49778
36_Ar2_Vmed_Ac6/Rp21_Ac6_Vmed_Ar2_UNC351,6,2,med,21,3.51,14.96747,2.9409,0.01216,9.03287,0.29749,0.60785,0.47556
36_Ar2_Vmed_Ac6/Rp22_Ac6_Vmed_Ar2_UNC076,6,2,med,22,0.76,14.96746,3.14736,0.0136,9.36658,0.31289,0.64948,0.49556
36_Ar2_Vmed_Ac6/Rp23_Ac6_Vmed_Ar2_UNC106,6,2,med,23,1.06,14.96722,3.06269,0.01444,9.10046,0.31013,0.63226,0.47778
36_Ar2_Vmed_Ac6/Rp24_Ac6_Vmed_Ar2_UNC182,6,2,med,24,1.82,14.9674,3.02763,0.01606,9.03376,0.31296,0.6233,0.47778
36_Ar2_Vmed_Ac6/Rp25_Ac6_Vmed_Ar2_UNC056,6,2,med,25,0.56,14.96714,3.18576,0.01128,9.16683,0.33517,0.66092,0.48444
36_Ar2_Vmed_Ac6/Rp26_Ac6_Vmed_Ar2_UNC424,6,2,med,26,4.24,14.96755,2.84688,0.01251,8.73413,0.30569,0.65196,0.45556
36_Ar2_Vmed_Ac6/Rp27_Ac6_Vmed_Ar2_UNC267,6,2,med,27,2.67,14.96731,3.20308,0.01103,9.10007,0.33082,0.71171,0.48667
36_Ar2_Vmed_Ac6/Rp28_Ac6_Vmed_Ar2_UNC436,6,2,med,28,4.36,14.96735,3.17251,0.01199,9.06637,0.31058,0.76477,0.47333
36_Ar2_Vmed_Ac6/Rp29_Ac6_Vmed_Ar2_UNC458,6,2,med,29,4.58,14.96773,3.04499,0.01114,8.93343,0.32106,0.64845,0.47111
36_Ar2_Vmed_Ac6/Rp30_Ac6_Vmed_Ar2_UNC071,6,2,med,30,0.71,14.96728,3.05317,0.01219,9.133,0.31403,0.62883,0.48667
36_Ar2_Vmed_Ac6/Rp31_Ac6_Vmed_Ar2_UNC284,6,2,med,31,2.84,14.96752,3.38111,0.01327,9.56662,0.33709,0.65261,0.50667
36_Ar2_Vmed_Ac6/Rp32_Ac6_Vmed_Ar2_UNC137,6,2,med,32,1.37,14.96748,3.39218,0.01286,9.59983,0.33412,0.65075,0.51333
36_Ar2_Vmed_Ac6/Rp33_Ac6_Vmed_Ar2_UNC321,6,2,med,33,3.21,14.96731,2.86607,0.01387,8.93393,0.30591,0.58788,0.47333
36_Ar2_Vmed_Ac6/Rp34_Ac6_Vmed_Ar2_UNC277,6,2,med,34,2.77,14.9675,3.21226,0.012,9.09981,0.33087,0.7182,0.48
36_Ar2_Vmed_Ac6/Rp35_Ac6_Vmed_Ar2_UNC333,6,2,med,35,3.33,14.96741,3.36134,0.01102,9.36538,0.34011,0.69816,0.49778
36_Ar2_Vmed_Ac6/Rp36_Ac6_Vmed_Ar2_UNC216,6,2,med,36,2.16,14.96756,3.04275,0.01385,9.2327,0.3074,0.62093,0.48667
36_Ar2_Vmed_Ac6/Rp37_Ac6_Vmed_Ar2_UNC269,6,2,med,37,2.69,14.96732,2.73656,0.01328,8.70014,0.29157,0.59868,0.45556
36_Ar2_Vmed_Ac6/Rp38_Ac6_Vmed_Ar2_UNC232,6,2,med,38,2.32,14.9667,2.91025,0.01234,9.09924,0.29521,0.60522,0.48
36_Ar2_Vmed_Ac6/Rp39_Ac6_Vmed_Ar2_UNC313,6,2,med,39,3.13,14.96739,3.34986,0.01398,9.30041,0.33508,0.73666,0.49556
36_Ar2_Vmed_Ac6/Rp40_Ac6_Vmed_Ar2_UNC100,6,2,med,40,1.0,14.96733,2.92901,0.01548,8.99985,0.29305,0.61179,0.47556
36_Ar2_Vmed_Ac6/Rp41_Ac6_Vmed_Ar2_UNC312,6,2,med,41,3.12,14.96731,2.86337,0.01361,8.69978,0.29938,0.61794,0.45333
36_Ar2_Vmed_Ac6/Rp42_Ac6_Vmed_Ar2_UNC185,6,2,med,42,1.85,14.96751,3.19217,0.01333,9.36695,0.31218,0.68294,0.49778
37_Ar2_Vmed_Ac7/Rp01_Ac7_Vmed_Ar2_UNC167,7,2,med,1,1.67,14.96708,1.95738,0.00848,6.23364,0.2921,0.59983,0.28
37_Ar2_Vmed_Ac7/Rp02_Ac7_Vmed_Ar2_UNC240,7,2,med,2,2.4,14.96744,2.28203,0.00877,6.30056,0.3366,0.82743,0.29333
37_Ar2_Vmed_Ac7/Rp03_Ac7_Vmed_Ar2_UNC430,7,2,med,3,4.3,14.96744,1.78904,0.0074,5.89987,0.27257,0.59957,0.26222
37_Ar2_Vmed_Ac7/Rp04_Ac7_Vmed_Ar2_UNC195,7,2,med,4,1.95,14.96726,2.19914,0.00777,6.43315,0.31156,0.73375,0.29111
37_Ar2_Vmed_Ac7/Rp05_Ac7_Vmed_Ar2_UNC332,7,2,med,5,3.32,14.96718,2.23587,0.0089,6.43265,0.29946,0.82008,0.29111
37_Ar2_Vmed_Ac7/Rp06_Ac7_Vmed_Ar2_UNC309,7,2,med,6,3.09,14.96722,2.02377,0.00776,6.1663,0.28821,0.67275,0.27778
37_Ar2_Vmed_Ac7/Rp07_Ac7_Vmed_Ar2_UNC186,7,2,med,7,1.86,14.96726,1.86697,0.009,6.06596,0.27847,0.58868,0.27111
37_Ar2_Vmed_Ac7/Rp08_Ac7_Vmed_Ar2_UNC239,7,2,med,8,2.39,14.96717,1.98086,0.00806,6.20009,0.3018,0.63826,0.27778
37_Ar2_Vmed_Ac7/Rp09_Ac7_Vmed_Ar2_UNC350,7,2,med,9,3.5,14.96712,2.29194,0.00858,6.46691,0.31361,0.81544,0.29556
37_Ar2_Vmed_Ac7/Rp10_Ac7_Vmed_Ar2_UNC252,7,2,med,10,2.52,14.96755,2.03686,0.00702,6.16698,0.29495,0.64353,0.28
37_Ar2_Vmed_Ac7/Rp11_Ac7_Vmed_Ar2_UNC176,7,2,med,11,1.76,14.96752,1.94191,0.00828,6.10085,0.29196,0.64198,0.27556
37_Ar2_Vmed_Ac7/Rp12_Ac7_Vmed_Ar2_UNC254,7,2,med,12,2.54,14.96771,1.97494,0.00848,6.13355,0.2925,0.62762,0.27778
37_Ar2_Vmed_Ac7/Rp13_Ac7_Vmed_Ar2_UNC222,7,2,med,13,2.22,14.96732,2.01213,0.00771,6.16635,0.29877,0.64126,0.28222
37_Ar2_Vmed_Ac7/Rp14_Ac7_Vmed_Ar2_UNC309,7,2,med,14,3.09,14.96724,2.16142,0.00802,6.23325,0.30592,0.73444,0.28889
37_Ar2_Vmed_Ac7/Rp15_Ac7_Vmed_Ar2_UNC075,7,2,med,15,0.75,14.96726,2.19162,0.00775,6.46705,0.31523,0.64722,0.29778
37_Ar2_Vmed_Ac7/Rp16_Ac7_Vmed_Ar2_UNC300,7,2,med,16,3.0,14.9676,2.06211,0.00801,6.19944,0.29197,0.72475,0.28
37_Ar2_Vmed_Ac7/Rp17_Ac7_Vmed_Ar2_UNC222,7,2,med,17,2.22,14.96709,2.09382,0.00801,6.13351,0.30496,0.71708,0.28
37_Ar2_Vmed_Ac7/Rp18_Ac7_Vmed_Ar2_UNC056,7,2,med,18,0.56,14.9676,2.13341,0.00758,6.36711,0.31612,0.65526,0.29111
37_Ar2_Vmed_Ac7/Rp19_Ac7_Vmed_Ar2_UNC117,7,2,med,19,1.17,14.96717,2.1238,0.00839,6.16633,0.30185,0.71005,0.28667
37_Ar2_Vmed_Ac7/Rp20_Ac7_Vmed_Ar2_UNC036,7,2,med,20,0.36,14.9674,2.09636,0.00806,6.26673,0.29624,0.72832,0.28222
37_Ar2_Vmed_Ac7/Rp21_Ac7_Vmed_Ar2_UNC326,7,2,med,21,3.26,14.9676,1.79567,0.00769,5.90017,0.27635,0.60839,0.26
37_Ar2_Vmed_Ac7/Rp22_Ac7_Vmed_Ar2_UNC354,7,2,med,22,3.54,14.96726,2.21313,0.00758,6.36666,0.31338,0.7049,0.29556
37_Ar2_Vmed_Ac7/Rp23_Ac7_Vmed_Ar2_UNC289,7,2,med,23,2.89,14.96743,2.22228,0.00824,6.33343,0.30423,0.78511,0.28889
37_Ar2_Vmed_Ac7/Rp24_Ac7_Vmed_Ar2_UNC254,7,2,med,24,2.54,14.96729,2.31762,0.00795,6.4672,0.32617,0.74385,0.30444
37_Ar2_Vmed_Ac7/Rp25_Ac7_Vmed_Ar2_UNC277,7,2,med,25,2.77,14.96758,2.10752,0.00812,6.16634,0.31415,0.71134,0.28222
37_Ar2_Vmed_Ac7/Rp26_Ac7_Vmed_Ar2_UNC226,7,2,med,26,2.26,14.96738,1.94079,0.00879,6.16742,0.29058,0.60094,0.27778
37_Ar2_Vmed_Ac7/Rp27_Ac7_Vmed_Ar2_UNC082,7,2,med,27,0.82,14.9675,2.03386,0.00746,6.26569,0.30812,0.61999,0.28667
37_Ar2_Vmed_Ac7/Rp28_Ac7_Vmed_Ar2_UNC328,7,2,med,28,3.28,14.96712,1.9889,0.0085,6.26662,0.29887,0.60016,0.28444
37_Ar2_Vmed_Ac7/Rp29_Ac7_Vmed_Ar2_UNC133,7,2,med,29,1.33,14.96744,2.07238,0.00768,6.16634,0.29283,0.67887,0.28
37_Ar2_Vmed_Ac7/Rp30_Ac7_Vmed_Ar2_UNC234,7,2,med,30,2.34,14.96735,2.03741,0.00867,6.23256,0.29987,0.62737,0.28444
37_Ar2_Vmed_Ac7/Rp31_Ac7_Vmed_Ar2_UNC282,7,2,med,31,2.82,14.96708,2.05528,0.00762,6.29881,0.31611,0.6145,0.28889
37_Ar2_Vmed_Ac7/Rp32_Ac7_Vmed_Ar2_UNC387,7,2,med,32,3.87,14.96709,1.99862,0.00857,6.2001,0.28968,0.62809,0.28
37_Ar2_Vmed_Ac7/Rp33_Ac7_Vmed_Ar2_UNC189,7,2,med,33,1.89,14.96731,2.06153,0.0078,6.30045,0.30573,0.67383,0.28444
37_Ar2_Vmed_Ac7/Rp34_Ac7_Vmed_Ar2_UNC159,7,2,med,34,1.59,14.96706,2.30312,0.00904,6.40001,0.30379,0.88149,0.29333
37_Ar2_Vmed_Ac7/Rp35_Ac7_Vmed_Ar2_UNC436,7,2,med,35,4.36,14.96746,2.00329,0.00796,6.09969,0.29419,0.68308,0.27333
38_Ar2_Vmed_Ac8/Rp01_Ac8_Vmed_Ar2_UNC196,8,2,med,1,1.96,14.96725,3.57105,0.01556,11.13316,0.3389,0.6259,0.64
38_Ar2_Vmed_Ac8/Rp02_Ac8_Vmed_Ar2_UNC234,8,2,med,2,2.34,14.96729,3.92499,0.0154,11.50011,0.36715,0.67858,0.66667
38_Ar2_Vmed_Ac8/Rp03_Ac8_Vmed_Ar2_UNC268,8,2,med,3,2.68,14.96781,3.28779,0.01491,10.93349,0.31356,0.60288,0.62222
38_Ar2_Vmed_Ac8/Rp04_Ac8_Vmed_Ar2_UNC133,8,2,med,4,1.33,14.96709,3.46971,0.01447,10.93316,0.33706,0.60077,0.62222
38_Ar2_Vmed_Ac8/Rp05_Ac8_Vmed_Ar2_UNC108,8,2,med,5,1.08,14.96736,3.63563,0.01514,11.33296,0.33111,0.6397,0.65778
38_Ar2_Vmed_Ac8/Rp06_Ac8_Vmed_Ar2_UNC184,8,2,med,6,1.84,14.96725,3.68531,0.01582,11.40065,0.34285,0.62214,0.66
38_Ar2_Vmed_Ac8/Rp07_Ac8_Vmed_Ar2_UNC352,8,2,med,7,3.52,14.96746,3.71417,0.01519,11.16673,0.34909,0.64884,0.66667
38_Ar2_Vmed_Ac8/Rp08_Ac8_Vmed_Ar2_UNC156,8,2,med,8,1.56,14.96748,3.48114,0.01841,10.7659,0.33477,0.62722,0.62222
38_Ar2_Vmed_Ac8/Rp09_Ac8_Vmed_Ar2_UNC193,8,2,med,9,1.93,14.96744,3.40107,0.01723,10.83321,0.33569,0.57123,0.62
38_Ar2_Vmed_Ac8/Rp10_Ac8_Vmed_Ar2_UNC124,8,2,med,10,1.24,14.96715,3.29403,0.01819,10.63252,0.33248,0.57979,0.60889
38_Ar2_Vmed_Ac8/Rp11_Ac8_Vmed_Ar2_UNC112,8,2,med,11,1.12,14.9675,3.44878,0.01622,10.73289,0.33935,0.6115,0.61556
38_Ar2_Vmed_Ac8/Rp12_Ac8_Vmed_Ar2_UNC146,8,2,med,12,1.46,14.96721,3.40677,0.01454,11.06622,0.33078,0.59839,0.62889
38_Ar2_Vmed_Ac8/Rp13_Ac8_Vmed_Ar2_UNC191,8,2,med,13,1.91,14.96759,3.33144,0.01642,10.56674,0.33398,0.631,0.60889
38_Ar2_Vmed_Ac8/Rp14_Ac8_Vmed_Ar2_UNC184,8,2,med,14,1.84,14.96719,3.47082,0.01629,11.03326,0.33327,0.6151,0.62444
38_Ar2_Vmed_Ac8/Rp15_Ac8_Vmed_Ar2_UNC222,8,2,med,15,2.22,14.96756,3.17862,0.02187,10.49925,0.32322,0.58192,0.58444
38_Ar2_Vmed_Ac8/Rp16_Ac8_Vmed_Ar2_UNC143,8,2,med,16,1.43,14.96738,3.56648,0.01656,10.96721,0.34848,0.62761,0.62444
38_Ar2_Vmed_Ac8/Rp17_Ac8_Vmed_Ar2_UNC399,8,2,med,17,3.99,14.96738,3.53267,0.01553,11.1996,0.33494,0.61697,0.64444
38_Ar2_Vmed_Ac8/Rp18_Ac8_Vmed_Ar2_UNC315,8,2,med,18,3.15,14.96742,3.5728,0.01942,11.16619,0.34056,0.61809,0.63333
38_Ar2_Vmed_Ac8/Rp19_Ac8_Vmed_Ar2_UNC192,8,2,med,19,1.92,14.96744,3.31922,0.01519,10.49996,0.34078,0.59804,0.6
38_Ar2_Vmed_Ac8/Rp20_Ac8_Vmed_Ar2_UNC069,8,2,med,20,0.69,14.96736,3.47532,0.01575,11.06703,0.33262,0.63212,0.63111
38_Ar2_Vmed_Ac8/Rp21_Ac8_Vmed_Ar2_UNC239,8,2,med,21,2.39,14.96723,3.62454,0.01717,11.39957,0.33802,0.60369,0.64889
38_Ar2_Vmed_Ac8/Rp22_Ac8_Vmed_Ar2_UNC126,8,2,med,22,1.26,14.96766,3.30504,0.01687,10.80129,0.32811,0.60256,0.61556
38_Ar2_Vmed_Ac8/Rp23_Ac8_Vmed_Ar2_UNC330,8,2,med,23,3.3,14.96775,3.3703,0.01519,10.79928,0.32815,0.59664,0.62444
38_Ar2_Vmed_Ac8/Rp24_Ac8_Vmed_Ar2_UNC145,8,2,med,24,1.45,14.96721,3.65515,0.01551,11.43261,0.33575,0.63653,0.65556
38_Ar2_Vmed_Ac8/Rp25_Ac8_Vmed_Ar2_UNC398,8,2,med,25,3.98,14.96774,3.81465,0.01704,11.59874,0.34716,0.6582,0.66889
38_Ar2_Vmed_Ac8/Rp26_Ac8_Vmed_Ar2_UNC242,8,2,med,26,2.42,14.96748,3.75014,0.01571,11.39938,0.34668,0.6323,0.67556
38_Ar2_Vmed_Ac8/Rp27_Ac8_Vmed_Ar2_UNC248,8,2,med,27,2.48,14.96776,3.69628,0.01524,11.33374,0.34599,0.67863,0.65333
38_Ar2_Vmed_Ac8/Rp28_Ac8_Vmed_Ar2_UNC328,8,2,med,28,3.28,14.9673,3.72593,0.01642,11.29978,0.35069,0.6491,0.64444
38_Ar2_Vmed_Ac8/Rp29_Ac8_Vmed_Ar2_UNC109,8,2,med,29,1.09,14.96744,3.60723,0.0156,10.86689,0.34901,0.66542,0.63111
38_Ar2_Vmed_Ac8/Rp30_Ac8_Vmed_Ar2_UNC175,8,2,med,30,1.75,14.96773,3.82533,0.01668,11.33331,0.3585,0.65365,0.66
38_Ar2_Vmed_Ac8/Rp31_Ac8_Vmed_Ar2_UNC180,8,2,med,31,1.8,14.96735,3.44657,0.01494,10.89982,0.33013,0.61836,0.64
38_Ar2_Vmed_Ac8/Rp32_Ac8_Vmed_Ar2_UNC182,8,2,med,32,1.82,14.96757,3.33942,0.02002,10.73386,0.3285,0.59272,0.6
38_Ar2_Vmed_Ac8/Rp33_Ac8_Vmed_Ar2_UNC124,8,2,med,33,1.24,14.96759,3.4484,0.01691,11.03324,0.33165,0.61235,0.62
38_Ar2_Vmed_Ac8/Rp34_Ac8_Vmed_Ar2_UNC331,8,2,med,34,3.31,14.96757,3.32712,0.01926,10.89908,0.31949,0.5926,0.61111
38_Ar2_Vmed_Ac8/Rp35_Ac8_Vmed_Ar2_UNC385,8,2,med,35,3.85,14.96786,3.5505,0.01512,10.8662,0.35142,0.59923,0.63556
38_Ar2_Vmed_Ac8/Rp36_Ac8_Vmed_Ar2_UNC270,8,2,med,36,2.7,14.96744,3.45474,0.01453,10.967,0.33476,0.62646,0.64222
38_Ar2_Vmed_Ac8/Rp37_Ac8_Vmed_Ar2_UNC079,8,2,med,37,0.79,14.96725,3.67591,0.01712,11.33337,0.34651,0.63358,0.64444
38_Ar2_Vmed_Ac8/Rp38_Ac8_Vmed_Ar2_UNC243,8,2,med,38,2.43,14.9675,3.45331,0.01634,10.93324,0.32528,0.6448,0.62444
38_Ar2_Vmed_Ac8/Rp39_Ac8_Vmed_Ar2_UNC139,8,2,med,39,1.39,14.96742,3.48779,0.0165,10.7674,0.34781,0.60542,0.61556
38_Ar2_Vmed_Ac8/Rp40_Ac8_Vmed_Ar2_UNC116,8,2,med,40,1.16,14.96724,3.53124,0.01447,11.00045,0.34366,0.59316,0.63778
38_Ar2_Vmed_Ac8/Rp41_Ac8_Vmed_Ar2_UNC317,8,2,med,41,3.17,14.96769,3.52295,0.01459,11.16751,0.33411,0.64111,0.63778
38_Ar2_Vmed_Ac8/Rp42_Ac8_Vmed_Ar2_UNC200,8,2,med,42,2.0,14.96767,3.43172,0.01471,10.83476,0.34113,0.63362,0.62
38_Ar2_Vmed_Ac8/Rp43_Ac8_Vmed_Ar2_UNC308,8,2,med,43,3.08,14.96762,3.63892,0.01589,11.33251,0.34233,0.61866,0.64222
39_Ar2_Vmed_Ac9/Rp01_Ac9_Vmed_Ar2_UNC340,9,2,med,1,3.4,14.96715,3.64998,0.01153,9.99993,0.39387,0.69562,0.54889
39_Ar2_Vmed_Ac9/Rp02_Ac9_Vmed_Ar2_UNC192,9,2,med,2,1.92,14.96747,3.50375,0.01255,9.73346,0.38442,0.73634,0.52889
39_Ar2_Vmed_Ac9/Rp03_Ac9_Vmed_Ar2_UNC430,9,2,med,3,4.3,14.96738,3.65432,0.01372,9.93357,0.38378,0.77103,0.54444
39_Ar2_Vmed_Ac9/Rp04_Ac9_Vmed_Ar2_UNC328,9,2,med,4,3.28,14.96727,3.50942,0.01255,9.7007,0.38438,0.705,0.53111
39_Ar2_Vmed_Ac9/Rp05_Ac9_Vmed_Ar2_UNC206,9,2,med,5,2.06,14.96738,3.258,0.01224,9.66676,0.3729,0.62919,0.52
39_Ar2_Vmed_Ac9/Rp06_Ac9_Vmed_Ar2_UNC211,9,2,med,6,2.11,14.96736,3.30608,0.0142,9.5332,0.37694,0.63768,0.51556
39_Ar2_Vmed_Ac9/Rp07_Ac9_Vmed_Ar2_UNC276,9,2,med,7,2.76,14.96736,3.36894,0.01133,9.43284,0.37695,0.70617,0.52
39_Ar2_Vmed_Ac9/Rp08_Ac9_Vmed_Ar2_UNC181,9,2,med,8,1.81,14.96767,3.25014,0.01298,9.50094,0.37255,0.62577,0.51778
39_Ar2_Vmed_Ac9/Rp09_Ac9_Vmed_Ar2_UNC147,9,2,med,9,1.47,14.96726,3.60409,0.01182,9.70026,0.39381,0.71963,0.53333
39_Ar2_Vmed_Ac9/Rp10_Ac9_Vmed_Ar2_UNC323,9,2,med,10,3.23,14.96716,3.2905,0.0137,9.39955,0.38144,0.66871,0.51556
39_Ar2_Vmed_Ac9/Rp11_Ac9_Vmed_Ar2_UNC202,9,2,med,11,2.02,14.96739,3.61115,0.01214,9.8006,0.38067,0.783,0.53111
39_Ar2_Vmed_Ac9/Rp12_Ac9_Vmed_Ar2_UNC160,9,2,med,12,1.6,14.96732,3.4853,0.0123,9.73281,0.38692,0.70516,0.52667
39_Ar2_Vmed_Ac9/Rp13_Ac9_Vmed_Ar2_UNC280,9,2,med,13,2.8,14.96757,3.22861,0.01322,9.5673,0.36951,0.61893,0.52222
39_Ar2_Vmed_Ac9/Rp14_Ac9_Vmed_Ar2_UNC176,9,2,med,14,1.76,14.96715,3.65038,0.01222,9.766,0.38502,0.76695,0.54
39_Ar2_Vmed_Ac9/Rp15_Ac9_Vmed_Ar2_UNC172,9,2,med,15,1.72,14.96767,3.22079,0.01221,9.33318,0.37926,0.64004,0.50889
39_Ar2_Vmed_Ac9/Rp16_Ac9_Vmed_Ar2_UNC200,9,2,med,16,2.0,14.96762,3.43081,0.013,9.33388,0.38571,0.76175,0.51556
39_Ar2_Vmed_Ac9/Rp17_Ac9_Vmed_Ar2_UNC112,9,2,med,17,1.12,14.96709,3.36961,0.01306,9.59966,0.38468,0.67035,0.52889
39_Ar2_Vmed_Ac9/Rp18_Ac9_Vmed_Ar2_UNC143,9,2,med,18,1.43,14.96741,3.14743,0.01191,9.36713,0.37682,0.63389,0.50889
39_Ar2_Vmed_Ac9/Rp19_Ac9_Vmed_Ar2_UNC139,9,2,med,19,1.39,14.96766,3.31575,0.01214,9.30058,0.3706,0.78063,0.5
39_Ar2_Vmed_Ac9/Rp20_Ac9_Vmed_Ar2_UNC076,9,2,med,20,0.76,14.96751,3.54632,0.01339,9.79884,0.38076,0.73058,0.53333
39_Ar2_Vmed_Ac9/Rp21_Ac9_Vmed_Ar2_UNC435,9,2,med,21,4.35,14.96744,3.5152,0.01114,9.63303,0.38468,0.75593,0.52
39_Ar2_Vmed_Ac9/Rp22_Ac9_Vmed_Ar2_UNC176,9,2,med,22,1.76,14.96708,3.47333,0.0126,9.90038,0.38466,0.65762,0.53556
39_Ar2_Vmed_Ac9/Rp23_Ac9_Vmed_Ar2_UNC188,9,2,med,23,1.88,14.96774,3.4665,0.01277,9.60123,0.37728,0.73809,0.53333
39_Ar2_Vmed_Ac9/Rp24_Ac9_Vmed_Ar2_UNC349,9,2,med,24,3.49,14.96752,3.47512,0.01238,9.53256,0.38997,0.7197,0.52222
39_Ar2_Vmed_Ac9/Rp25_Ac9_Vmed_Ar2_UNC162,9,2,med,25,1.62,14.96768,3.56623,0.01297,9.99967,0.38032,0.65652,0.54889
39_Ar2_Vmed_Ac9/Rp26_Ac9_Vmed_Ar2_UNC303,9,2,med,26,3.03,14.96748,3.13129,0.012,9.36632,0.37106,0.60872,0.50667
39_Ar2_Vmed_Ac9/Rp27_Ac9_Vmed_Ar2_UNC122,9,2,med,27,1.22,14.9679,3.6232,0.01304,9.76693,0.39455,0.70911,0.54444
39_Ar2_Vmed_Ac9/Rp28_Ac9_Vmed_Ar2_UNC405,9,2,med,28,4.05,14.96741,3.40679,0.014,9.49977,0.3886,0.66551,0.51111
39_Ar2_Vmed_Ac9/Rp29_Ac9_Vmed_Ar2_UNC307,9,2,med,29,3.07,14.96751,3.59165,0.01272,9.6671,0.39594,0.71799,0.53333
39_Ar2_Vmed_Ac9/Rp30_Ac9_Vmed_Ar2_UNC374,9,2,med,30,3.74,14.96782,3.1525,0.01333,9.46679,0.36632,0.61207,0.51111
39_Ar2_Vmed_Ac9/Rp31_Ac9_Vmed_Ar2_UNC231,9,2,med,31,2.31,14.96724,3.5512,0.01204,9.7666,0.38471,0.68895,0.53333
39_Ar2_Vmed_Ac9/Rp32_Ac9_Vmed_Ar2_UNC042,9,2,med,32,0.42,14.96753,3.38123,0.01241,9.40051,0.38421,0.6792,0.52889
39_Ar2_Vmed_Ac9/Rp33_Ac9_Vmed_Ar2_UNC113,9,2,med,33,1.13,14.96776,3.81059,0.01294,9.86713,0.39947,0.75732,0.53778
39_Ar2_Vmed_Ac9/Rp34_Ac9_Vmed_Ar2_UNC351,9,2,med,34,3.51,14.96742,3.10671,0.01451,9.30016,0.36581,0.60551,0.50444
39_Ar2_Vmed_Ac9/Rp35_Ac9_Vmed_Ar2_UNC160,9,2,med,35,1.6,14.96754,3.49896,0.01265,9.56637,0.37744,0.75041,0.53556
39_Ar2_Vmed_Ac9/Rp36_Ac9_Vmed_Ar2_UNC101,9,2,med,36,1.01,14.96749,3.2369,0.01184,9.46581,0.37568,0.63983,0.51556
39_Ar2_Vmed_Ac9/Rp37_Ac9_Vmed_Ar2_UNC125,9,2,med,37,1.25,14.9673,3.66169,0.01306,9.86534,0.39635,0.69608,0.54889
39_Ar2_Vmed_Ac9/Rp38_Ac9_Vmed_Ar2_UNC227,9,2,med,38,2.27,14.96718,3.53123,0.01293,9.70019,0.3828,0.74877,0.53333
39_Ar2_Vmed_Ac9/Rp39_Ac9_Vmed_Ar2_UNC390,9,2,med,39,3.9,14.96752,3.45608,0.01364,9.56744,0.38706,0.69649,0.52
39_Ar2_Vmed_Ac9/Rp40_Ac9_Vmed_Ar2_UNC113,9,2,med,40,1.13,14.9674,3.65989,0.0124,9.93318,0.38493,0.71363,0.54889
39_Ar2_Vmed_Ac9/Rp41_Ac9_Vmed_Ar2_UNC111,9,2,med,41,1.11,14.96752,3.50009,0.01248,9.8663,0.38488,0.66405,0.54
39_Ar2_Vmed_Ac9/Rp42_Ac9_Vmed_Ar2_UNC091,9,2,med,42,0.91,14.96727,3.38726,0.01472,9.66637,0.38361,0.62814,0.52444
39_Ar2_Vmed_Ac9/Rp43_Ac9_Vmed_Ar2_UNC087,9,2,med,43,0.87,14.96716,3.17281,0.01261,9.43364,0.36685,0.62813,0.51556
39_Ar2_Vmed_Ac9/Rp44_Ac9_Vmed_Ar2_UNC288,9,2,med,44,2.88,14.96656,3.46435,0.01243,9.69949,0.38544,0.69618,0.53111
39_Ar2_Vmed_Ac9/Rp45_Ac9_Vmed_Ar2_UNC235,9,2,med,45,2.35,14.96734,3.14465,0.01318,9.16723,0.3708,0.65731,0.50444
39_Ar2_Vmed_Ac9/Rp46_Ac9_Vmed_Ar2_UNC313,9,2,med,46,3.13,14.96729,3.83987,0.01386,9.90021,0.39969,0.77383,0.54889
40_Ar1_Vlow_Ac0/Rp01_Ac0_Vlow_Ar1_UNC187,0,1,low,1,1.87,14.96713,2.85182,0.01564,9.53342,0.22888,0.58726,0.48444
40_Ar1_Vlow_Ac0/Rp02_Ac0_Vlow_Ar1_UNC164,0,1,low,2,1.64,14.96736,2.67032,0.01473,9.63211,0.23381,0.51216,0.48444
40_Ar1_Vlow_Ac0/Rp03_Ac0_Vlow_Ar1_UNC199,0,1,low,3,1.99,14.96714,2.7839,0.01481,9.33227,0.21689,0.57257,0.47111
40_Ar1_Vlow_Ac0/Rp04_Ac0_Vlow_Ar1_UNC078,0,1,low,4,0.78,14.96744,2.99594,0.01557,9.7672,0.22332,0.66884,0.48889
40_Ar1_Vlow_Ac0/Rp05_Ac0_Vlow_Ar1_UNC233,0,1,low,5,2.33,14.96767,2.85212,0.01522,9.46536,0.21687,0.61582,0.47111
40_Ar1_Vlow_Ac0/Rp06_Ac0_Vlow_Ar1_UNC120,0,1,low,6,1.2,14.96722,3.06255,0.0148,9.8994,0.2403,0.56879,0.50444
40_Ar1_Vlow_Ac0/Rp07_Ac0_Vlow_Ar1_UNC159,0,1,low,7,1.59,14.96769,3.05013,0.01535,9.76678,0.23709,0.67531,0.49333
40_Ar1_Vlow_Ac0/Rp08_Ac0_Vlow_Ar1_UNC138,0,1,low,8,1.38,14.96736,2.77176,0.01495,9.66667,0.23619,0.53669,0.48889
40_Ar1_Vlow_Ac0/Rp09_Ac0_Vlow_Ar1_UNC358,0,1,low,9,3.58,14.9673,3.01642,0.01557,9.56606,0.22023,0.69163,0.48222
40_Ar1_Vlow_Ac0/Rp10_Ac0_Vlow_Ar1_UNC089,0,1,low,10,0.89,14.96718,2.73584,0.01455,9.63271,0.22633,0.5392,0.48
40_Ar1_Vlow_Ac0/Rp11_Ac0_Vlow_Ar1_UNC403,0,1,low,11,4.03,14.96766,2.78685,0.01636,9.53293,0.23729,0.52688,0.48222
40_Ar1_Vlow_Ac0/Rp12_Ac0_Vlow_Ar1_UNC313,0,1,low,12,3.13,14.96777,2.69317,0.01407,9.39936,0.21399,0.5871,0.46444
40_Ar1_Vlow_Ac0/Rp13_Ac0_Vlow_Ar1_UNC413,0,1,low,13,4.13,14.96721,2.78282,0.01557,9.43209,0.22841,0.60407,0.48444
40_Ar1_Vlow_Ac0/Rp14_Ac0_Vlow_Ar1_UNC108,0,1,low,14,1.08,14.96719,2.62522,0.01389,9.56623,0.22479,0.4962,0.47333
40_Ar1_Vlow_Ac0/Rp15_Ac0_Vlow_Ar1_UNC390,0,1,low,15,3.9,14.96738,2.79805,0.01471,9.39989,0.22921,0.68657,0.46667
40_Ar1_Vlow_Ac0/Rp16_Ac0_Vlow_Ar1_UNC100,0,1,low,16,1.0,14.96706,2.96372,0.01417,9.63451,0.22434,0.63448,0.48444
40_Ar1_Vlow_Ac0/Rp17_Ac0_Vlow_Ar1_UNC311,0,1,low,17,3.11,14.96765,2.88577,0.01521,9.56595,0.23941,0.55752,0.48444
40_Ar1_Vlow_Ac0/Rp18_Ac0_Vlow_Ar1_UNC130,0,1,low,18,1.3,14.96732,2.76604,0.01481,9.4669,0.23651,0.54118,0.47778
40_Ar1_Vlow_Ac0/Rp19_Ac0_Vlow_Ar1_UNC353,0,1,low,19,3.53,14.96774,2.8328,0.01484,9.7668,0.23063,0.54508,0.48667
40_Ar1_Vlow_Ac0/Rp20_Ac0_Vlow_Ar1_UNC097,0,1,low,20,0.97,14.96733,2.9532,0.01539,9.73312,0.23646,0.58065,0.49111
40_Ar1_Vlow_Ac0/Rp21_Ac0_Vlow_Ar1_UNC093,0,1,low,21,0.93,14.96726,2.92471,0.01492,9.49933,0.22772,0.73261,0.47778
40_Ar1_Vlow_Ac0/Rp22_Ac0_Vlow_Ar1_UNC065,0,1,low,22,0.65,14.96757,2.87443,0.01525,9.63298,0.23737,0.57969,0.49111
40_Ar1_Vlow_Ac0/Rp23_Ac0_Vlow_Ar1_UNC323,0,1,low,23,3.23,14.96685,2.71943,0.01551,9.43231,0.22913,0.56288,0.47778
40_Ar1_Vlow_Ac0/Rp24_Ac0_Vlow_Ar1_UNC344,0,1,low,24,3.44,14.96728,2.71775,0.01599,9.83418,0.23476,0.46818,0.49556
40_Ar1_Vlow_Ac0/Rp25_Ac0_Vlow_Ar1_UNC383,0,1,low,25,3.83,14.96752,2.66634,0.01375,9.53367,0.22334,0.52723,0.48
40_Ar1_Vlow_Ac0/Rp26_Ac0_Vlow_Ar1_UNC372,0,1,low,26,3.72,14.96731,2.76401,0.0143,9.53337,0.22882,0.55065,0.48444
40_Ar1_Vlow_Ac0/Rp27_Ac0_Vlow_Ar1_UNC118,0,1,low,27,1.18,14.96725,3.05635,0.01459,9.83238,0.22612,0.6981,0.49111
40_Ar1_Vlow_Ac0/Rp28_Ac0_Vlow_Ar1_UNC390,0,1,low,28,3.9,14.96757,2.8046,0.01451,9.66692,0.23425,0.56771,0.48444
40_Ar1_Vlow_Ac0/Rp29_Ac0_Vlow_Ar1_UNC151,0,1,low,29,1.51,14.96726,3.09651,0.01665,9.99985,0.24408,0.70742,0.50222
40_Ar1_Vlow_Ac0/Rp30_Ac0_Vlow_Ar1_UNC338,0,1,low,30,3.38,14.96737,2.94118,0.01459,9.76737,0.23693,0.56257,0.49111
40_Ar1_Vlow_Ac0/Rp31_Ac0_Vlow_Ar1_UNC454,0,1,low,31,4.54,14.96713,2.63028,0.01434,9.43358,0.22537,0.5125,0.47556
40_Ar1_Vlow_Ac0/Rp32_Ac0_Vlow_Ar1_UNC360,0,1,low,32,3.6,14.96749,2.59946,0.01443,9.29985,0.21864,0.56721,0.46444
40_Ar1_Vlow_Ac0/Rp33_Ac0_Vlow_Ar1_UNC223,0,1,low,33,2.23,14.96727,2.90245,0.01387,9.63384,0.22394,0.60838,0.48222
40_Ar1_Vlow_Ac0/Rp34_Ac0_Vlow_Ar1_UNC355,0,1,low,34,3.55,14.96715,2.91731,0.01414,9.73297,0.23466,0.61391,0.49333
40_Ar1_Vlow_Ac0/Rp35_Ac0_Vlow_Ar1_UNC221,0,1,low,35,2.21,14.96789,3.05697,0.01525,9.83253,0.22248,0.63619,0.48667
41_Ar1_Vlow_Ac1/Rp01_Ac1_Vlow_Ar1_UNC048,1,1,low,1,0.48,14.9665,1.72938,0.00819,6.33281,0.25379,0.51048,0.25556
41_Ar1_Vlow_Ac1/Rp02_Ac1_Vlow_Ar1_UNC252,1,1,low,2,2.52,14.96777,1.58812,0.00961,6.23339,0.24304,0.44799,0.24889
41_Ar1_Vlow_Ac1/Rp03_Ac1_Vlow_Ar1_UNC145,1,1,low,3,1.45,14.96745,1.45585,0.00771,6.03372,0.22913,0.41492,0.23556
41_Ar1_Vlow_Ac1/Rp04_Ac1_Vlow_Ar1_UNC197,1,1,low,4,1.97,14.96727,1.83456,0.00879,6.46719,0.27446,0.5739,0.26
41_Ar1_Vlow_Ac1/Rp05_Ac1_Vlow_Ar1_UNC042,1,1,low,5,0.42,14.96751,1.61311,0.00771,6.16611,0.24007,0.48871,0.24222
41_Ar1_Vlow_Ac1/Rp06_Ac1_Vlow_Ar1_UNC143,1,1,low,6,1.43,14.96772,1.66377,0.00803,6.33364,0.24134,0.51574,0.24667
41_Ar1_Vlow_Ac1/Rp07_Ac1_Vlow_Ar1_UNC155,1,1,low,7,1.55,14.96732,1.61922,0.00871,6.23377,0.24398,0.46573,0.24889
41_Ar1_Vlow_Ac1/Rp08_Ac1_Vlow_Ar1_UNC110,1,1,low,8,1.1,14.96725,1.86978,0.0088,6.5325,0.28911,0.63497,0.25333
41_Ar1_Vlow_Ac1/Rp09_Ac1_Vlow_Ar1_UNC125,1,1,low,9,1.25,14.96719,1.71463,0.00806,6.39998,0.24217,0.50942,0.25333
41_Ar1_Vlow_Ac1/Rp10_Ac1_Vlow_Ar1_UNC229,1,1,low,10,2.29,14.96762,1.61734,0.00877,6.26663,0.23714,0.47079,0.24889
41_Ar1_Vlow_Ac1/Rp11_Ac1_Vlow_Ar1_UNC187,1,1,low,11,1.87,14.96715,1.54046,0.0081,6.20019,0.22885,0.44819,0.24
41_Ar1_Vlow_Ac1/Rp12_Ac1_Vlow_Ar1_UNC259,1,1,low,12,2.59,14.9676,1.82558,0.0086,6.50005,0.2767,0.5773,0.25778
41_Ar1_Vlow_Ac1/Rp13_Ac1_Vlow_Ar1_UNC045,1,1,low,13,0.45,14.96732,1.74147,0.00845,6.39968,0.27814,0.5374,0.25111
41_Ar1_Vlow_Ac1/Rp14_Ac1_Vlow_Ar1_UNC219,1,1,low,14,2.19,14.96748,1.76835,0.00876,6.40002,0.26323,0.55232,0.25333
41_Ar1_Vlow_Ac1/Rp15_Ac1_Vlow_Ar1_UNC246,1,1,low,15,2.46,14.96763,1.79488,0.00898,6.40059,0.23959,0.56985,0.25333
41_Ar1_Vlow_Ac1/Rp16_Ac1_Vlow_Ar1_UNC169,1,1,low,16,1.69,14.9673,1.75474,0.00823,6.3339,0.27385,0.54413,0.25333
41_Ar1_Vlow_Ac1/Rp17_Ac1_Vlow_Ar1_UNC134,1,1,low,17,1.34,14.96755,1.47423,0.00734,6.00089,0.22259,0.43545,0.23556
41_Ar1_Vlow_Ac1/Rp18_Ac1_Vlow_Ar1_UNC097,1,1,low,18,0.97,14.96729,1.45136,0.00769,6.03299,0.2268,0.42011,0.23556
41_Ar1_Vlow_Ac1/Rp19_Ac1_Vlow_Ar1_UNC269,1,1,low,19,2.69,14.96726,1.6529,0.00813,6.19976,0.25455,0.50748,0.24667
41_Ar1_Vlow_Ac1/Rp20_Ac1_Vlow_Ar1_UNC120,1,1,low,20,1.2,14.96763,1.80026,0.00912,6.36733,0.26674,0.57824,0.25333
41_Ar1_Vlow_Ac1/Rp21_Ac1_Vlow_Ar1_UNC225,1,1,low,21,2.25,14.96712,1.54726,0.00792,6.10039,0.22766,0.47101,0.23778
41_Ar1_Vlow_Ac1/Rp22_Ac1_Vlow_Ar1_UNC027,1,1,low,22,0.27,14.96735,1.63313,0.00772,6.19956,0.25064,0.50546,0.24444
41_Ar1_Vlow_Ac1/Rp23_Ac1_Vlow_Ar1_UNC208,1,1,low,23,2.08,14.96758,1.68458,0.00796,6.33315,0.25214,0.51178,0.24889
41_Ar1_Vlow_Ac1/Rp24_Ac1_Vlow_Ar1_UNC142,1,1,low,24,1.42,14.96743,1.62834,0.00825,6.2667,0.24752,0.49005,0.24444
41_Ar1_Vlow_Ac1/Rp25_Ac1_Vlow_Ar1_UNC234,1,1,low,25,2.34,14.96738,1.74063,0.00872,6.36592,0.25784,0.54734,0.25333
41_Ar1_Vlow_Ac1/Rp26_Ac1_Vlow_Ar1_UNC243,1,1,low,26,2.43,14.96733,1.50622,0.00836,6.06683,0.23239,0.42541,0.24
41_Ar1_Vlow_Ac1/Rp27_Ac1_Vlow_Ar1_UNC206,1,1,low,27,2.06,14.96732,1.47537,0.00713,6.03318,0.22534,0.44207,0.23111
41_Ar1_Vlow_Ac1/Rp28_Ac1_Vlow_Ar1_UNC206,1,1,low,28,2.06,14.96736,1.48201,0.00829,6.03303,0.23192,0.42026,0.23778
41_Ar1_Vlow_Ac1/Rp29_Ac1_Vlow_Ar1_UNC259,1,1,low,29,2.59,14.96725,1.79389,0.00886,6.43323,0.26411,0.57108,0.25333
41_Ar1_Vlow_Ac1/Rp30_Ac1_Vlow_Ar1_UNC150,1,1,low,30,1.5,14.96749,1.64776,0.00782,6.26733,0.23241,0.50349,0.24667
41_Ar1_Vlow_Ac1/Rp31_Ac1_Vlow_Ar1_UNC286,1,1,low,31,2.86,14.96787,1.48899,0.0088,6.10029,0.23559,0.41368,0.24222
41_Ar1_Vlow_Ac1/Rp32_Ac1_Vlow_Ar1_UNC160,1,1,low,32,1.6,14.96761,1.82477,0.00884,6.46679,0.28809,0.56502,0.26222
41_Ar1_Vlow_Ac1/Rp33_Ac1_Vlow_Ar1_UNC272,1,1,low,33,2.72,14.9671,1.77297,0.00873,6.30055,0.25486,0.56131,0.25333
41_Ar1_Vlow_Ac1/Rp34_Ac1_Vlow_Ar1_UNC215,1,1,low,34,2.15,14.9674,1.53885,0.00853,6.23384,0.24339,0.4266,0.24444
41_Ar1_Vlow_Ac1/Rp35_Ac1_Vlow_Ar1_UNC248,1,1,low,35,2.48,14.96723,1.50322,0.00815,6.09978,0.22627,0.43522,0.23778
42_Ar1_Vlow_Ac2/Rp01_Ac2_Vlow_Ar1_UNC187,2,1,low,1,1.87,14.96714,3.04427,0.01356,10.79954,0.28941,0.55665,0.59111
42_Ar1_Vlow_Ac2/Rp02_Ac2_Vlow_Ar1_UNC239,2,1,low,2,2.39,14.96735,3.06073,0.01471,11.16623,0.27703,0.51781,0.60667
42_Ar1_Vlow_Ac2/Rp03_Ac2_Vlow_Ar1_UNC141,2,1,low,3,1.41,14.96731,2.75803,0.01264,10.23263,0.27515,0.49576,0.55333
42_Ar1_Vlow_Ac2/Rp04_Ac2_Vlow_Ar1_UNC270,2,1,low,4,2.7,14.96736,3.22238,0.01449,11.29907,0.30028,0.57048,0.62444
42_Ar1_Vlow_Ac2/Rp05_Ac2_Vlow_Ar1_UNC376,2,1,low,5,3.76,14.96751,3.10087,0.01313,10.90062,0.28959,0.52259,0.60444
42_Ar1_Vlow_Ac2/Rp06_Ac2_Vlow_Ar1_UNC248,2,1,low,6,2.48,14.96743,3.30675,0.01392,11.33425,0.30746,0.56706,0.63333
42_Ar1_Vlow_Ac2/Rp07_Ac2_Vlow_Ar1_UNC110,2,1,low,7,1.1,14.96723,2.73415,0.01151,10.46717,0.27213,0.50056,0.55556
42_Ar1_Vlow_Ac2/Rp08_Ac2_Vlow_Ar1_UNC156,2,1,low,8,1.56,14.96741,2.96435,0.01422,10.76683,0.27653,0.53204,0.58
42_Ar1_Vlow_Ac2/Rp09_Ac2_Vlow_Ar1_UNC236,2,1,low,9,2.36,14.96729,2.6184,0.01176,10.33309,0.25045,0.48091,0.54222
42_Ar1_Vlow_Ac2/Rp10_Ac2_Vlow_Ar1_UNC216,2,1,low,10,2.16,14.96736,3.12598,0.01473,10.86618,0.29294,0.5645,0.59111
42_Ar1_Vlow_Ac2/Rp11_Ac2_Vlow_Ar1_UNC191,2,1,low,11,1.91,14.96741,2.62056,0.01351,10.09954,0.25727,0.49173,0.54
42_Ar1_Vlow_Ac2/Rp12_Ac2_Vlow_Ar1_UNC221,2,1,low,12,2.21,14.96722,3.0824,0.01582,11.03391,0.28384,0.53208,0.60222
42_Ar1_Vlow_Ac2/Rp13_Ac2_Vlow_Ar1_UNC222,2,1,low,13,2.22,14.96712,3.1792,0.01344,11.06755,0.30298,0.54511,0.62889
42_Ar1_Vlow_Ac2/Rp14_Ac2_Vlow_Ar1_UNC214,2,1,low,14,2.14,14.96776,2.85025,0.01346,10.29994,0.27606,0.53926,0.56222
42_Ar1_Vlow_Ac2/Rp15_Ac2_Vlow_Ar1_UNC207,2,1,low,15,2.07,14.9673,3.10081,0.01394,11.03352,0.28693,0.56669,0.59556
42_Ar1_Vlow_Ac2/Rp16_Ac2_Vlow_Ar1_UNC105,2,1,low,16,1.05,14.96747,2.96229,0.01396,10.83312,0.26868,0.54516,0.58
42_Ar1_Vlow_Ac2/Rp17_Ac2_Vlow_Ar1_UNC121,2,1,low,17,1.21,14.96727,2.88794,0.01358,10.4325,0.28289,0.55237,0.55556
42_Ar1_Vlow_Ac2/Rp18_Ac2_Vlow_Ar1_UNC262,2,1,low,18,2.62,14.96752,3.22132,0.01332,11.13317,0.30038,0.56375,0.62222
42_Ar1_Vlow_Ac2/Rp19_Ac2_Vlow_Ar1_UNC210,2,1,low,19,2.1,14.96775,3.14089,0.01398,11.00026,0.29596,0.54378,0.59556
42_Ar1_Vlow_Ac2/Rp20_Ac2_Vlow_Ar1_UNC173,2,1,low,20,1.73,14.96734,3.12634,0.01248,10.86644,0.29999,0.56775,0.60222
42_Ar1_Vlow_Ac2/Rp21_Ac2_Vlow_Ar1_UNC437,2,1,low,21,4.37,14.96741,3.26245,0.01501,11.19914,0.29638,0.55471,0.62667
42_Ar1_Vlow_Ac2/Rp22_Ac2_Vlow_Ar1_UNC156,2,1,low,22,1.56,14.96748,3.10204,0.01518,11.13263,0.28059,0.54347,0.61111
42_Ar1_Vlow_Ac2/Rp23_Ac2_Vlow_Ar1_UNC092,2,1,low,23,0.92,14.96745,3.16866,0.01512,11.09992,0.28963,0.57256,0.60222
42_Ar1_Vlow_Ac2/Rp24_Ac2_Vlow_Ar1_UNC125,2,1,low,24,1.25,14.96703,3.05304,0.01366,10.66703,0.28933,0.55024,0.59111
42_Ar1_Vlow_Ac2/Rp25_Ac2_Vlow_Ar1_UNC089,2,1,low,25,0.89,14.96771,3.09262,0.01369,11.03326,0.29167,0.53516,0.61111
42_Ar1_Vlow_Ac2/Rp26_Ac2_Vlow_Ar1_UNC136,2,1,low,26,1.36,14.96726,3.2067,0.01342,11.06623,0.30482,0.55469,0.61778
42_Ar1_Vlow_Ac2/Rp27_Ac2_Vlow_Ar1_UNC140,2,1,low,27,1.4,14.96686,3.08396,0.01421,10.73337,0.3023,0.55677,0.58667
42_Ar1_Vlow_Ac2/Rp28_Ac2_Vlow_Ar1_UNC348,2,1,low,28,3.48,14.96741,3.34856,0.01411,11.53301,0.29759,0.5637,0.64
42_Ar1_Vlow_Ac2/Rp29_Ac2_Vlow_Ar1_UNC329,2,1,low,29,3.29,14.96732,2.94601,0.01335,10.70077,0.27557,0.51576,0.59111
42_Ar1_Vlow_Ac2/Rp30_Ac2_Vlow_Ar1_UNC329,2,1,low,30,3.29,14.96773,2.76506,0.01433,10.23318,0.27289,0.50754,0.55333
42_Ar1_Vlow_Ac2/Rp31_Ac2_Vlow_Ar1_UNC266,2,1,low,31,2.66,14.96751,3.27347,0.01325,11.40076,0.30243,0.56699,0.63111
42_Ar1_Vlow_Ac2/Rp32_Ac2_Vlow_Ar1_UNC283,2,1,low,32,2.83,14.96772,3.01731,0.01488,10.86704,0.27852,0.52688,0.58667
42_Ar1_Vlow_Ac2/Rp33_Ac2_Vlow_Ar1_UNC338,2,1,low,33,3.38,14.96742,3.11477,0.01405,11.03404,0.27893,0.5394,0.59778
42_Ar1_Vlow_Ac2/Rp34_Ac2_Vlow_Ar1_UNC333,2,1,low,34,3.33,14.96769,2.94596,0.01305,10.8345,0.27418,0.51119,0.58889
42_Ar1_Vlow_Ac2/Rp35_Ac2_Vlow_Ar1_UNC116,2,1,low,35,1.16,14.9676,2.96686,0.01377,10.50008,0.28803,0.54797,0.58222
42_Ar1_Vlow_Ac2/Rp36_Ac2_Vlow_Ar1_UNC383,2,1,low,36,3.83,14.96754,3.10261,0.01368,10.9681,0.28187,0.55185,0.59778
43_Ar1_Vlow_Ac3/Rp01_Ac3_Vlow_Ar1_UNC173,3,1,low,1,1.73,14.96737,3.36728,0.01622,11.86624,0.28227,0.54994,0.67111
43_Ar1_Vlow_Ac3/Rp02_Ac3_Vlow_Ar1_UNC152,3,1,low,2,1.52,14.9673,3.65615,0.01738,12.46608,0.30456,0.56684,0.71333
43_Ar1_Vlow_Ac3/Rp03_Ac3_Vlow_Ar1_UNC244,3,1,low,3,2.44,14.96739,3.64421,0.01671,12.59946,0.29249,0.55847,0.71111
43_Ar1_Vlow_Ac3/Rp04_Ac3_Vlow_Ar1_UNC139,3,1,low,4,1.39,14.96747,3.57528,0.01576,12.30044,0.29274,0.55013,0.70222
43_Ar1_Vlow_Ac3/Rp05_Ac3_Vlow_Ar1_UNC226,3,1,low,5,2.26,14.9675,3.337,0.01494,11.86717,0.27295,0.55342,0.66222
43_Ar1_Vlow_Ac3/Rp06_Ac3_Vlow_Ar1_UNC110,3,1,low,6,1.1,14.96712,3.50524,0.01538,12.26764,0.28531,0.56343,0.69111
43_Ar1_Vlow_Ac3/Rp07_Ac3_Vlow_Ar1_UNC216,3,1,low,7,2.16,14.96707,3.51468,0.01594,12.23302,0.29038,0.5506,0.69333
43_Ar1_Vlow_Ac3/Rp08_Ac3_Vlow_Ar1_UNC243,3,1,low,8,2.43,14.96745,3.57155,0.01504,12.23246,0.29884,0.58202,0.69111
43_Ar1_Vlow_Ac3/Rp09_Ac3_Vlow_Ar1_UNC298,3,1,low,9,2.98,14.96747,3.70565,0.01736,12.89983,0.30297,0.54061,0.72667
43_Ar1_Vlow_Ac3/Rp10_Ac3_Vlow_Ar1_UNC301,3,1,low,10,3.01,14.96765,3.79738,0.01668,12.96702,0.30962,0.55425,0.74
43_Ar1_Vlow_Ac3/Rp11_Ac3_Vlow_Ar1_UNC240,3,1,low,11,2.4,14.96907,3.42933,0.01527,12.10022,0.28633,0.55193,0.68444
43_Ar1_Vlow_Ac3/Rp12_Ac3_Vlow_Ar1_UNC177,3,1,low,12,1.77,14.96749,3.23874,0.0149,11.70057,0.28507,0.53134,0.66444
43_Ar1_Vlow_Ac3/Rp13_Ac3_Vlow_Ar1_UNC094,3,1,low,13,0.94,14.96759,3.42625,0.01713,12.19884,0.28078,0.53924,0.68
43_Ar1_Vlow_Ac3/Rp14_Ac3_Vlow_Ar1_UNC219,3,1,low,14,2.19,14.96749,3.32457,0.01502,11.66649,0.2914,0.56556,0.66444
43_Ar1_Vlow_Ac3/Rp15_Ac3_Vlow_Ar1_UNC233,3,1,low,15,2.33,14.9676,3.03861,0.01404,11.46583,0.26678,0.49748,0.63556
43_Ar1_Vlow_Ac3/Rp16_Ac3_Vlow_Ar1_UNC305,3,1,low,16,3.05,14.96725,3.44706,0.01564,12.00026,0.30243,0.55706,0.69111
43_Ar1_Vlow_Ac3/Rp17_Ac3_Vlow_Ar1_UNC155,3,1,low,17,1.55,14.96723,3.24249,0.01417,11.766,0.28009,0.52249,0.66889
43_Ar1_Vlow_Ac3/Rp18_Ac3_Vlow_Ar1_UNC226,3,1,low,18,2.26,14.96749,3.69286,0.01662,12.86686,0.301,0.54804,0.72444
43_Ar1_Vlow_Ac3/Rp19_Ac3_Vlow_Ar1_UNC185,3,1,low,19,1.85,14.96683,3.55454,0.01702,12.36713,0.2955,0.55166,0.70222
43_Ar1_Vlow_Ac3/Rp20_Ac3_Vlow_Ar1_UNC136,3,1,low,20,1.36,14.96783,3.63651,0.01452,12.26556,0.30901,0.56076,0.71556
43_Ar1_Vlow_Ac3/Rp21_Ac3_Vlow_Ar1_UNC327,3,1,low,21,3.27,14.96756,3.72844,0.01741,12.83203,0.30677,0.54396,0.72667
43_Ar1_Vlow_Ac3/Rp22_Ac3_Vlow_Ar1_UNC222,3,1,low,22,2.22,14.96719,3.28991,0.01395,11.73358,0.29543,0.54801,0.66222
43_Ar1_Vlow_Ac3/Rp23_Ac3_Vlow_Ar1_UNC170,3,1,low,23,1.7,14.96719,3.43893,0.01405,11.89883,0.2933,0.57596,0.67778
43_Ar1_Vlow_Ac3/Rp24_Ac3_Vlow_Ar1_UNC287,3,1,low,24,2.87,14.96711,3.56022,0.01571,12.09926,0.3053,0.55831,0.69333
43_Ar1_Vlow_Ac3/Rp25_Ac3_Vlow_Ar1_UNC306,3,1,low,25,3.06,14.96785,3.80327,0.01825,12.7675,0.30707,0.5586,0.73778
43_Ar1_Vlow_Ac3/Rp26_Ac3_Vlow_Ar1_UNC287,3,1,low,26,2.87,14.96726,3.89896,0.01828,12.93371,0.31071,0.56096,0.74444
43_Ar1_Vlow_Ac3/Rp27_Ac3_Vlow_Ar1_UNC164,3,1,low,27,1.64,14.96763,3.33036,0.01494,11.86505,0.2894,0.52295,0.66889
43_Ar1_Vlow_Ac3/Rp28_Ac3_Vlow_Ar1_UNC314,3,1,low,28,3.14,14.96743,3.63498,0.01588,12.36762,0.3033,0.58156,0.69778
43_Ar1_Vlow_Ac3/Rp29_Ac3_Vlow_Ar1_UNC170,3,1,low,29,1.7,14.96724,3.41817,0.0159,11.79931,0.29393,0.56873,0.67333
43_Ar1_Vlow_Ac3/Rp30_Ac3_Vlow_Ar1_UNC119,3,1,low,30,1.19,14.96729,3.66264,0.01542,12.36529,0.31274,0.56171,0.71333
43_Ar1_Vlow_Ac3/Rp31_Ac3_Vlow_Ar1_UNC129,3,1,low,31,1.29,14.96715,3.45868,0.01741,12.10158,0.29864,0.53601,0.68667
43_Ar1_Vlow_Ac3/Rp32_Ac3_Vlow_Ar1_UNC116,3,1,low,32,1.16,14.96737,3.60951,0.01575,12.5673,0.30153,0.53987,0.72
43_Ar1_Vlow_Ac3/Rp33_Ac3_Vlow_Ar1_UNC167,3,1,low,33,1.67,14.96783,3.60028,0.0158,12.46674,0.29938,0.54378,0.70889
43_Ar1_Vlow_Ac3/Rp34_Ac3_Vlow_Ar1_UNC318,3,1,low,34,3.18,14.96718,3.141,0.0144,11.53418,0.26105,0.53971,0.63778
43_Ar1_Vlow_Ac3/Rp35_Ac3_Vlow_Ar1_UNC128,3,1,low,35,1.28,14.96733,3.56073,0.0145,12.26645,0.30024,0.56096,0.70889
43_Ar1_Vlow_Ac3/Rp36_Ac3_Vlow_Ar1_UNC143,3,1,low,36,1.43,14.96747,3.53385,0.01608,12.29867,0.28965,0.54671,0.68667
44_Ar1_Vlow_Ac4/Rp01_Ac4_Vlow_Ar1_UNC091,4,1,low,1,0.91,14.96752,2.67707,0.01468,10.06723,0.26115,0.53172,0.52222
44_Ar1_Vlow_Ac4/Rp02_Ac4_Vlow_Ar1_UNC161,4,1,low,2,1.61,14.96704,2.99954,0.01413,10.33468,0.28844,0.65224,0.54889
44_Ar1_Vlow_Ac4/Rp03_Ac4_Vlow_Ar1_UNC127,4,1,low,3,1.27,14.96734,2.73393,0.01332,10.03524,0.26391,0.53108,0.53111
44_Ar1_Vlow_Ac4/Rp04_Ac4_Vlow_Ar1_UNC179,4,1,low,4,1.79,14.96739,2.79523,0.01524,10.20088,0.26642,0.58814,0.54
44_Ar1_Vlow_Ac4/Rp05_Ac4_Vlow_Ar1_UNC050,4,1,low,5,0.5,14.96717,2.69552,0.01368,9.8335,0.27056,0.56617,0.52667
44_Ar1_Vlow_Ac4/Rp06_Ac4_Vlow_Ar1_UNC259,4,1,low,6,2.59,14.96754,2.91184,0.01448,10.10098,0.28175,0.63934,0.54889
44_Ar1_Vlow_Ac4/Rp07_Ac4_Vlow_Ar1_UNC112,4,1,low,7,1.12,14.96756,2.58087,0.01307,9.83326,0.24936,0.53695,0.52
44_Ar1_Vlow_Ac4/Rp08_Ac4_Vlow_Ar1_UNC334,4,1,low,8,3.34,14.96713,2.59983,0.01293,9.76639,0.26085,0.57057,0.51556
44_Ar1_Vlow_Ac4/Rp09_Ac4_Vlow_Ar1_UNC256,4,1,low,9,2.56,14.96735,2.56365,0.01375,9.83317,0.25419,0.52124,0.51333
44_Ar1_Vlow_Ac4/Rp10_Ac4_Vlow_Ar1_UNC285,4,1,low,10,2.85,14.96709,2.55615,0.01353,9.76648,0.26068,0.5406,0.51778
44_Ar1_Vlow_Ac4/Rp11_Ac4_Vlow_Ar1_UNC132,4,1,low,11,1.32,14.96725,2.57015,0.01509,10.06695,0.25101,0.51627,0.52222
44_Ar1_Vlow_Ac4/Rp12_Ac4_Vlow_Ar1_UNC074,4,1,low,12,0.74,14.96745,2.76398,0.01308,9.86688,0.2668,0.57958,0.53333
44_Ar1_Vlow_Ac4/Rp13_Ac4_Vlow_Ar1_UNC133,4,1,low,13,1.33,14.96706,3.04528,0.01476,10.5326,0.2943,0.70896,0.54444
44_Ar1_Vlow_Ac4/Rp14_Ac4_Vlow_Ar1_UNC112,4,1,low,14,1.12,14.96765,3.12129,0.01506,10.63302,0.29361,0.66393,0.55333
44_Ar1_Vlow_Ac4/Rp15_Ac4_Vlow_Ar1_UNC109,4,1,low,15,1.09,14.96741,2.52266,0.01293,9.69923,0.25451,0.50946,0.51556
44_Ar1_Vlow_Ac4/Rp16_Ac4_Vlow_Ar1_UNC095,4,1,low,16,0.95,14.96754,2.78418,0.01445,10.16566,0.26749,0.5522,0.52667
44_Ar1_Vlow_Ac4/Rp17_Ac4_Vlow_Ar1_UNC225,4,1,low,17,2.25,14.96768,2.60081,0.01299,9.83303,0.27135,0.52722,0.52
44_Ar1_Vlow_Ac4/Rp18_Ac4_Vlow_Ar1_UNC080,4,1,low,18,0.8,14.96775,2.69096,0.01454,10.23324,0.25333,0.51669,0.52889
44_Ar1_Vlow_Ac4/Rp19_Ac4_Vlow_Ar1_UNC188,4,1,low,19,1.88,14.96725,2.54603,0.013,9.86701,0.26469,0.50447,0.52222
44_Ar1_Vlow_Ac4/Rp20_Ac4_Vlow_Ar1_UNC149,4,1,low,20,1.49,14.96746,2.68252,0.01329,9.83372,0.25483,0.57178,0.52
44_Ar1_Vlow_Ac4/Rp21_Ac4_Vlow_Ar1_UNC070,4,1,low,21,0.7,14.96745,2.79975,0.01411,10.16746,0.27164,0.60293,0.53111
44_Ar1_Vlow_Ac4/Rp22_Ac4_Vlow_Ar1_UNC143,4,1,low,22,1.43,14.96752,2.77214,0.01303,9.99793,0.28386,0.57171,0.52889
44_Ar1_Vlow_Ac4/Rp23_Ac4_Vlow_Ar1_UNC257,4,1,low,23,2.57,14.967,2.78603,0.01389,10.13355,0.27719,0.61556,0.53556
44_Ar1_Vlow_Ac4/Rp24_Ac4_Vlow_Ar1_UNC113,4,1,low,24,1.13,14.96721,2.73712,0.01347,10.06628,0.25572,0.58824,0.53556
44_Ar1_Vlow_Ac4/Rp25_Ac4_Vlow_Ar1_UNC174,4,1,low,25,1.74,14.96756,2.83165,0.01384,10.16624,0.26787,0.65352,0.53333
44_Ar1_Vlow_Ac4/Rp26_Ac4_Vlow_Ar1_UNC171,4,1,low,26,1.71,14.96734,2.78886,0.01457,10.19906,0.2664,0.55596,0.52889
44_Ar1_Vlow_Ac4/Rp27_Ac4_Vlow_Ar1_UNC094,4,1,low,27,0.94,14.96737,2.56905,0.01343,9.76603,0.26487,0.52724,0.51556
44_Ar1_Vlow_Ac4/Rp28_Ac4_Vlow_Ar1_UNC147,4,1,low,28,1.47,14.96719,2.933,0.01399,10.16817,0.27588,0.62706,0.53778
44_Ar1_Vlow_Ac4/Rp29_Ac4_Vlow_Ar1_UNC251,4,1,low,29,2.51,14.96761,2.52003,0.01278,9.83244,0.24188,0.50284,0.51333
44_Ar1_Vlow_Ac4/Rp30_Ac4_Vlow_Ar1_UNC188,4,1,low,30,1.88,14.96761,2.61487,0.01364,9.66629,0.27491,0.52407,0.52
44_Ar1_Vlow_Ac4/Rp31_Ac4_Vlow_Ar1_UNC123,4,1,low,31,1.23,14.9671,2.98287,0.01367,10.43327,0.27905,0.66649,0.53778
44_Ar1_Vlow_Ac4/Rp32_Ac4_Vlow_Ar1_UNC052,4,1,low,32,0.52,14.9678,2.76417,0.01421,9.96555,0.28519,0.55487,0.53111
44_Ar1_Vlow_Ac4/Rp33_Ac4_Vlow_Ar1_UNC060,4,1,low,33,0.6,14.96761,2.92425,0.01402,10.13337,0.29429,0.59003,0.54222
44_Ar1_Vlow_Ac4/Rp34_Ac4_Vlow_Ar1_UNC120,4,1,low,34,1.2,14.96738,2.71871,0.01434,9.93372,0.26486,0.55067,0.53111
44_Ar1_Vlow_Ac4/Rp35_Ac4_Vlow_Ar1_UNC122,4,1,low,35,1.22,14.96722,3.01893,0.01536,10.39986,0.27798,0.7183,0.54889
44_Ar1_Vlow_Ac4/Rp36_Ac4_Vlow_Ar1_UNC095,4,1,low,36,0.95,14.96754,2.90985,0.01394,10.13327,0.27598,0.62321,0.54889
45_Ar1_Vlow_Ac5/Rp01_Ac5_Vlow_Ar1_UNC119,5,1,low,1,1.19,14.96677,3.12415,0.01448,11.13306,0.28781,0.56216,0.60222
45_Ar1_Vlow_Ac5/Rp02_Ac5_Vlow_Ar1_UNC349,5,1,low,2,3.49,14.96637,2.82925,0.01177,10.69956,0.25515,0.58801,0.57111
45_Ar1_Vlow_Ac5/Rp03_Ac5_Vlow_Ar1_UNC179,5,1,low,3,1.79,14.96716,3.26624,0.01507,11.63386,0.28979,0.56871,0.63556
45_Ar1_Vlow_Ac5/Rp04_Ac5_Vlow_Ar1_UNC090,5,1,low,4,0.9,14.96726,3.15324,0.01437,11.19872,0.27941,0.5617,0.61556
45_Ar1_Vlow_Ac5/Rp05_Ac5_Vlow_Ar1_UNC254,5,1,low,5,2.54,14.96726,2.6831,0.01416,10.53328,0.24399,0.51264,0.55111
45_Ar1_Vlow_Ac5/Rp06_Ac5_Vlow_Ar1_UNC230,5,1,low,6,2.3,14.96696,3.23752,0.01404,11.49961,0.2978,0.5508,0.62667
45_Ar1_Vlow_Ac5/Rp07_Ac5_Vlow_Ar1_UNC111,5,1,low,7,1.11,14.96687,2.98347,0.01334,11.10164,0.27525,0.55644,0.59556
45_Ar1_Vlow_Ac5/Rp08_Ac5_Vlow_Ar1_UNC074,5,1,low,8,0.74,14.96786,3.06632,0.0141,11.13301,0.27748,0.53691,0.60222
45_Ar1_Vlow_Ac5/Rp09_Ac5_Vlow_Ar1_UNC213,5,1,low,9,2.13,14.96704,3.21635,0.0144,11.19978,0.29038,0.5453,0.62889
45_Ar1_Vlow_Ac5/Rp10_Ac5_Vlow_Ar1_UNC202,5,1,low,10,2.02,14.96738,3.28439,0.015,11.56607,0.2982,0.54872,0.63111
45_Ar1_Vlow_Ac5/Rp11_Ac5_Vlow_Ar1_UNC380,5,1,low,11,3.8,14.96736,2.69895,0.01303,10.60054,0.24877,0.52947,0.55111
45_Ar1_Vlow_Ac5/Rp12_Ac5_Vlow_Ar1_UNC117,5,1,low,12,1.17,14.96756,3.03826,0.01473,11.20034,0.27567,0.54738,0.60444
45_Ar1_Vlow_Ac5/Rp13_Ac5_Vlow_Ar1_UNC193,5,1,low,13,1.93,14.96711,2.68889,0.01302,10.23321,0.24325,0.49953,0.54667
45_Ar1_Vlow_Ac5/Rp14_Ac5_Vlow_Ar1_UNC098,5,1,low,14,0.98,14.96731,2.96155,0.01356,10.80007,0.27511,0.5564,0.58
45_Ar1_Vlow_Ac5/Rp15_Ac5_Vlow_Ar1_UNC237,5,1,low,15,2.37,14.96747,2.83758,0.01419,10.69769,0.26964,0.56187,0.57111
45_Ar1_Vlow_Ac5/Rp16_Ac5_Vlow_Ar1_UNC368,5,1,low,16,3.68,14.96739,2.953,0.01339,10.90014,0.26568,0.59139,0.59333
45_Ar1_Vlow_Ac5/Rp17_Ac5_Vlow_Ar1_UNC238,5,1,low,17,2.38,14.96724,2.81578,0.01315,10.76622,0.26918,0.52125,0.58222
45_Ar1_Vlow_Ac5/Rp18_Ac5_Vlow_Ar1_UNC117,5,1,low,18,1.17,14.96725,2.97089,0.01524,11.00013,0.26705,0.50787,0.59111
45_Ar1_Vlow_Ac5/Rp19_Ac5_Vlow_Ar1_UNC104,5,1,low,19,1.04,14.96738,3.09249,0.01355,11.23373,0.27962,0.53781,0.61556
45_Ar1_Vlow_Ac5/Rp20_Ac5_Vlow_Ar1_UNC157,5,1,low,20,1.57,14.96745,3.09098,0.01381,11.36662,0.28091,0.53481,0.61556
45_Ar1_Vlow_Ac5/Rp21_Ac5_Vlow_Ar1_UNC117,5,1,low,21,1.17,14.96763,3.07337,0.01371,11.23344,0.27372,0.57268,0.60889
45_Ar1_Vlow_Ac5/Rp22_Ac5_Vlow_Ar1_UNC126,5,1,low,22,1.26,14.96739,3.12461,0.01517,11.16732,0.29143,0.53971,0.60667
45_Ar1_Vlow_Ac5/Rp23_Ac5_Vlow_Ar1_UNC131,5,1,low,23,1.31,14.9674,3.00339,0.01541,11.00023,0.2729,0.52974,0.58889
45_Ar1_Vlow_Ac5/Rp24_Ac5_Vlow_Ar1_UNC078,5,1,low,24,0.78,14.96706,3.1463,0.01483,11.16689,0.29117,0.5533,0.60444
45_Ar1_Vlow_Ac5/Rp25_Ac5_Vlow_Ar1_UNC152,5,1,low,25,1.52,14.96752,3.04893,0.0145,10.99983,0.27309,0.5499,0.58889
45_Ar1_Vlow_Ac5/Rp26_Ac5_Vlow_Ar1_UNC102,5,1,low,26,1.02,14.9676,3.01175,0.01416,10.99947,0.28031,0.5282,0.60222
45_Ar1_Vlow_Ac5/Rp27_Ac5_Vlow_Ar1_UNC169,5,1,low,27,1.69,14.96722,3.22922,0.01479,11.36677,0.30072,0.55826,0.63111
45_Ar1_Vlow_Ac5/Rp28_Ac5_Vlow_Ar1_UNC243,5,1,low,28,2.43,14.96744,2.90311,0.01407,10.83386,0.27271,0.53129,0.58667
45_Ar1_Vlow_Ac5/Rp29_Ac5_Vlow_Ar1_UNC244,5,1,low,29,2.44,14.96712,3.03965,0.01482,11.00013,0.27429,0.54783,0.58889
45_Ar1_Vlow_Ac5/Rp30_Ac5_Vlow_Ar1_UNC121,5,1,low,30,1.21,14.96737,3.17883,0.01443,11.2334,0.28782,0.58013,0.61333
45_Ar1_Vlow_Ac5/Rp31_Ac5_Vlow_Ar1_UNC225,5,1,low,31,2.25,14.96734,2.996,0.01389,10.93251,0.27093,0.55282,0.60444
45_Ar1_Vlow_Ac5/Rp32_Ac5_Vlow_Ar1_UNC158,5,1,low,32,1.58,14.96736,3.10864,0.01436,11.06607,0.28191,0.54522,0.59556
45_Ar1_Vlow_Ac5/Rp33_Ac5_Vlow_Ar1_UNC085,5,1,low,33,0.85,14.96743,3.28279,0.01513,11.33281,0.2855,0.56083,0.61333
45_Ar1_Vlow_Ac5/Rp34_Ac5_Vlow_Ar1_UNC215,5,1,low,34,2.15,14.96753,2.96188,0.01434,11.16657,0.27172,0.52119,0.59556
45_Ar1_Vlow_Ac5/Rp35_Ac5_Vlow_Ar1_UNC158,5,1,low,35,1.58,14.96733,3.23647,0.015,11.43374,0.29866,0.55994,0.62667
45_Ar1_Vlow_Ac5/Rp36_Ac5_Vlow_Ar1_UNC087,5,1,low,36,0.87,14.96715,3.1678,0.01345,11.43349,0.28308,0.55366,0.61556
45_Ar1_Vlow_Ac5/Rp37_Ac5_Vlow_Ar1_UNC333,5,1,low,37,3.33,14.96702,2.8369,0.01422,10.70086,0.26723,0.51186,0.57556
46_Ar1_Vlow_Ac6/Rp01_Ac6_Vlow_Ar1_UNC085,6,1,low,1,0.85,14.96723,3.06557,0.01429,10.76545,0.26268,0.53588,0.56667
46_Ar1_Vlow_Ac6/Rp02_Ac6_Vlow_Ar1_UNC285,6,1,low,2,2.85,14.96733,2.99103,0.01396,10.63294,0.27178,0.548,0.55778
46_Ar1_Vlow_Ac6/Rp03_Ac6_Vlow_Ar1_UNC144,6,1,low,3,1.44,14.96739,3.38998,0.0155,11.16691,0.28473,0.59271,0.58444
46_Ar1_Vlow_Ac6/Rp04_Ac6_Vlow_Ar1_UNC245,6,1,low,4,2.45,14.96759,2.85525,0.01377,10.46611,0.26734,0.51691,0.54444
46_Ar1_Vlow_Ac6/Rp05_Ac6_Vlow_Ar1_UNC132,6,1,low,5,1.32,14.96735,2.88118,0.01308,10.46639,0.25907,0.52867,0.54889
46_Ar1_Vlow_Ac6/Rp06_Ac6_Vlow_Ar1_UNC238,6,1,low,6,2.38,14.96717,3.26466,0.01366,10.99977,0.27161,0.57321,0.58667
46_Ar1_Vlow_Ac6/Rp07_Ac6_Vlow_Ar1_UNC106,6,1,low,7,1.06,14.96696,2.88949,0.01549,10.56665,0.27088,0.52986,0.55333
46_Ar1_Vlow_Ac6/Rp08_Ac6_Vlow_Ar1_UNC197,6,1,low,8,1.97,14.96716,3.27821,0.01398,10.86567,0.27418,0.5784,0.56667
46_Ar1_Vlow_Ac6/Rp09_Ac6_Vlow_Ar1_UNC091,6,1,low,9,0.91,14.96705,3.16917,0.01467,10.89981,0.28246,0.56452,0.58
46_Ar1_Vlow_Ac6/Rp10_Ac6_Vlow_Ar1_UNC136,6,1,low,10,1.36,14.96709,2.90611,0.01407,10.49987,0.26755,0.50475,0.55111
46_Ar1_Vlow_Ac6/Rp11_Ac6_Vlow_Ar1_UNC204,6,1,low,11,2.04,14.96736,3.14283,0.01347,10.83209,0.27391,0.56952,0.56444
46_Ar1_Vlow_Ac6/Rp12_Ac6_Vlow_Ar1_UNC110,6,1,low,12,1.1,14.96734,2.92487,0.01366,10.50042,0.26035,0.55794,0.54444
46_Ar1_Vlow_Ac6/Rp13_Ac6_Vlow_Ar1_UNC178,6,1,low,13,1.78,14.96719,3.15094,0.01471,10.76753,0.28024,0.53082,0.56222
46_Ar1_Vlow_Ac6/Rp14_Ac6_Vlow_Ar1_UNC134,6,1,low,14,1.34,14.96725,3.16934,0.01353,10.76719,0.28339,0.5412,0.56
46_Ar1_Vlow_Ac6/Rp15_Ac6_Vlow_Ar1_UNC279,6,1,low,15,2.79,14.96698,2.99553,0.01403,10.3,0.27206,0.53985,0.54444
46_Ar1_Vlow_Ac6/Rp16_Ac6_Vlow_Ar1_UNC142,6,1,low,16,1.42,14.96752,3.33599,0.01444,10.96732,0.2767,0.59208,0.56889
46_Ar1_Vlow_Ac6/Rp17_Ac6_Vlow_Ar1_UNC289,6,1,low,17,2.89,14.96757,3.06196,0.01325,10.36802,0.26677,0.59398,0.54444
46_Ar1_Vlow_Ac6/Rp18_Ac6_Vlow_Ar1_UNC125,6,1,low,18,1.25,14.96719,2.92646,0.01311,10.56532,0.26751,0.51804,0.54667
46_Ar1_Vlow_Ac6/Rp19_Ac6_Vlow_Ar1_UNC136,6,1,low,19,1.36,14.96715,3.00833,0.01429,10.46627,0.27014,0.5426,0.55111
46_Ar1_Vlow_Ac6/Rp20_Ac6_Vlow_Ar1_UNC197,6,1,low,20,1.97,14.96762,3.31863,0.01358,11.10014,0.27437,0.56445,0.59333
46_Ar1_Vlow_Ac6/Rp21_Ac6_Vlow_Ar1_UNC080,6,1,low,21,0.8,14.96723,2.91576,0.01356,10.5656,0.25716,0.56307,0.55333
46_Ar1_Vlow_Ac6/Rp22_Ac6_Vlow_Ar1_UNC114,6,1,low,22,1.14,14.96715,3.08447,0.01345,10.53346,0.26611,0.58238,0.55333
46_Ar1_Vlow_Ac6/Rp23_Ac6_Vlow_Ar1_UNC131,6,1,low,23,1.31,14.96726,3.03124,0.01521,10.49984,0.26343,0.55689,0.55778
46_Ar1_Vlow_Ac6/Rp24_Ac6_Vlow_Ar1_UNC153,6,1,low,24,1.53,14.96719,3.10416,0.01432,10.83356,0.27026,0.54384,0.56889
46_Ar1_Vlow_Ac6/Rp25_Ac6_Vlow_Ar1_UNC116,6,1,low,25,1.16,14.96757,3.21502,0.0144,10.93299,0.27573,0.57817,0.58444
46_Ar1_Vlow_Ac6/Rp26_Ac6_Vlow_Ar1_UNC142,6,1,low,26,1.42,14.96714,3.21476,0.01551,11.00014,0.26862,0.53761,0.58667
46_Ar1_Vlow_Ac6/Rp27_Ac6_Vlow_Ar1_UNC280,6,1,low,27,2.8,14.96725,2.99654,0.01441,10.26568,0.26078,0.59281,0.53111
46_Ar1_Vlow_Ac6/Rp28_Ac6_Vlow_Ar1_UNC316,6,1,low,28,3.16,14.96732,2.86682,0.01334,10.40003,0.26775,0.54953,0.54667
46_Ar1_Vlow_Ac6/Rp29_Ac6_Vlow_Ar1_UNC072,6,1,low,29,0.72,14.96739,3.13552,0.01369,10.69944,0.27075,0.51704,0.56
46_Ar1_Vlow_Ac6/Rp30_Ac6_Vlow_Ar1_UNC361,6,1,low,30,3.61,14.96751,2.66973,0.01367,10.13363,0.24957,0.48453,0.52889
46_Ar1_Vlow_Ac6/Rp31_Ac6_Vlow_Ar1_UNC151,6,1,low,31,1.51,14.96712,3.12029,0.01478,10.56672,0.26979,0.559,0.55556
46_Ar1_Vlow_Ac6/Rp32_Ac6_Vlow_Ar1_UNC267,6,1,low,32,2.67,14.96739,2.99954,0.01347,10.66563,0.27602,0.54711,0.55556
46_Ar1_Vlow_Ac6/Rp33_Ac6_Vlow_Ar1_UNC117,6,1,low,33,1.17,14.96785,3.044,0.01419,10.5005,0.26923,0.56736,0.54667
46_Ar1_Vlow_Ac6/Rp34_Ac6_Vlow_Ar1_UNC171,6,1,low,34,1.71,14.96714,3.27835,0.01541,11.36633,0.28211,0.54289,0.59778
47_Ar1_Vlow_Ac7/Rp01_Ac7_Vlow_Ar1_UNC270,7,1,low,1,2.7,14.96749,1.94015,0.00995,7.36706,0.23063,0.46985,0.33333
47_Ar1_Vlow_Ac7/Rp02_Ac7_Vlow_Ar1_UNC163,7,1,low,2,1.63,14.967,2.06592,0.00997,7.49976,0.24497,0.59796,0.32889
47_Ar1_Vlow_Ac7/Rp03_Ac7_Vlow_Ar1_UNC174,7,1,low,3,1.74,14.96707,2.05727,0.01015,7.56758,0.26656,0.49703,0.34
47_Ar1_Vlow_Ac7/Rp04_Ac7_Vlow_Ar1_UNC174,7,1,low,4,1.74,14.96743,2.01557,0.00949,7.4678,0.2614,0.51664,0.33333
47_Ar1_Vlow_Ac7/Rp05_Ac7_Vlow_Ar1_UNC295,7,1,low,5,2.95,14.96773,2.37917,0.01081,7.96633,0.28089,0.72586,0.35778
47_Ar1_Vlow_Ac7/Rp06_Ac7_Vlow_Ar1_UNC230,7,1,low,6,2.3,14.96719,1.82692,0.00874,7.1998,0.22968,0.47198,0.31778
47_Ar1_Vlow_Ac7/Rp07_Ac7_Vlow_Ar1_UNC143,7,1,low,7,1.43,14.96772,1.92151,0.00968,7.301,0.26592,0.47085,0.32889
47_Ar1_Vlow_Ac7/Rp08_Ac7_Vlow_Ar1_UNC094,7,1,low,8,0.94,14.96731,2.03611,0.00968,7.39931,0.26542,0.52069,0.33556
47_Ar1_Vlow_Ac7/Rp09_Ac7_Vlow_Ar1_UNC069,7,1,low,9,0.69,14.96711,2.02297,0.00993,7.50017,0.26178,0.48482,0.33778
47_Ar1_Vlow_Ac7/Rp10_Ac7_Vlow_Ar1_UNC221,7,1,low,10,2.21,14.96753,2.08562,0.00913,7.40015,0.26546,0.60605,0.33111
47_Ar1_Vlow_Ac7/Rp11_Ac7_Vlow_Ar1_UNC326,7,1,low,11,3.26,14.96735,1.98003,0.00943,7.36719,0.26845,0.49797,0.33333
47_Ar1_Vlow_Ac7/Rp12_Ac7_Vlow_Ar1_UNC187,7,1,low,12,1.87,14.96751,2.30081,0.00961,7.76782,0.27715,0.71031,0.34667
47_Ar1_Vlow_Ac7/Rp13_Ac7_Vlow_Ar1_UNC211,7,1,low,13,2.11,14.96741,1.99242,0.00963,7.46685,0.2507,0.48309,0.33778
47_Ar1_Vlow_Ac7/Rp14_Ac7_Vlow_Ar1_UNC096,7,1,low,14,0.96,14.96735,2.29019,0.00915,7.56622,0.31567,0.64079,0.35556
47_Ar1_Vlow_Ac7/Rp15_Ac7_Vlow_Ar1_UNC156,7,1,low,15,1.56,14.96726,2.39358,0.01062,7.93254,0.27918,0.6967,0.36
47_Ar1_Vlow_Ac7/Rp16_Ac7_Vlow_Ar1_UNC223,7,1,low,16,2.23,14.96757,2.30294,0.0096,7.86638,0.29254,0.59538,0.36
47_Ar1_Vlow_Ac7/Rp17_Ac7_Vlow_Ar1_UNC277,7,1,low,17,2.77,14.96727,1.97209,0.00901,7.33282,0.2612,0.50392,0.32889
47_Ar1_Vlow_Ac7/Rp18_Ac7_Vlow_Ar1_UNC169,7,1,low,18,1.69,14.96684,2.36983,0.00958,7.8336,0.30848,0.63251,0.36667
47_Ar1_Vlow_Ac7/Rp19_Ac7_Vlow_Ar1_UNC129,7,1,low,19,1.29,14.96718,2.11714,0.00877,7.39955,0.28797,0.64306,0.32667
47_Ar1_Vlow_Ac7/Rp20_Ac7_Vlow_Ar1_UNC073,7,1,low,20,0.73,14.96721,1.97499,0.00882,7.23303,0.25765,0.53728,0.32222
47_Ar1_Vlow_Ac7/Rp21_Ac7_Vlow_Ar1_UNC297,7,1,low,21,2.97,14.96727,2.15836,0.01013,7.76767,0.26285,0.51613,0.35111
47_Ar1_Vlow_Ac7/Rp22_Ac7_Vlow_Ar1_UNC079,7,1,low,22,0.79,14.96732,2.02337,0.00972,7.49905,0.24783,0.53975,0.33333
47_Ar1_Vlow_Ac7/Rp23_Ac7_Vlow_Ar1_UNC088,7,1,low,23,0.88,14.96713,2.16671,0.0089,7.4999,0.27378,0.64111,0.33556
47_Ar1_Vlow_Ac7/Rp24_Ac7_Vlow_Ar1_UNC094,7,1,low,24,0.94,14.96765,1.85827,0.00921,7.09991,0.25127,0.48756,0.31778
47_Ar1_Vlow_Ac7/Rp25_Ac7_Vlow_Ar1_UNC255,7,1,low,25,2.55,14.96718,2.06472,0.00883,7.36671,0.26825,0.58259,0.32667
47_Ar1_Vlow_Ac7/Rp26_Ac7_Vlow_Ar1_UNC224,7,1,low,26,2.24,14.9673,2.25945,0.01007,7.63457,0.27044,0.73601,0.34
47_Ar1_Vlow_Ac7/Rp27_Ac7_Vlow_Ar1_UNC236,7,1,low,27,2.36,14.96732,2.01082,0.00906,7.29923,0.25663,0.531,0.33111
47_Ar1_Vlow_Ac7/Rp28_Ac7_Vlow_Ar1_UNC275,7,1,low,28,2.75,14.96761,2.0411,0.00933,7.29966,0.28678,0.55073,0.32889
47_Ar1_Vlow_Ac7/Rp29_Ac7_Vlow_Ar1_UNC061,7,1,low,29,0.61,14.9672,1.98277,0.01007,7.33368,0.25214,0.54127,0.32667
47_Ar1_Vlow_Ac7/Rp30_Ac7_Vlow_Ar1_UNC131,7,1,low,30,1.31,14.96692,2.13965,0.00909,7.50017,0.25985,0.64412,0.33111
47_Ar1_Vlow_Ac7/Rp31_Ac7_Vlow_Ar1_UNC137,7,1,low,31,1.37,14.96755,2.2269,0.00944,7.5665,0.29026,0.5959,0.35111
47_Ar1_Vlow_Ac7/Rp32_Ac7_Vlow_Ar1_UNC108,7,1,low,32,1.08,14.96733,1.95952,0.00971,7.33304,0.26209,0.48998,0.32667
47_Ar1_Vlow_Ac7/Rp33_Ac7_Vlow_Ar1_UNC105,7,1,low,33,1.05,14.96759,1.86126,0.0088,7.2664,0.24793,0.47986,0.32
47_Ar1_Vlow_Ac7/Rp34_Ac7_Vlow_Ar1_UNC291,7,1,low,34,2.91,14.96709,2.22937,0.00864,7.60106,0.2856,0.64836,0.34444
47_Ar1_Vlow_Ac7/Rp35_Ac7_Vlow_Ar1_UNC150,7,1,low,35,1.5,14.96748,1.9604,0.00942,7.33426,0.25732,0.50199,0.32667
47_Ar1_Vlow_Ac7/Rp36_Ac7_Vlow_Ar1_UNC376,7,1,low,36,3.76,14.96748,2.32174,0.0091,7.76777,0.29893,0.58981,0.36444
48_Ar1_Vlow_Ac8/Rp01_Ac8_Vlow_Ar1_UNC294,8,1,low,1,2.94,14.9673,3.31422,0.01418,12.43302,0.27666,0.49491,0.71556
48_Ar1_Vlow_Ac8/Rp02_Ac8_Vlow_Ar1_UNC163,8,1,low,2,1.63,14.96731,3.53355,0.01559,12.9667,0.27672,0.54546,0.75333
48_Ar1_Vlow_Ac8/Rp03_Ac8_Vlow_Ar1_UNC112,8,1,low,3,1.12,14.96705,3.51349,0.01574,12.83299,0.27371,0.55894,0.74667
48_Ar1_Vlow_Ac8/Rp04_Ac8_Vlow_Ar1_UNC178,8,1,low,4,1.78,14.96729,3.43771,0.01649,12.79949,0.27793,0.54545,0.72667
48_Ar1_Vlow_Ac8/Rp05_Ac8_Vlow_Ar1_UNC208,8,1,low,5,2.08,14.96721,3.68423,0.01592,13.13298,0.27736,0.55786,0.77778
48_Ar1_Vlow_Ac8/Rp06_Ac8_Vlow_Ar1_UNC105,8,1,low,6,1.05,14.96703,3.54727,0.01484,12.96662,0.27948,0.55067,0.74889
48_Ar1_Vlow_Ac8/Rp07_Ac8_Vlow_Ar1_UNC274,8,1,low,7,2.74,14.96714,3.41663,0.01574,12.89992,0.27809,0.51695,0.72889
48_Ar1_Vlow_Ac8/Rp08_Ac8_Vlow_Ar1_UNC059,8,1,low,8,0.59,14.96766,3.57281,0.0164,13.10011,0.27084,0.55954,0.75556
48_Ar1_Vlow_Ac8/Rp09_Ac8_Vlow_Ar1_UNC124,8,1,low,9,1.24,14.9672,3.6156,0.01585,13.16591,0.27319,0.53826,0.77778
48_Ar1_Vlow_Ac8/Rp10_Ac8_Vlow_Ar1_UNC209,8,1,low,10,2.09,14.96736,3.56946,0.01557,13.16558,0.27839,0.54537,0.75333
48_Ar1_Vlow_Ac8/Rp11_Ac8_Vlow_Ar1_UNC100,8,1,low,11,1.0,14.96636,3.61589,0.01516,12.96703,0.28168,0.52982,0.75111
48_Ar1_Vlow_Ac8/Rp12_Ac8_Vlow_Ar1_UNC180,8,1,low,12,1.8,14.96724,3.31564,0.01635,12.33443,0.27472,0.53074,0.70667
48_Ar1_Vlow_Ac8/Rp13_Ac8_Vlow_Ar1_UNC159,8,1,low,13,1.59,14.96726,3.61386,0.01565,13.06595,0.2791,0.52898,0.75556
48_Ar1_Vlow_Ac8/Rp14_Ac8_Vlow_Ar1_UNC150,8,1,low,14,1.5,14.96771,3.64828,0.01528,13.26772,0.28134,0.54586,0.75333
48_Ar1_Vlow_Ac8/Rp15_Ac8_Vlow_Ar1_UNC121,8,1,low,15,1.21,14.96755,3.62083,0.01598,13.16633,0.27967,0.53246,0.76222
48_Ar1_Vlow_Ac8/Rp16_Ac8_Vlow_Ar1_UNC154,8,1,low,16,1.54,14.96728,3.44456,0.01496,12.60025,0.28482,0.51191,0.72222
48_Ar1_Vlow_Ac8/Rp17_Ac8_Vlow_Ar1_UNC087,8,1,low,17,0.87,14.96736,3.33316,0.01594,12.76594,0.27038,0.49814,0.72667
48_Ar1_Vlow_Ac8/Rp18_Ac8_Vlow_Ar1_UNC138,8,1,low,18,1.38,14.96721,3.72621,0.01426,13.36616,0.27685,0.57242,0.77556
48_Ar1_Vlow_Ac8/Rp19_Ac8_Vlow_Ar1_UNC323,8,1,low,19,3.23,14.96796,3.71127,0.01506,13.1664,0.28117,0.57184,0.77556
48_Ar1_Vlow_Ac8/Rp20_Ac8_Vlow_Ar1_UNC216,8,1,low,20,2.16,14.96723,3.10755,0.01495,11.93297,0.27052,0.50567,0.68667
48_Ar1_Vlow_Ac8/Rp21_Ac8_Vlow_Ar1_UNC331,8,1,low,21,3.31,14.96729,3.16387,0.01658,12.36577,0.26499,0.51705,0.69111
48_Ar1_Vlow_Ac8/Rp22_Ac8_Vlow_Ar1_UNC140,8,1,low,22,1.4,14.96724,3.61835,0.01747,12.86554,0.28003,0.53621,0.75556
48_Ar1_Vlow_Ac8/Rp23_Ac8_Vlow_Ar1_UNC292,8,1,low,23,2.92,14.96743,3.73957,0.01493,13.10039,0.28582,0.55535,0.77111
48_Ar1_Vlow_Ac8/Rp24_Ac8_Vlow_Ar1_UNC242,8,1,low,24,2.42,14.96787,3.62911,0.01478,13.13216,0.27425,0.55057,0.76889
48_Ar1_Vlow_Ac8/Rp25_Ac8_Vlow_Ar1_UNC199,8,1,low,25,1.99,14.96704,3.31748,0.0154,12.50033,0.27733,0.49956,0.71333
48_Ar1_Vlow_Ac8/Rp26_Ac8_Vlow_Ar1_UNC358,8,1,low,26,3.58,14.96733,3.76748,0.01545,12.99933,0.28901,0.55302,0.76889
48_Ar1_Vlow_Ac8/Rp27_Ac8_Vlow_Ar1_UNC225,8,1,low,27,2.25,14.96716,3.41968,0.01741,12.7334,0.28111,0.52135,0.71556
48_Ar1_Vlow_Ac8/Rp28_Ac8_Vlow_Ar1_UNC110,8,1,low,28,1.1,14.96763,3.41533,0.01616,12.63225,0.27318,0.52233,0.72889
48_Ar1_Vlow_Ac8/Rp29_Ac8_Vlow_Ar1_UNC162,8,1,low,29,1.62,14.96767,3.42599,0.01704,12.66709,0.27213,0.52263,0.74222
48_Ar1_Vlow_Ac8/Rp30_Ac8_Vlow_Ar1_UNC154,8,1,low,30,1.54,14.96718,3.25754,0.01532,12.39983,0.27337,0.50592,0.72
48_Ar1_Vlow_Ac8/Rp31_Ac8_Vlow_Ar1_UNC281,8,1,low,31,2.81,14.96755,3.11525,0.01413,12.03418,0.26976,0.49228,0.70667
48_Ar1_Vlow_Ac8/Rp32_Ac8_Vlow_Ar1_UNC120,8,1,low,32,1.2,14.96739,3.37518,0.01563,12.83373,0.26721,0.52843,0.74222
48_Ar1_Vlow_Ac8/Rp33_Ac8_Vlow_Ar1_UNC069,8,1,low,33,0.69,14.96708,3.42296,0.01555,12.73318,0.27337,0.53805,0.73556
48_Ar1_Vlow_Ac8/Rp34_Ac8_Vlow_Ar1_UNC234,8,1,low,34,2.34,14.96754,3.69661,0.01416,13.09855,0.28611,0.53869,0.75556
49_Ar1_Vlow_Ac9/Rp01_Ac9_Vlow_Ar1_UNC135,9,1,low,1,1.35,14.96723,3.27546,0.01304,11.20111,0.29979,0.53321,0.61111
49_Ar1_Vlow_Ac9/Rp02_Ac9_Vlow_Ar1_UNC213,9,1,low,2,2.13,14.96723,3.56629,0.01421,11.66664,0.30478,0.58707,0.63333
49_Ar1_Vlow_Ac9/Rp03_Ac9_Vlow_Ar1_UNC164,9,1,low,3,1.64,14.96723,3.28506,0.01393,11.3336,0.29901,0.51444,0.61778
49_Ar1_Vlow_Ac9/Rp04_Ac9_Vlow_Ar1_UNC167,9,1,low,4,1.67,14.96752,3.52007,0.01362,11.09951,0.29889,0.68511,0.61333
49_Ar1_Vlow_Ac9/Rp05_Ac9_Vlow_Ar1_UNC086,9,1,low,5,0.86,14.96688,3.516,0.01347,11.26664,0.29901,0.6615,0.62222
49_Ar1_Vlow_Ac9/Rp06_Ac9_Vlow_Ar1_UNC194,9,1,low,6,1.94,14.96713,3.38841,0.01366,11.29974,0.30644,0.54035,0.61778
49_Ar1_Vlow_Ac9/Rp07_Ac9_Vlow_Ar1_UNC189,9,1,low,7,1.89,14.96755,3.62854,0.0141,11.60002,0.29962,0.66284,0.64444
49_Ar1_Vlow_Ac9/Rp08_Ac9_Vlow_Ar1_UNC138,9,1,low,8,1.38,14.96745,3.20074,0.01293,11.06722,0.29696,0.5168,0.60667
49_Ar1_Vlow_Ac9/Rp09_Ac9_Vlow_Ar1_UNC161,9,1,low,9,1.61,14.96743,3.61618,0.0135,11.9,0.3091,0.55164,0.65556
49_Ar1_Vlow_Ac9/Rp10_Ac9_Vlow_Ar1_UNC200,9,1,low,10,2.0,14.96725,3.35681,0.01366,11.60024,0.30098,0.51816,0.64
49_Ar1_Vlow_Ac9/Rp11_Ac9_Vlow_Ar1_UNC194,9,1,low,11,1.94,14.96695,3.52619,0.01346,11.39924,0.30523,0.58267,0.63111
49_Ar1_Vlow_Ac9/Rp12_Ac9_Vlow_Ar1_UNC172,9,1,low,12,1.72,14.96723,3.3044,0.01249,10.96606,0.29701,0.5545,0.59778
49_Ar1_Vlow_Ac9/Rp13_Ac9_Vlow_Ar1_UNC137,9,1,low,13,1.37,14.9674,3.12884,0.01344,10.89941,0.29635,0.52964,0.58667
49_Ar1_Vlow_Ac9/Rp14_Ac9_Vlow_Ar1_UNC068,9,1,low,14,0.68,14.96741,3.17623,0.01278,11.19983,0.29286,0.52596,0.60444
49_Ar1_Vlow_Ac9/Rp15_Ac9_Vlow_Ar1_UNC101,9,1,low,15,1.01,14.96765,3.21824,0.01325,10.99893,0.29004,0.55197,0.60667
49_Ar1_Vlow_Ac9/Rp16_Ac9_Vlow_Ar1_UNC127,9,1,low,16,1.27,14.96713,3.35107,0.01284,10.89912,0.29813,0.61221,0.59778
49_Ar1_Vlow_Ac9/Rp17_Ac9_Vlow_Ar1_UNC138,9,1,low,17,1.38,14.96754,3.28921,0.01319,11.4,0.2986,0.52453,0.62222
49_Ar1_Vlow_Ac9/Rp18_Ac9_Vlow_Ar1_UNC194,9,1,low,18,1.94,14.96713,3.13746,0.01285,10.99951,0.28876,0.52995,0.59778
49_Ar1_Vlow_Ac9/Rp19_Ac9_Vlow_Ar1_UNC234,9,1,low,19,2.34,14.96712,3.585,0.01326,11.36674,0.30489,0.61916,0.62889
49_Ar1_Vlow_Ac9/Rp20_Ac9_Vlow_Ar1_UNC079,9,1,low,20,0.79,14.96715,3.48099,0.01437,11.40176,0.29406,0.66142,0.62
49_Ar1_Vlow_Ac9/Rp21_Ac9_Vlow_Ar1_UNC135,9,1,low,21,1.35,14.96699,3.46768,0.01325,11.36528,0.30296,0.61919,0.62222
49_Ar1_Vlow_Ac9/Rp22_Ac9_Vlow_Ar1_UNC103,9,1,low,22,1.03,14.96724,3.31674,0.01332,11.09982,0.28806,0.65476,0.60222
49_Ar1_Vlow_Ac9/Rp23_Ac9_Vlow_Ar1_UNC147,9,1,low,23,1.47,14.96733,3.80024,0.01393,11.69966,0.32119,0.63409,0.64889
49_Ar1_Vlow_Ac9/Rp24_Ac9_Vlow_Ar1_UNC284,9,1,low,24,2.84,14.96741,3.47774,0.01349,11.50029,0.2987,0.57708,0.62444
49_Ar1_Vlow_Ac9/Rp25_Ac9_Vlow_Ar1_UNC110,9,1,low,25,1.1,14.96733,3.50972,0.01497,11.29939,0.30502,0.65875,0.60222
49_Ar1_Vlow_Ac9/Rp26_Ac9_Vlow_Ar1_UNC225,9,1,low,26,2.25,14.96734,3.59062,0.01415,11.36755,0.30066,0.64992,0.63556
49_Ar1_Vlow_Ac9/Rp27_Ac9_Vlow_Ar1_UNC192,9,1,low,27,1.92,14.96751,3.556,0.01312,11.36649,0.30001,0.63744,0.64222
49_Ar1_Vlow_Ac9/Rp28_Ac9_Vlow_Ar1_UNC132,9,1,low,28,1.32,14.96749,3.47903,0.01367,11.46673,0.3077,0.54792,0.62444
49_Ar1_Vlow_Ac9/Rp29_Ac9_Vlow_Ar1_UNC076,9,1,low,29,0.76,14.96683,3.52585,0.01302,11.16664,0.29926,0.6214,0.62222
49_Ar1_Vlow_Ac9/Rp30_Ac9_Vlow_Ar1_UNC093,9,1,low,30,0.93,14.96708,3.41408,0.01217,11.10013,0.30178,0.60087,0.60444
49_Ar1_Vlow_Ac9/Rp31_Ac9_Vlow_Ar1_UNC288,9,1,low,31,2.88,14.96727,3.3022,0.01331,10.93376,0.29742,0.65277,0.58
49_Ar1_Vlow_Ac9/Rp32_Ac9_Vlow_Ar1_UNC119,9,1,low,32,1.19,14.9673,3.65529,0.01392,11.86572,0.31723,0.55731,0.65111
49_Ar1_Vlow_Ac9/Rp33_Ac9_Vlow_Ar1_UNC237,9,1,low,33,2.37,14.96755,3.64668,0.01391,11.69998,0.31634,0.57311,0.64
49_Ar1_Vlow_Ac9/Rp34_Ac9_Vlow_Ar1_UNC124,9,1,low,34,1.24,14.96777,3.60201,0.01283,11.43363,0.30142,0.66724,0.62
49_Ar1_Vlow_Ac9/Rp35_Ac9_Vlow_Ar1_UNC136,9,1,low,35,1.36,14.96716,3.47997,0.01364,11.43276,0.29459,0.64008,0.61111
50_Ar2_Vlow_Ac0/Rp01_Ac0_Vlow_Ar2_UNC227,0,2,low,1,2.27,14.96709,2.48815,0.01055,9.5996,0.22746,0.48314,0.47111
50_Ar2_Vlow_Ac0/Rp02_Ac0_Vlow_Ar2_UNC136,0,2,low,2,1.36,14.9673,2.96497,0.01099,9.59991,0.21743,0.60959,0.47778
50_Ar2_Vlow_Ac0/Rp03_Ac0_Vlow_Ar2_UNC177,0,2,low,3,1.77,14.96707,2.93249,0.01124,9.66652,0.23198,0.5926,0.47778
50_Ar2_Vlow_Ac0/Rp04_Ac0_Vlow_Ar2_UNC078,0,2,low,4,0.78,14.96741,2.73534,0.01143,9.63346,0.21824,0.61375,0.47111
50_Ar2_Vlow_Ac0/Rp05_Ac0_Vlow_Ar2_UNC099,0,2,low,5,0.99,14.96732,2.71428,0.01092,9.70082,0.23774,0.52665,0.48444
50_Ar2_Vlow_Ac0/Rp06_Ac0_Vlow_Ar2_UNC341,0,2,low,6,3.41,14.96743,2.62698,0.01171,9.634,0.22164,0.51305,0.47333
50_Ar2_Vlow_Ac0/Rp07_Ac0_Vlow_Ar2_UNC075,0,2,low,7,0.75,14.96729,2.75842,0.01122,9.63329,0.2259,0.549,0.48
50_Ar2_Vlow_Ac0/Rp08_Ac0_Vlow_Ar2_UNC101,0,2,low,8,1.01,14.96734,2.584,0.01165,9.4665,0.22088,0.49826,0.46889
50_Ar2_Vlow_Ac0/Rp09_Ac0_Vlow_Ar2_UNC150,0,2,low,9,1.5,14.96748,2.87983,0.0117,9.80104,0.23063,0.59896,0.48889
50_Ar2_Vlow_Ac0/Rp10_Ac0_Vlow_Ar2_UNC085,0,2,low,10,0.85,14.96739,2.82364,0.01138,9.73339,0.23328,0.55551,0.48667
50_Ar2_Vlow_Ac0/Rp11_Ac0_Vlow_Ar2_UNC111,0,2,low,11,1.11,14.96696,3.13583,0.01125,10.00235,0.23926,0.66251,0.50444
50_Ar2_Vlow_Ac0/Rp12_Ac0_Vlow_Ar2_UNC351,0,2,low,12,3.51,14.96736,2.46217,0.01049,9.36622,0.21896,0.5044,0.46
50_Ar2_Vlow_Ac0/Rp13_Ac0_Vlow_Ar2_UNC191,0,2,low,13,1.91,14.96738,3.03129,0.01157,10.13401,0.2422,0.60718,0.5
50_Ar2_Vlow_Ac0/Rp14_Ac0_Vlow_Ar2_UNC138,0,2,low,14,1.38,14.96757,3.2026,0.01201,10.23253,0.24594,0.69043,0.50889
50_Ar2_Vlow_Ac0/Rp15_Ac0_Vlow_Ar2_UNC153,0,2,low,15,1.53,14.96735,2.96616,0.0115,9.69932,0.23938,0.63535,0.48222
50_Ar2_Vlow_Ac0/Rp16_Ac0_Vlow_Ar2_UNC294,0,2,low,16,2.94,14.96766,2.94142,0.01077,9.73335,0.21985,0.68123,0.47778
50_Ar2_Vlow_Ac0/Rp17_Ac0_Vlow_Ar2_UNC098,0,2,low,17,0.98,14.96692,2.93814,0.0099,9.59945,0.21816,0.59882,0.47778
50_Ar2_Vlow_Ac0/Rp18_Ac0_Vlow_Ar2_UNC139,0,2,low,18,1.39,14.96706,2.85277,0.01162,9.80044,0.22423,0.66702,0.48222
50_Ar2_Vlow_Ac0/Rp19_Ac0_Vlow_Ar2_UNC216,0,2,low,19,2.16,14.96719,2.96933,0.0114,10.00049,0.24162,0.54419,0.5
50_Ar2_Vlow_Ac0/Rp20_Ac0_Vlow_Ar2_UNC225,0,2,low,20,2.25,14.96767,2.81885,0.01053,9.59963,0.22359,0.58191,0.47556
50_Ar2_Vlow_Ac0/Rp21_Ac0_Vlow_Ar2_UNC118,0,2,low,21,1.18,14.96746,2.57423,0.01047,9.76698,0.23268,0.46634,0.48222
50_Ar2_Vlow_Ac0/Rp22_Ac0_Vlow_Ar2_UNC245,0,2,low,22,2.45,14.9675,3.13559,0.01138,10.03269,0.22923,0.67089,0.49778
50_Ar2_Vlow_Ac0/Rp23_Ac0_Vlow_Ar2_UNC116,0,2,low,23,1.16,14.9674,2.88221,0.01162,9.83291,0.22962,0.55996,0.48667
50_Ar2_Vlow_Ac0/Rp24_Ac0_Vlow_Ar2_UNC334,0,2,low,24,3.34,14.96741,2.64772,0.0112,9.43307,0.22532,0.51803,0.46667
50_Ar2_Vlow_Ac0/Rp25_Ac0_Vlow_Ar2_UNC068,0,2,low,25,0.68,14.96757,2.7996,0.01141,9.76785,0.22917,0.52326,0.48667
50_Ar2_Vlow_Ac0/Rp26_Ac0_Vlow_Ar2_UNC138,0,2,low,26,1.38,14.96726,2.82822,0.01013,9.63369,0.22063,0.6011,0.47778
50_Ar2_Vlow_Ac0/Rp27_Ac0_Vlow_Ar2_UNC335,0,2,low,27,3.35,14.96714,2.70627,0.01118,9.43274,0.21587,0.55178,0.47111
50_Ar2_Vlow_Ac0/Rp28_Ac0_Vlow_Ar2_UNC175,0,2,low,28,1.75,14.96749,2.73225,0.01129,9.83339,0.2299,0.49848,0.48667
50_Ar2_Vlow_Ac0/Rp29_Ac0_Vlow_Ar2_UNC088,0,2,low,29,0.88,14.96728,2.72859,0.01164,9.86657,0.23491,0.48691,0.48889
50_Ar2_Vlow_Ac0/Rp30_Ac0_Vlow_Ar2_UNC194,0,2,low,30,1.94,14.96729,2.98315,0.0103,9.73327,0.23922,0.60383,0.48444
50_Ar2_Vlow_Ac0/Rp31_Ac0_Vlow_Ar2_UNC264,0,2,low,31,2.64,14.96679,2.73759,0.01137,9.63265,0.22293,0.58038,0.47333
50_Ar2_Vlow_Ac0/Rp32_Ac0_Vlow_Ar2_UNC232,0,2,low,32,2.32,14.96741,2.96631,0.012,9.93276,0.23187,0.70425,0.48889
50_Ar2_Vlow_Ac0/Rp33_Ac0_Vlow_Ar2_UNC237,0,2,low,33,2.37,14.96726,3.18361,0.01204,10.10038,0.23707,0.64811,0.50667
50_Ar2_Vlow_Ac0/Rp34_Ac0_Vlow_Ar2_UNC092,0,2,low,34,0.92,14.96732,2.63956,0.01112,9.6338,0.22117,0.50373,0.47556
50_Ar2_Vlow_Ac0/Rp35_Ac0_Vlow_Ar2_UNC130,0,2,low,35,1.3,14.96729,3.03997,0.01195,10.10061,0.23713,0.60712,0.49778
50_Ar2_Vlow_Ac0/Rp36_Ac0_Vlow_Ar2_UNC115,0,2,low,36,1.15,14.96765,2.75518,0.01061,9.59995,0.22547,0.5575,0.47556
50_Ar2_Vlow_Ac0/Rp37_Ac0_Vlow_Ar2_UNC105,0,2,low,37,1.05,14.96755,2.69699,0.01204,9.86659,0.23327,0.48754,0.48889
50_Ar2_Vlow_Ac0/Rp38_Ac0_Vlow_Ar2_UNC092,0,2,low,38,0.92,14.96807,2.84842,0.01027,9.59963,0.22864,0.57851,0.48
50_Ar2_Vlow_Ac0/Rp39_Ac0_Vlow_Ar2_UNC214,0,2,low,39,2.14,14.96703,2.8047,0.01242,10.03368,0.23659,0.50439,0.49556
50_Ar2_Vlow_Ac0/Rp40_Ac0_Vlow_Ar2_UNC093,0,2,low,40,0.93,14.9673,2.67378,0.0114,9.56707,0.22213,0.53845,0.47333
50_Ar2_Vlow_Ac0/Rp41_Ac0_Vlow_Ar2_UNC105,0,2,low,41,1.05,14.96752,3.01109,0.01165,9.99938,0.23298,0.6734,0.49333
50_Ar2_Vlow_Ac0/Rp42_Ac0_Vlow_Ar2_UNC063,0,2,low,42,0.63,14.96774,2.97246,0.01194,9.9006,0.22645,0.67556,0.48667
51_Ar2_Vlow_Ac1/Rp01_Ac1_Vlow_Ar2_UNC061,1,2,low,1,0.61,14.96709,1.78412,0.00706,6.4673,0.26249,0.54694,0.25556
51_Ar2_Vlow_Ac1/Rp02_Ac1_Vlow_Ar2_UNC093,1,2,low,2,0.93,14.96708,1.48964,0.00678,6.19978,0.24304,0.40737,0.24
51_Ar2_Vlow_Ac1/Rp03_Ac1_Vlow_Ar2_UNC087,1,2,low,3,0.87,14.96692,1.59999,0.0075,6.26675,0.23509,0.4712,0.24444
51_Ar2_Vlow_Ac1/Rp04_Ac1_Vlow_Ar2_UNC231,1,2,low,4,2.31,14.96684,1.80024,0.00726,6.4997,0.26913,0.54483,0.26
51_Ar2_Vlow_Ac1/Rp05_Ac1_Vlow_Ar2_UNC133,1,2,low,5,1.33,14.96694,1.77651,0.00739,6.46689,0.26643,0.55355,0.25333
51_Ar2_Vlow_Ac1/Rp06_Ac1_Vlow_Ar2_UNC073,1,2,low,6,0.73,14.96721,1.77157,0.00641,6.46628,0.25836,0.557,0.25333
51_Ar2_Vlow_Ac1/Rp07_Ac1_Vlow_Ar2_UNC054,1,2,low,7,0.54,14.96704,1.76997,0.0072,6.46657,0.26525,0.54378,0.25556
51_Ar2_Vlow_Ac1/Rp08_Ac1_Vlow_Ar2_UNC035,1,2,low,8,0.35,14.96718,1.65101,0.00681,6.30026,0.2487,0.50403,0.24444
51_Ar2_Vlow_Ac1/Rp09_Ac1_Vlow_Ar2_UNC136,1,2,low,9,1.36,14.96706,1.42897,0.00623,6.06648,0.2143,0.42713,0.23111
51_Ar2_Vlow_Ac1/Rp10_Ac1_Vlow_Ar2_UNC075,1,2,low,10,0.75,14.96689,1.54714,0.00675,6.16653,0.23149,0.4509,0.24
51_Ar2_Vlow_Ac1/Rp11_Ac1_Vlow_Ar2_UNC266,1,2,low,11,2.66,14.96713,1.77533,0.00695,6.49985,0.25586,0.515,0.26222
51_Ar2_Vlow_Ac1/Rp12_Ac1_Vlow_Ar2_UNC230,1,2,low,12,2.3,14.96702,1.56675,0.00726,6.26683,0.24038,0.43915,0.24667
51_Ar2_Vlow_Ac1/Rp13_Ac1_Vlow_Ar2_UNC194,1,2,low,13,1.94,14.96725,1.82344,0.00728,6.59992,0.25448,0.54662,0.26222
51_Ar2_Vlow_Ac1/Rp14_Ac1_Vlow_Ar2_UNC163,1,2,low,14,1.63,14.96713,1.54606,0.00767,6.26706,0.23927,0.43084,0.24444
51_Ar2_Vlow_Ac1/Rp15_Ac1_Vlow_Ar2_UNC123,1,2,low,15,1.23,14.9669,1.56556,0.00639,6.16659,0.2366,0.48169,0.23778
51_Ar2_Vlow_Ac1/Rp16_Ac1_Vlow_Ar2_UNC177,1,2,low,16,1.77,14.96686,1.50433,0.0061,6.13324,0.22316,0.44579,0.23556
51_Ar2_Vlow_Ac1/Rp17_Ac1_Vlow_Ar2_UNC212,1,2,low,17,2.12,14.96767,1.65225,0.00704,6.36632,0.25084,0.46739,0.25111
51_Ar2_Vlow_Ac1/Rp18_Ac1_Vlow_Ar2_UNC245,1,2,low,18,2.45,14.96723,1.50077,0.00738,6.16599,0.23728,0.41581,0.24222
51_Ar2_Vlow_Ac1/Rp19_Ac1_Vlow_Ar2_UNC069,1,2,low,19,0.69,14.96693,1.80567,0.0076,6.50079,0.27501,0.56055,0.25778
51_Ar2_Vlow_Ac1/Rp20_Ac1_Vlow_Ar2_UNC156,1,2,low,20,1.56,14.967,1.50287,0.00629,6.16646,0.22636,0.4425,0.23778
51_Ar2_Vlow_Ac1/Rp21_Ac1_Vlow_Ar2_UNC058,1,2,low,21,0.58,14.96744,1.58524,0.00676,6.23365,0.22611,0.48858,0.24
51_Ar2_Vlow_Ac1/Rp22_Ac1_Vlow_Ar2_UNC085,1,2,low,22,0.85,14.96726,1.69639,0.00729,6.40036,0.24674,0.51574,0.25111
51_Ar2_Vlow_Ac1/Rp23_Ac1_Vlow_Ar2_UNC215,1,2,low,23,2.15,14.96711,1.7551,0.00687,6.50018,0.25968,0.50256,0.26
51_Ar2_Vlow_Ac1/Rp24_Ac1_Vlow_Ar2_UNC219,1,2,low,24,2.19,14.96667,1.78949,0.00733,6.53373,0.25908,0.53255,0.26
51_Ar2_Vlow_Ac1/Rp25_Ac1_Vlow_Ar2_UNC114,1,2,low,25,1.14,14.96714,1.61754,0.00706,6.29974,0.23411,0.47954,0.24667
51_Ar2_Vlow_Ac1/Rp26_Ac1_Vlow_Ar2_UNC146,1,2,low,26,1.46,14.96693,1.51382,0.00648,6.13359,0.22224,0.45768,0.23556
51_Ar2_Vlow_Ac1/Rp27_Ac1_Vlow_Ar2_UNC200,1,2,low,27,2.0,14.96694,1.48078,0.00699,6.16646,0.22789,0.42195,0.23778
51_Ar2_Vlow_Ac1/Rp28_Ac1_Vlow_Ar2_UNC076,1,2,low,28,0.76,14.96736,1.51453,0.00721,6.23364,0.23724,0.42272,0.24222
51_Ar2_Vlow_Ac1/Rp29_Ac1_Vlow_Ar2_UNC184,1,2,low,29,1.84,14.96696,1.50082,0.00745,6.23222,0.23816,0.41546,0.24222
51_Ar2_Vlow_Ac1/Rp30_Ac1_Vlow_Ar2_UNC084,1,2,low,30,0.84,14.96717,1.52991,0.00656,6.19991,0.22631,0.44869,0.24
51_Ar2_Vlow_Ac1/Rp31_Ac1_Vlow_Ar2_UNC175,1,2,low,31,1.75,14.96714,1.73995,0.0071,6.4667,0.25639,0.5237,0.25556
51_Ar2_Vlow_Ac1/Rp32_Ac1_Vlow_Ar2_UNC015,1,2,low,32,0.15,14.96733,1.67105,0.00646,6.36688,0.2486,0.50721,0.24889
51_Ar2_Vlow_Ac1/Rp33_Ac1_Vlow_Ar2_UNC291,1,2,low,33,2.91,14.967,1.73547,0.00709,6.40036,0.26489,0.52327,0.25556
51_Ar2_Vlow_Ac1/Rp34_Ac1_Vlow_Ar2_UNC176,1,2,low,34,1.76,14.96695,1.44005,0.00599,6.06678,0.21386,0.43187,0.23111
51_Ar2_Vlow_Ac1/Rp35_Ac1_Vlow_Ar2_UNC036,1,2,low,35,0.36,14.96678,1.69489,0.00742,6.43375,0.25346,0.493,0.25333
52_Ar2_Vlow_Ac2/Rp01_Ac2_Vlow_Ar2_UNC085,2,2,low,1,0.85,14.96686,2.99763,0.01215,10.99975,0.27795,0.54302,0.58444
52_Ar2_Vlow_Ac2/Rp02_Ac2_Vlow_Ar2_UNC147,2,2,low,2,1.47,14.96743,3.18965,0.01219,11.39981,0.29013,0.55016,0.61333
52_Ar2_Vlow_Ac2/Rp03_Ac2_Vlow_Ar2_UNC275,2,2,low,3,2.75,14.96735,3.15681,0.0101,11.23329,0.28902,0.54738,0.60889
52_Ar2_Vlow_Ac2/Rp04_Ac2_Vlow_Ar2_UNC283,2,2,low,4,2.83,14.9673,3.07908,0.01026,10.83357,0.30254,0.55098,0.58444
52_Ar2_Vlow_Ac2/Rp05_Ac2_Vlow_Ar2_UNC333,2,2,low,5,3.33,14.96701,2.97528,0.01101,10.83268,0.28449,0.52593,0.57556
52_Ar2_Vlow_Ac2/Rp06_Ac2_Vlow_Ar2_UNC156,2,2,low,6,1.56,14.96775,3.10454,0.01144,11.26642,0.28258,0.54027,0.60444
52_Ar2_Vlow_Ac2/Rp07_Ac2_Vlow_Ar2_UNC291,2,2,low,7,2.91,14.9676,2.96683,0.01067,10.73189,0.28742,0.54172,0.56889
52_Ar2_Vlow_Ac2/Rp08_Ac2_Vlow_Ar2_UNC400,2,2,low,8,4.0,14.96714,3.01528,0.01081,10.83284,0.291,0.52937,0.57778
52_Ar2_Vlow_Ac2/Rp09_Ac2_Vlow_Ar2_UNC136,2,2,low,9,1.36,14.96725,3.05599,0.01097,11.09991,0.28499,0.53815,0.59556
52_Ar2_Vlow_Ac2/Rp10_Ac2_Vlow_Ar2_UNC462,2,2,low,10,4.62,14.96742,2.84303,0.012,10.53335,0.27863,0.52291,0.55778
52_Ar2_Vlow_Ac2/Rp11_Ac2_Vlow_Ar2_UNC311,2,2,low,11,3.11,14.96727,2.82954,0.00989,10.4995,0.28112,0.51536,0.56889
52_Ar2_Vlow_Ac2/Rp12_Ac2_Vlow_Ar2_UNC544,2,2,low,12,5.44,14.96724,2.86226,0.01015,10.3662,0.28388,0.54285,0.55778
52_Ar2_Vlow_Ac2/Rp13_Ac2_Vlow_Ar2_UNC399,2,2,low,13,3.99,14.96712,2.91983,0.01108,10.63276,0.28178,0.51801,0.57778
52_Ar2_Vlow_Ac2/Rp14_Ac2_Vlow_Ar2_UNC248,2,2,low,14,2.48,14.9675,3.06366,0.01081,11.16665,0.27771,0.53985,0.59111
52_Ar2_Vlow_Ac2/Rp15_Ac2_Vlow_Ar2_UNC146,2,2,low,15,1.46,14.96718,3.06381,0.01107,11.13356,0.28312,0.53195,0.59778
52_Ar2_Vlow_Ac2/Rp16_Ac2_Vlow_Ar2_UNC198,2,2,low,16,1.98,14.96731,3.25098,0.01175,11.33289,0.29802,0.54523,0.62667
52_Ar2_Vlow_Ac2/Rp17_Ac2_Vlow_Ar2_UNC084,2,2,low,17,0.84,14.96732,3.1701,0.01187,11.23394,0.29296,0.54409,0.61333
52_Ar2_Vlow_Ac2/Rp18_Ac2_Vlow_Ar2_UNC101,2,2,low,18,1.01,14.96754,3.10715,0.01039,11.16669,0.28886,0.53117,0.61111
52_Ar2_Vlow_Ac2/Rp19_Ac2_Vlow_Ar2_UNC142,2,2,low,19,1.42,14.96716,3.11427,0.01138,11.00082,0.29154,0.54908,0.60444
52_Ar2_Vlow_Ac2/Rp20_Ac2_Vlow_Ar2_UNC103,2,2,low,20,1.03,14.96715,3.2821,0.01265,11.36667,0.30949,0.5784,0.60667
52_Ar2_Vlow_Ac2/Rp21_Ac2_Vlow_Ar2_UNC275,2,2,low,21,2.75,14.96746,3.10918,0.01066,11.13358,0.29498,0.52808,0.61111
52_Ar2_Vlow_Ac2/Rp22_Ac2_Vlow_Ar2_UNC331,2,2,low,22,3.31,14.96739,3.06886,0.0112,10.9995,0.28342,0.53935,0.6
52_Ar2_Vlow_Ac2/Rp23_Ac2_Vlow_Ar2_UNC362,2,2,low,23,3.62,14.9673,3.20239,0.01108,11.13364,0.2998,0.58535,0.59111
52_Ar2_Vlow_Ac2/Rp24_Ac2_Vlow_Ar2_UNC232,2,2,low,24,2.32,14.96729,3.2422,0.01073,11.26659,0.30325,0.54986,0.62222
52_Ar2_Vlow_Ac2/Rp25_Ac2_Vlow_Ar2_UNC107,2,2,low,25,1.07,14.96727,3.01135,0.01026,10.93442,0.28557,0.52872,0.6
52_Ar2_Vlow_Ac2/Rp26_Ac2_Vlow_Ar2_UNC326,2,2,low,26,3.26,14.96781,2.9605,0.00999,10.8336,0.28462,0.55075,0.58
52_Ar2_Vlow_Ac2/Rp27_Ac2_Vlow_Ar2_UNC155,2,2,low,27,1.55,14.96746,2.93365,0.01018,10.73357,0.28882,0.53022,0.56889
52_Ar2_Vlow_Ac2/Rp28_Ac2_Vlow_Ar2_UNC120,2,2,low,28,1.2,14.96709,2.96935,0.00963,10.9005,0.27969,0.50809,0.59556
52_Ar2_Vlow_Ac2/Rp29_Ac2_Vlow_Ar2_UNC333,2,2,low,29,3.33,14.96709,2.82424,0.01013,10.29988,0.28552,0.53052,0.56
52_Ar2_Vlow_Ac2/Rp30_Ac2_Vlow_Ar2_UNC149,2,2,low,30,1.49,14.96789,3.15129,0.01059,11.23303,0.29251,0.52933,0.62222
52_Ar2_Vlow_Ac2/Rp31_Ac2_Vlow_Ar2_UNC165,2,2,low,31,1.65,14.96776,2.97823,0.01064,10.76643,0.28474,0.5278,0.58222
52_Ar2_Vlow_Ac2/Rp32_Ac2_Vlow_Ar2_UNC299,2,2,low,32,2.99,14.9673,3.11586,0.00984,10.93349,0.30258,0.56981,0.6
52_Ar2_Vlow_Ac2/Rp33_Ac2_Vlow_Ar2_UNC312,2,2,low,33,3.12,14.96662,3.13763,0.01061,10.93399,0.30475,0.56549,0.59556
52_Ar2_Vlow_Ac2/Rp34_Ac2_Vlow_Ar2_UNC277,2,2,low,34,2.77,14.96717,3.35354,0.00967,11.36604,0.31121,0.56886,0.63111
52_Ar2_Vlow_Ac2/Rp35_Ac2_Vlow_Ar2_UNC165,2,2,low,35,1.65,14.96735,3.2154,0.01146,11.56644,0.28927,0.54393,0.61778
53_Ar2_Vlow_Ac3/Rp01_Ac3_Vlow_Ar2_UNC110,3,2,low,1,1.1,14.96711,3.61347,0.01237,12.50095,0.30431,0.5507,0.70889
53_Ar2_Vlow_Ac3/Rp02_Ac3_Vlow_Ar2_UNC249,3,2,low,2,2.49,14.9673,3.13759,0.01213,11.46679,0.27968,0.53658,0.63778
53_Ar2_Vlow_Ac3/Rp03_Ac3_Vlow_Ar2_UNC096,3,2,low,3,0.96,14.968,3.6833,0.01292,12.73261,0.31121,0.55494,0.71333
53_Ar2_Vlow_Ac3/Rp04_Ac3_Vlow_Ar2_UNC338,3,2,low,4,3.38,14.96732,3.33939,0.01287,11.99843,0.28098,0.53674,0.66889
53_Ar2_Vlow_Ac3/Rp05_Ac3_Vlow_Ar2_UNC168,3,2,low,5,1.68,14.96736,3.45751,0.0131,12.06615,0.30108,0.56551,0.68222
53_Ar2_Vlow_Ac3/Rp06_Ac3_Vlow_Ar2_UNC161,3,2,low,6,1.61,14.96713,3.50174,0.01312,12.30025,0.30501,0.55171,0.69778
53_Ar2_Vlow_Ac3/Rp07_Ac3_Vlow_Ar2_UNC216,3,2,low,7,2.16,14.96765,3.3188,0.01251,11.96617,0.28694,0.51476,0.67333
53_Ar2_Vlow_Ac3/Rp08_Ac3_Vlow_Ar2_UNC059,3,2,low,8,0.59,14.96773,3.5359,0.01157,12.26612,0.30194,0.56697,0.69556
53_Ar2_Vlow_Ac3/Rp09_Ac3_Vlow_Ar2_UNC203,3,2,low,9,2.03,14.96718,3.7792,0.01334,12.79949,0.31341,0.55559,0.73333
53_Ar2_Vlow_Ac3/Rp10_Ac3_Vlow_Ar2_UNC152,3,2,low,10,1.52,14.96763,3.40121,0.01316,12.23356,0.28463,0.55703,0.67333
53_Ar2_Vlow_Ac3/Rp11_Ac3_Vlow_Ar2_UNC139,3,2,low,11,1.39,14.96753,3.72391,0.01208,12.60115,0.30913,0.55113,0.71556
53_Ar2_Vlow_Ac3/Rp12_Ac3_Vlow_Ar2_UNC300,3,2,low,12,3.0,14.9671,3.73465,0.01517,12.69961,0.30269,0.56156,0.71556
53_Ar2_Vlow_Ac3/Rp13_Ac3_Vlow_Ar2_UNC200,3,2,low,13,2.0,14.9674,3.17164,0.01135,11.63297,0.28546,0.52741,0.65111
53_Ar2_Vlow_Ac3/Rp14_Ac3_Vlow_Ar2_UNC116,3,2,low,14,1.16,14.9672,3.69177,0.0139,12.69963,0.30881,0.54776,0.72444
53_Ar2_Vlow_Ac3/Rp15_Ac3_Vlow_Ar2_UNC304,3,2,low,15,3.04,14.96737,3.29967,0.0139,11.96616,0.27613,0.53936,0.65111
53_Ar2_Vlow_Ac3/Rp16_Ac3_Vlow_Ar2_UNC137,3,2,low,16,1.37,14.9672,3.65827,0.01441,12.80035,0.30049,0.5367,0.72222
53_Ar2_Vlow_Ac3/Rp17_Ac3_Vlow_Ar2_UNC173,3,2,low,17,1.73,14.96751,3.28597,0.01163,11.86608,0.28552,0.53227,0.66667
53_Ar2_Vlow_Ac3/Rp18_Ac3_Vlow_Ar2_UNC090,3,2,low,18,0.9,14.96719,3.5863,0.01331,12.50003,0.29619,0.54518,0.69778
53_Ar2_Vlow_Ac3/Rp19_Ac3_Vlow_Ar2_UNC046,3,2,low,19,0.46,14.96705,3.44253,0.01331,12.29973,0.29127,0.54184,0.68889
53_Ar2_Vlow_Ac3/Rp20_Ac3_Vlow_Ar2_UNC082,3,2,low,20,0.82,14.96707,3.52691,0.01207,12.13201,0.30217,0.57168,0.68444
53_Ar2_Vlow_Ac3/Rp21_Ac3_Vlow_Ar2_UNC190,3,2,low,21,1.9,14.96745,3.3439,0.01459,12.03378,0.28344,0.55823,0.66
53_Ar2_Vlow_Ac3/Rp22_Ac3_Vlow_Ar2_UNC257,3,2,low,22,2.57,14.96738,3.49722,0.01361,12.33356,0.30334,0.55282,0.68889
53_Ar2_Vlow_Ac3/Rp23_Ac3_Vlow_Ar2_UNC135,3,2,low,23,1.35,14.9675,3.54564,0.01256,12.56655,0.2899,0.55496,0.69111
53_Ar2_Vlow_Ac3/Rp24_Ac3_Vlow_Ar2_UNC128,3,2,low,24,1.28,14.96731,3.58071,0.01176,12.26636,0.29765,0.56597,0.69333
53_Ar2_Vlow_Ac3/Rp25_Ac3_Vlow_Ar2_UNC170,3,2,low,25,1.7,14.96725,3.25755,0.01032,11.69964,0.28512,0.51802,0.66
53_Ar2_Vlow_Ac3/Rp26_Ac3_Vlow_Ar2_UNC275,3,2,low,26,2.75,14.96732,3.64935,0.01334,12.6668,0.30644,0.55266,0.71333
53_Ar2_Vlow_Ac3/Rp27_Ac3_Vlow_Ar2_UNC155,3,2,low,27,1.55,14.96744,3.59008,0.01343,12.66528,0.29222,0.54366,0.7
53_Ar2_Vlow_Ac3/Rp28_Ac3_Vlow_Ar2_UNC069,3,2,low,28,0.69,14.96707,3.39348,0.01304,11.93263,0.29824,0.55106,0.68222
53_Ar2_Vlow_Ac3/Rp29_Ac3_Vlow_Ar2_UNC293,3,2,low,29,2.93,14.96756,3.2499,0.01197,11.83336,0.28392,0.5268,0.66667
53_Ar2_Vlow_Ac3/Rp30_Ac3_Vlow_Ar2_UNC171,3,2,low,30,1.71,14.96679,3.59771,0.01389,12.30076,0.30156,0.56685,0.69778
53_Ar2_Vlow_Ac3/Rp31_Ac3_Vlow_Ar2_UNC367,3,2,low,31,3.67,14.96754,3.24243,0.01082,11.66712,0.28677,0.54029,0.64667
53_Ar2_Vlow_Ac3/Rp32_Ac3_Vlow_Ar2_UNC264,3,2,low,32,2.64,14.96746,3.16878,0.01186,11.76641,0.27319,0.52748,0.65111
53_Ar2_Vlow_Ac3/Rp33_Ac3_Vlow_Ar2_UNC381,3,2,low,33,3.81,14.96715,3.60012,0.01257,12.6325,0.30127,0.5504,0.70444
53_Ar2_Vlow_Ac3/Rp34_Ac3_Vlow_Ar2_UNC205,3,2,low,34,2.05,14.9672,3.72613,0.01288,12.70189,0.31239,0.54499,0.72
53_Ar2_Vlow_Ac3/Rp35_Ac3_Vlow_Ar2_UNC458,3,2,low,35,4.58,14.96748,3.36082,0.01138,11.90008,0.30015,0.54195,0.67556
54_Ar2_Vlow_Ac4/Rp01_Ac4_Vlow_Ar2_UNC151,4,2,low,1,1.51,14.96753,2.61835,0.00984,9.9331,0.26093,0.50639,0.52222
54_Ar2_Vlow_Ac4/Rp02_Ac4_Vlow_Ar2_UNC131,4,2,low,2,1.31,14.9674,2.65752,0.0095,9.86687,0.27779,0.55173,0.52444
54_Ar2_Vlow_Ac4/Rp03_Ac4_Vlow_Ar2_UNC226,4,2,low,3,2.26,14.96741,2.58956,0.01105,10.13418,0.25035,0.51325,0.52444
54_Ar2_Vlow_Ac4/Rp04_Ac4_Vlow_Ar2_UNC082,4,2,low,4,0.82,14.96773,2.69048,0.01058,10.19974,0.25945,0.55005,0.52889
54_Ar2_Vlow_Ac4/Rp05_Ac4_Vlow_Ar2_UNC127,4,2,low,5,1.27,14.96723,2.56802,0.01016,9.83486,0.25352,0.49013,0.51778
54_Ar2_Vlow_Ac4/Rp06_Ac4_Vlow_Ar2_UNC114,4,2,low,6,1.14,14.96729,2.4427,0.00928,9.73255,0.25196,0.48735,0.50889
54_Ar2_Vlow_Ac4/Rp07_Ac4_Vlow_Ar2_UNC232,4,2,low,7,2.32,14.96759,2.61581,0.01031,10.03392,0.26259,0.53048,0.51778
54_Ar2_Vlow_Ac4/Rp08_Ac4_Vlow_Ar2_UNC189,4,2,low,8,1.89,14.9675,2.6665,0.01028,9.99997,0.27251,0.51978,0.52667
54_Ar2_Vlow_Ac4/Rp09_Ac4_Vlow_Ar2_UNC099,4,2,low,9,0.99,14.96774,3.01125,0.01134,10.5999,0.28138,0.72393,0.53778
54_Ar2_Vlow_Ac4/Rp10_Ac4_Vlow_Ar2_UNC066,4,2,low,10,0.66,14.96751,2.78928,0.01033,10.13261,0.28406,0.53764,0.53556
54_Ar2_Vlow_Ac4/Rp11_Ac4_Vlow_Ar2_UNC267,4,2,low,11,2.67,14.96735,2.67576,0.00986,9.9003,0.26432,0.54826,0.52444
54_Ar2_Vlow_Ac4/Rp12_Ac4_Vlow_Ar2_UNC144,4,2,low,12,1.44,14.96702,2.79082,0.00988,10.06668,0.28249,0.58081,0.53111
54_Ar2_Vlow_Ac4/Rp13_Ac4_Vlow_Ar2_UNC131,4,2,low,13,1.31,14.96725,2.66573,0.01053,10.06577,0.27066,0.51408,0.53111
54_Ar2_Vlow_Ac4/Rp14_Ac4_Vlow_Ar2_UNC242,4,2,low,14,2.42,14.96756,2.9316,0.01041,10.3678,0.29334,0.58637,0.54222
54_Ar2_Vlow_Ac4/Rp15_Ac4_Vlow_Ar2_UNC215,4,2,low,15,2.15,14.96723,2.88761,0.01038,10.13346,0.28078,0.66091,0.54
54_Ar2_Vlow_Ac4/Rp16_Ac4_Vlow_Ar2_UNC055,4,2,low,16,0.55,14.96753,2.78719,0.01027,10.13339,0.27853,0.55412,0.53556
54_Ar2_Vlow_Ac4/Rp17_Ac4_Vlow_Ar2_UNC095,4,2,low,17,0.95,14.96763,2.57591,0.01071,10.03389,0.25503,0.53004,0.52
54_Ar2_Vlow_Ac4/Rp18_Ac4_Vlow_Ar2_UNC107,4,2,low,18,1.07,14.9669,2.77958,0.01077,10.03351,0.2721,0.6864,0.52667
54_Ar2_Vlow_Ac4/Rp19_Ac4_Vlow_Ar2_UNC282,4,2,low,19,2.82,14.96737,2.73316,0.01051,10.06697,0.27754,0.55059,0.53111
54_Ar2_Vlow_Ac4/Rp20_Ac4_Vlow_Ar2_UNC130,4,2,low,20,1.3,14.96726,2.79703,0.00984,10.19944,0.27566,0.61322,0.53111
54_Ar2_Vlow_Ac4/Rp21_Ac4_Vlow_Ar2_UNC183,4,2,low,21,1.83,14.96722,2.95397,0.0102,10.33376,0.28824,0.71154,0.54
54_Ar2_Vlow_Ac4/Rp22_Ac4_Vlow_Ar2_UNC149,4,2,low,22,1.49,14.96747,2.67978,0.00979,10.10115,0.26587,0.60274,0.52
54_Ar2_Vlow_Ac4/Rp23_Ac4_Vlow_Ar2_UNC045,4,2,low,23,0.45,14.96759,2.6296,0.0103,10.06664,0.25921,0.55663,0.52444
54_Ar2_Vlow_Ac4/Rp24_Ac4_Vlow_Ar2_UNC101,4,2,low,24,1.01,14.96737,2.61927,0.01072,10.19993,0.25685,0.50967,0.52444
54_Ar2_Vlow_Ac4/Rp25_Ac4_Vlow_Ar2_UNC124,4,2,low,25,1.24,14.9673,2.45571,0.01039,9.96637,0.24423,0.49036,0.51111
54_Ar2_Vlow_Ac4/Rp26_Ac4_Vlow_Ar2_UNC184,4,2,low,26,1.84,14.9676,2.87375,0.01036,10.23331,0.28989,0.58963,0.54444
54_Ar2_Vlow_Ac4/Rp27_Ac4_Vlow_Ar2_UNC085,4,2,low,27,0.85,14.96766,2.72964,0.01063,10.09964,0.27197,0.54448,0.53556
54_Ar2_Vlow_Ac4/Rp28_Ac4_Vlow_Ar2_UNC103,4,2,low,28,1.03,14.96723,2.50816,0.01221,10.13387,0.23801,0.47216,0.52
54_Ar2_Vlow_Ac4/Rp29_Ac4_Vlow_Ar2_UNC078,4,2,low,29,0.78,14.96748,2.5272,0.01077,10.03289,0.25044,0.4924,0.51778
54_Ar2_Vlow_Ac4/Rp30_Ac4_Vlow_Ar2_UNC083,4,2,low,30,0.83,14.96752,2.69642,0.01158,10.19914,0.26095,0.57607,0.53111
54_Ar2_Vlow_Ac4/Rp31_Ac4_Vlow_Ar2_UNC292,4,2,low,31,2.92,14.96741,3.01593,0.01122,10.60006,0.29606,0.60585,0.54222
54_Ar2_Vlow_Ac4/Rp32_Ac4_Vlow_Ar2_UNC084,4,2,low,32,0.84,14.96769,2.75391,0.01022,10.20012,0.26664,0.55818,0.52889
54_Ar2_Vlow_Ac4/Rp33_Ac4_Vlow_Ar2_UNC231,4,2,low,33,2.31,14.96713,2.90948,0.01114,10.33345,0.26659,0.66982,0.53556
54_Ar2_Vlow_Ac4/Rp34_Ac4_Vlow_Ar2_UNC100,4,2,low,34,1.0,14.96741,2.79949,0.01094,10.36677,0.26883,0.53737,0.53111
54_Ar2_Vlow_Ac4/Rp35_Ac4_Vlow_Ar2_UNC179,4,2,low,35,1.79,14.9677,2.41834,0.01124,9.93381,0.23782,0.48912,0.51111
55_Ar2_Vlow_Ac5/Rp01_Ac5_Vlow_Ar2_UNC292,5,2,low,1,2.92,14.96673,2.98131,0.01148,11.20008,0.27902,0.53044,0.6
55_Ar2_Vlow_Ac5/Rp02_Ac5_Vlow_Ar2_UNC384,5,2,low,2,3.84,14.96621,2.76364,0.01026,10.70028,0.25658,0.53116,0.56222
55_Ar2_Vlow_Ac5/Rp03_Ac5_Vlow_Ar2_UNC126,5,2,low,3,1.26,14.96753,3.13349,0.01086,11.23242,0.29949,0.53466,0.60667
55_Ar2_Vlow_Ac5/Rp04_Ac5_Vlow_Ar2_UNC265,5,2,low,4,2.65,14.96736,3.00766,0.01048,10.96658,0.27498,0.54189,0.58222
55_Ar2_Vlow_Ac5/Rp05_Ac5_Vlow_Ar2_UNC237,5,2,low,5,2.37,14.96747,2.95917,0.01083,11.03285,0.26606,0.53202,0.59333
55_Ar2_Vlow_Ac5/Rp06_Ac5_Vlow_Ar2_UNC109,5,2,low,6,1.09,14.96736,2.8819,0.00974,10.89972,0.28146,0.51843,0.57556
55_Ar2_Vlow_Ac5/Rp07_Ac5_Vlow_Ar2_UNC193,5,2,low,7,1.93,14.96714,3.01915,0.00973,11.13394,0.28217,0.5631,0.60667
55_Ar2_Vlow_Ac5/Rp08_Ac5_Vlow_Ar2_UNC090,5,2,low,8,0.9,14.96747,3.06908,0.01117,11.46632,0.27882,0.5166,0.61111
55_Ar2_Vlow_Ac5/Rp09_Ac5_Vlow_Ar2_UNC105,5,2,low,9,1.05,14.9674,3.11913,0.01072,11.29934,0.29533,0.525,0.6
55_Ar2_Vlow_Ac5/Rp10_Ac5_Vlow_Ar2_UNC240,5,2,low,10,2.4,14.96708,3.13274,0.01134,11.26698,0.28542,0.55099,0.60667
55_Ar2_Vlow_Ac5/Rp11_Ac5_Vlow_Ar2_UNC197,5,2,low,11,1.97,14.96716,3.29736,0.01118,11.90069,0.30164,0.55855,0.64667
55_Ar2_Vlow_Ac5/Rp12_Ac5_Vlow_Ar2_UNC163,5,2,low,12,1.63,14.9673,2.92374,0.00999,10.86685,0.26685,0.51134,0.58667
55_Ar2_Vlow_Ac5/Rp13_Ac5_Vlow_Ar2_UNC126,5,2,low,13,1.26,14.96766,2.84751,0.0114,10.83278,0.2673,0.50838,0.57778
55_Ar2_Vlow_Ac5/Rp14_Ac5_Vlow_Ar2_UNC122,5,2,low,14,1.22,14.96738,3.15221,0.012,11.33297,0.28271,0.53084,0.60667
55_Ar2_Vlow_Ac5/Rp15_Ac5_Vlow_Ar2_UNC107,5,2,low,15,1.07,14.96745,3.17967,0.0117,11.46714,0.28924,0.53242,0.62444
55_Ar2_Vlow_Ac5/Rp16_Ac5_Vlow_Ar2_UNC275,5,2,low,16,2.75,14.96742,2.88413,0.01062,10.86726,0.27068,0.52727,0.58222
55_Ar2_Vlow_Ac5/Rp17_Ac5_Vlow_Ar2_UNC246,5,2,low,17,2.46,14.96774,3.35986,0.01328,11.76649,0.30539,0.53496,0.64222
55_Ar2_Vlow_Ac5/Rp18_Ac5_Vlow_Ar2_UNC279,5,2,low,18,2.79,14.96758,3.05417,0.01082,11.39991,0.27451,0.52747,0.60889
55_Ar2_Vlow_Ac5/Rp19_Ac5_Vlow_Ar2_UNC113,5,2,low,19,1.13,14.96751,3.04449,0.01075,11.16703,0.27753,0.5407,0.59111
55_Ar2_Vlow_Ac5/Rp20_Ac5_Vlow_Ar2_UNC287,5,2,low,20,2.87,14.96711,2.67222,0.01069,10.59989,0.24578,0.4865,0.55778
55_Ar2_Vlow_Ac5/Rp21_Ac5_Vlow_Ar2_UNC258,5,2,low,21,2.58,14.96725,2.76346,0.01104,10.83345,0.2579,0.52862,0.56889
55_Ar2_Vlow_Ac5/Rp22_Ac5_Vlow_Ar2_UNC171,5,2,low,22,1.71,14.96727,3.18198,0.0111,11.49911,0.29499,0.55759,0.62889
55_Ar2_Vlow_Ac5/Rp23_Ac5_Vlow_Ar2_UNC157,5,2,low,23,1.57,14.96745,2.80401,0.00986,10.8017,0.25607,0.50974,0.57333
55_Ar2_Vlow_Ac5/Rp24_Ac5_Vlow_Ar2_UNC260,5,2,low,24,2.6,14.9675,2.97374,0.01084,11.20028,0.27568,0.50653,0.59778
55_Ar2_Vlow_Ac5/Rp25_Ac5_Vlow_Ar2_UNC130,5,2,low,25,1.3,14.96725,2.87696,0.01117,10.90028,0.26904,0.52916,0.58
55_Ar2_Vlow_Ac5/Rp26_Ac5_Vlow_Ar2_UNC139,5,2,low,26,1.39,14.96792,2.79345,0.01047,10.73372,0.26151,0.49731,0.56667
55_Ar2_Vlow_Ac5/Rp27_Ac5_Vlow_Ar2_UNC183,5,2,low,27,1.83,14.9678,3.01648,0.01126,11.3009,0.27972,0.51666,0.60889
55_Ar2_Vlow_Ac5/Rp28_Ac5_Vlow_Ar2_UNC370,5,2,low,28,3.7,14.96754,2.76495,0.01079,10.66657,0.25903,0.52403,0.55778
55_Ar2_Vlow_Ac5/Rp29_Ac5_Vlow_Ar2_UNC343,5,2,low,29,3.43,14.96743,2.7746,0.01004,10.63277,0.26578,0.51176,0.56222
55_Ar2_Vlow_Ac5/Rp30_Ac5_Vlow_Ar2_UNC153,5,2,low,30,1.53,14.96697,3.04857,0.01093,11.33208,0.28121,0.54918,0.60222
55_Ar2_Vlow_Ac5/Rp31_Ac5_Vlow_Ar2_UNC205,5,2,low,31,2.05,14.96772,2.99087,0.01063,10.89962,0.26988,0.57334,0.59111
55_Ar2_Vlow_Ac5/Rp32_Ac5_Vlow_Ar2_UNC238,5,2,low,32,2.38,14.96746,3.1221,0.01083,11.30011,0.29351,0.53237,0.60667
56_Ar2_Vlow_Ac6/Rp01_Ac6_Vlow_Ar2_UNC310,6,2,low,1,3.1,14.96732,2.82559,0.01042,10.36657,0.26066,0.50851,0.53333
56_Ar2_Vlow_Ac6/Rp02_Ac6_Vlow_Ar2_UNC294,6,2,low,2,2.94,14.96749,2.69294,0.01045,10.30145,0.25457,0.49361,0.53556
56_Ar2_Vlow_Ac6/Rp03_Ac6_Vlow_Ar2_UNC430,6,2,low,3,4.3,14.96742,3.05923,0.01203,10.50064,0.27073,0.59071,0.53111
56_Ar2_Vlow_Ac6/Rp04_Ac6_Vlow_Ar2_UNC041,6,2,low,4,0.41,14.96709,3.00027,0.01059,10.63224,0.26593,0.54502,0.55333
56_Ar2_Vlow_Ac6/Rp05_Ac6_Vlow_Ar2_UNC050,6,2,low,5,0.5,14.96716,2.99313,0.01144,10.73287,0.27288,0.51607,0.55778
56_Ar2_Vlow_Ac6/Rp06_Ac6_Vlow_Ar2_UNC405,6,2,low,6,4.05,14.9675,2.76755,0.01039,10.20052,0.26191,0.51849,0.52444
56_Ar2_Vlow_Ac6/Rp07_Ac6_Vlow_Ar2_UNC376,6,2,low,7,3.76,14.9671,2.88271,0.0104,10.5325,0.26265,0.54886,0.54889
56_Ar2_Vlow_Ac6/Rp08_Ac6_Vlow_Ar2_UNC062,6,2,low,8,0.62,14.96748,2.95059,0.01127,10.4989,0.26517,0.53627,0.54667
56_Ar2_Vlow_Ac6/Rp09_Ac6_Vlow_Ar2_UNC303,6,2,low,9,3.03,14.96737,3.18558,0.01147,11.06615,0.2806,0.55633,0.58
56_Ar2_Vlow_Ac6/Rp10_Ac6_Vlow_Ar2_UNC398,6,2,low,10,3.98,14.96724,2.84487,0.01083,10.50065,0.26012,0.52546,0.54
56_Ar2_Vlow_Ac6/Rp11_Ac6_Vlow_Ar2_UNC292,6,2,low,11,2.92,14.96756,3.22804,0.01138,10.83332,0.26456,0.58941,0.55778
56_Ar2_Vlow_Ac6/Rp12_Ac6_Vlow_Ar2_UNC092,6,2,low,12,0.92,14.96769,3.02312,0.0114,10.76675,0.269,0.50979,0.56667
56_Ar2_Vlow_Ac6/Rp13_Ac6_Vlow_Ar2_UNC084,6,2,low,13,0.84,14.96732,3.17212,0.01133,10.83485,0.2813,0.58873,0.55778
56_Ar2_Vlow_Ac6/Rp14_Ac6_Vlow_Ar2_UNC334,6,2,low,14,3.34,14.96761,3.05423,0.01259,10.69948,0.27853,0.54403,0.55333
56_Ar2_Vlow_Ac6/Rp15_Ac6_Vlow_Ar2_UNC304,6,2,low,15,3.04,14.96709,3.05561,0.01104,10.63241,0.27124,0.57893,0.55556
56_Ar2_Vlow_Ac6/Rp16_Ac6_Vlow_Ar2_UNC069,6,2,low,16,0.69,14.96719,2.93453,0.01157,10.70031,0.27078,0.56075,0.55333
56_Ar2_Vlow_Ac6/Rp17_Ac6_Vlow_Ar2_UNC282,6,2,low,17,2.82,14.96745,2.98601,0.01203,10.76716,0.27898,0.52554,0.55556
56_Ar2_Vlow_Ac6/Rp18_Ac6_Vlow_Ar2_UNC172,6,2,low,18,1.72,14.96748,2.95228,0.01067,10.63282,0.27929,0.51489,0.54667
56_Ar2_Vlow_Ac6/Rp19_Ac6_Vlow_Ar2_UNC098,6,2,low,19,0.98,14.96749,3.10091,0.01147,10.96621,0.2655,0.52206,0.57111
56_Ar2_Vlow_Ac6/Rp20_Ac6_Vlow_Ar2_UNC155,6,2,low,20,1.55,14.96775,2.98301,0.01171,10.69999,0.2667,0.52244,0.56222
56_Ar2_Vlow_Ac6/Rp21_Ac6_Vlow_Ar2_UNC161,6,2,low,21,1.61,14.96722,3.38845,0.01069,11.20032,0.28107,0.5724,0.58667
56_Ar2_Vlow_Ac6/Rp22_Ac6_Vlow_Ar2_UNC433,6,2,low,22,4.33,14.96729,2.72561,0.01037,10.2678,0.25407,0.51029,0.52889
56_Ar2_Vlow_Ac6/Rp23_Ac6_Vlow_Ar2_UNC315,6,2,low,23,3.15,14.96769,3.03887,0.01178,11.06769,0.26846,0.51894,0.57333
56_Ar2_Vlow_Ac6/Rp24_Ac6_Vlow_Ar2_UNC253,6,2,low,24,2.53,14.96749,3.16128,0.01107,11.00036,0.28334,0.53332,0.56667
56_Ar2_Vlow_Ac6/Rp25_Ac6_Vlow_Ar2_UNC131,6,2,low,25,1.31,14.96745,2.99616,0.00993,10.60054,0.27302,0.56038,0.55556
56_Ar2_Vlow_Ac6/Rp26_Ac6_Vlow_Ar2_UNC211,6,2,low,26,2.11,14.96729,3.4216,0.01229,11.39981,0.28069,0.55935,0.60222
56_Ar2_Vlow_Ac6/Rp27_Ac6_Vlow_Ar2_UNC270,6,2,low,27,2.7,14.96733,2.98459,0.01231,10.73334,0.27702,0.53108,0.55556
56_Ar2_Vlow_Ac6/Rp28_Ac6_Vlow_Ar2_UNC416,6,2,low,28,4.16,14.96722,2.70701,0.01067,10.33367,0.25322,0.51122,0.52
56_Ar2_Vlow_Ac6/Rp29_Ac6_Vlow_Ar2_UNC273,6,2,low,29,2.73,14.9673,3.57559,0.01104,11.53309,0.28953,0.57132,0.61111
56_Ar2_Vlow_Ac6/Rp30_Ac6_Vlow_Ar2_UNC166,6,2,low,30,1.66,14.96743,3.33336,0.01072,11.13374,0.27083,0.56946,0.59333
56_Ar2_Vlow_Ac6/Rp31_Ac6_Vlow_Ar2_UNC270,6,2,low,31,2.7,14.96739,3.49504,0.01272,11.46545,0.28799,0.57299,0.60444
56_Ar2_Vlow_Ac6/Rp32_Ac6_Vlow_Ar2_UNC265,6,2,low,32,2.65,14.96739,2.99214,0.01001,10.5008,0.26843,0.55265,0.55111
56_Ar2_Vlow_Ac6/Rp33_Ac6_Vlow_Ar2_UNC345,6,2,low,33,3.45,14.96767,3.21911,0.01197,10.93366,0.27339,0.54991,0.56444
56_Ar2_Vlow_Ac6/Rp34_Ac6_Vlow_Ar2_UNC335,6,2,low,34,3.35,14.96703,3.00348,0.01156,10.69978,0.27728,0.52902,0.55111
56_Ar2_Vlow_Ac6/Rp35_Ac6_Vlow_Ar2_UNC192,6,2,low,35,1.92,14.96761,2.98932,0.01023,10.83265,0.25949,0.54825,0.56667
57_Ar2_Vlow_Ac7/Rp01_Ac7_Vlow_Ar2_UNC112,7,2,low,1,1.12,14.96646,1.94027,0.00766,7.49995,0.24727,0.48332,0.33111
57_Ar2_Vlow_Ac7/Rp02_Ac7_Vlow_Ar2_UNC041,7,2,low,2,0.41,14.96729,2.07898,0.00754,7.53376,0.25878,0.59553,0.33111
57_Ar2_Vlow_Ac7/Rp03_Ac7_Vlow_Ar2_UNC071,7,2,low,3,0.71,14.96768,1.96886,0.00782,7.4662,0.24698,0.52602,0.32667
57_Ar2_Vlow_Ac7/Rp04_Ac7_Vlow_Ar2_UNC132,7,2,low,4,1.32,14.96768,2.07197,0.00756,7.40045,0.29984,0.553,0.33111
57_Ar2_Vlow_Ac7/Rp05_Ac7_Vlow_Ar2_UNC168,7,2,low,5,1.68,14.96739,2.17506,0.0081,7.63293,0.29073,0.58383,0.34444
57_Ar2_Vlow_Ac7/Rp06_Ac7_Vlow_Ar2_UNC137,7,2,low,6,1.37,14.96731,1.83988,0.00772,7.20068,0.24478,0.47814,0.31556
57_Ar2_Vlow_Ac7/Rp07_Ac7_Vlow_Ar2_UNC068,7,2,low,7,0.68,14.96726,2.04311,0.00713,7.36657,0.27491,0.56545,0.32889
57_Ar2_Vlow_Ac7/Rp08_Ac7_Vlow_Ar2_UNC096,7,2,low,8,0.96,14.96759,1.92706,0.00827,7.5007,0.23988,0.46188,0.33111
57_Ar2_Vlow_Ac7/Rp09_Ac7_Vlow_Ar2_UNC063,7,2,low,9,0.63,14.96732,2.24964,0.00818,7.86667,0.26534,0.65522,0.34667
57_Ar2_Vlow_Ac7/Rp10_Ac7_Vlow_Ar2_UNC085,7,2,low,10,0.85,14.96715,1.90916,0.00754,7.23328,0.25483,0.5278,0.31556
57_Ar2_Vlow_Ac7/Rp11_Ac7_Vlow_Ar2_UNC070,7,2,low,11,0.7,14.96708,2.14738,0.00757,7.83308,0.27481,0.50491,0.35111
57_Ar2_Vlow_Ac7/Rp12_Ac7_Vlow_Ar2_UNC226,7,2,low,12,2.26,14.9675,1.8505,0.00835,7.26707,0.23896,0.47424,0.31556
57_Ar2_Vlow_Ac7/Rp13_Ac7_Vlow_Ar2_UNC087,7,2,low,13,0.87,14.96752,2.19402,0.00964,7.80044,0.2665,0.6178,0.34222
57_Ar2_Vlow_Ac7/Rp14_Ac7_Vlow_Ar2_UNC079,7,2,low,14,0.79,14.96741,2.18565,0.00793,7.63344,0.26512,0.69502,0.33333
57_Ar2_Vlow_Ac7/Rp15_Ac7_Vlow_Ar2_UNC226,7,2,low,15,2.26,14.96742,2.18338,0.00723,7.59992,0.29628,0.59214,0.34444
57_Ar2_Vlow_Ac7/Rp16_Ac7_Vlow_Ar2_UNC136,7,2,low,16,1.36,14.96726,1.87247,0.00816,7.40007,0.23106,0.45942,0.32444
57_Ar2_Vlow_Ac7/Rp17_Ac7_Vlow_Ar2_UNC117,7,2,low,17,1.17,14.96763,1.95347,0.00813,7.5334,0.2466,0.46729,0.33111
57_Ar2_Vlow_Ac7/Rp18_Ac7_Vlow_Ar2_UNC166,7,2,low,18,1.66,14.96731,2.27374,0.00794,7.73254,0.29065,0.71603,0.34444
57_Ar2_Vlow_Ac7/Rp19_Ac7_Vlow_Ar2_UNC151,7,2,low,19,1.51,14.96686,1.99599,0.00869,7.60025,0.25007,0.47125,0.33778
57_Ar2_Vlow_Ac7/Rp20_Ac7_Vlow_Ar2_UNC225,7,2,low,20,2.25,14.9673,2.15004,0.00771,7.53366,0.28989,0.63239,0.33556
57_Ar2_Vlow_Ac7/Rp21_Ac7_Vlow_Ar2_UNC130,7,2,low,21,1.3,14.96743,2.2207,0.00844,7.7333,0.26916,0.6714,0.34
57_Ar2_Vlow_Ac7/Rp22_Ac7_Vlow_Ar2_UNC125,7,2,low,22,1.25,14.96753,1.8212,0.00704,7.2336,0.23137,0.46162,0.31778
57_Ar2_Vlow_Ac7/Rp23_Ac7_Vlow_Ar2_UNC110,7,2,low,23,1.1,14.96759,2.14481,0.0079,7.73327,0.27677,0.53346,0.34667
57_Ar2_Vlow_Ac7/Rp24_Ac7_Vlow_Ar2_UNC192,7,2,low,24,1.92,14.96722,2.22308,0.00863,7.59962,0.28403,0.73369,0.33333
57_Ar2_Vlow_Ac7/Rp25_Ac7_Vlow_Ar2_UNC155,7,2,low,25,1.55,14.9674,1.9009,0.00713,7.33272,0.2505,0.48525,0.32
57_Ar2_Vlow_Ac7/Rp26_Ac7_Vlow_Ar2_UNC190,7,2,low,26,1.9,14.96777,2.27806,0.00832,7.76609,0.28244,0.70434,0.34667
57_Ar2_Vlow_Ac7/Rp27_Ac7_Vlow_Ar2_UNC080,7,2,low,27,0.8,14.96734,2.01535,0.00734,7.40023,0.27047,0.54954,0.32889
57_Ar2_Vlow_Ac7/Rp28_Ac7_Vlow_Ar2_UNC162,7,2,low,28,1.62,14.96678,2.05334,0.00819,7.69916,0.2556,0.4673,0.34667
57_Ar2_Vlow_Ac7/Rp29_Ac7_Vlow_Ar2_UNC248,7,2,low,29,2.48,14.96746,1.90214,0.00752,7.23325,0.26145,0.49572,0.31778
57_Ar2_Vlow_Ac7/Rp30_Ac7_Vlow_Ar2_UNC182,7,2,low,30,1.82,14.96701,1.87108,0.00709,7.33378,0.23739,0.47108,0.32222
57_Ar2_Vlow_Ac7/Rp31_Ac7_Vlow_Ar2_UNC119,7,2,low,31,1.19,14.96737,1.8621,0.0073,7.26591,0.23491,0.48267,0.32
57_Ar2_Vlow_Ac7/Rp32_Ac7_Vlow_Ar2_UNC168,7,2,low,32,1.68,14.96727,2.2536,0.00862,7.76755,0.28726,0.6707,0.34444
57_Ar2_Vlow_Ac7/Rp33_Ac7_Vlow_Ar2_UNC306,7,2,low,33,3.06,14.96741,1.87655,0.00679,7.16612,0.2546,0.51161,0.31333
57_Ar2_Vlow_Ac7/Rp34_Ac7_Vlow_Ar2_UNC298,7,2,low,34,2.98,14.96719,2.16902,0.00749,7.56629,0.28437,0.64369,0.33556
57_Ar2_Vlow_Ac7/Rp35_Ac7_Vlow_Ar2_UNC046,7,2,low,35,0.46,14.96775,2.18051,0.00778,7.80036,0.27541,0.56468,0.34889
57_Ar2_Vlow_Ac7/Rp36_Ac7_Vlow_Ar2_UNC162,7,2,low,36,1.62,14.96722,2.14968,0.0079,7.53323,0.26611,0.68556,0.32667
57_Ar2_Vlow_Ac7/Rp37_Ac7_Vlow_Ar2_UNC181,7,2,low,37,1.81,14.96704,1.92341,0.00709,7.30003,0.24879,0.49611,0.32444
58_Ar2_Vlow_Ac8/Rp01_Ac8_Vlow_Ar2_UNC157,8,2,low,1,1.57,14.96682,3.43768,0.01362,13.03371,0.27649,0.50868,0.74444
58_Ar2_Vlow_Ac8/Rp02_Ac8_Vlow_Ar2_UNC246,8,2,low,2,2.46,14.96741,3.42093,0.0143,12.76688,0.28027,0.52507,0.71778
58_Ar2_Vlow_Ac8/Rp03_Ac8_Vlow_Ar2_UNC199,8,2,low,3,1.99,14.96744,3.65449,0.01383,13.33325,0.28098,0.53756,0.76222
58_Ar2_Vlow_Ac8/Rp04_Ac8_Vlow_Ar2_UNC107,8,2,low,4,1.07,14.96743,3.34427,0.01146,12.7335,0.27143,0.51485,0.73556
58_Ar2_Vlow_Ac8/Rp05_Ac8_Vlow_Ar2_UNC117,8,2,low,5,1.17,14.96727,3.69854,0.01289,13.5325,0.28707,0.5299,0.76444
58_Ar2_Vlow_Ac8/Rp06_Ac8_Vlow_Ar2_UNC233,8,2,low,6,2.33,14.96752,3.38024,0.01131,12.60031,0.27382,0.52207,0.72444
58_Ar2_Vlow_Ac8/Rp07_Ac8_Vlow_Ar2_UNC333,8,2,low,7,3.33,14.96732,3.71821,0.01209,13.40116,0.27629,0.53401,0.79333
58_Ar2_Vlow_Ac8/Rp08_Ac8_Vlow_Ar2_UNC176,8,2,low,8,1.76,14.96723,3.57154,0.01472,13.09844,0.27955,0.54031,0.73778
58_Ar2_Vlow_Ac8/Rp09_Ac8_Vlow_Ar2_UNC189,8,2,low,9,1.89,14.96767,3.5278,0.01206,13.09953,0.28058,0.53497,0.74222
58_Ar2_Vlow_Ac8/Rp10_Ac8_Vlow_Ar2_UNC140,8,2,low,10,1.4,14.96736,3.20159,0.01247,12.50032,0.27525,0.48242,0.69333
58_Ar2_Vlow_Ac8/Rp11_Ac8_Vlow_Ar2_UNC190,8,2,low,11,1.9,14.96788,3.66876,0.01201,13.13355,0.28104,0.54106,0.76667
58_Ar2_Vlow_Ac8/Rp12_Ac8_Vlow_Ar2_UNC240,8,2,low,12,2.4,14.96729,3.60499,0.01309,13.29947,0.27517,0.5547,0.76222
58_Ar2_Vlow_Ac8/Rp13_Ac8_Vlow_Ar2_UNC058,8,2,low,13,0.58,14.96707,3.53192,0.01238,13.06581,0.27907,0.52925,0.74889
58_Ar2_Vlow_Ac8/Rp14_Ac8_Vlow_Ar2_UNC283,8,2,low,14,2.83,14.96763,3.72162,0.01191,13.53384,0.27618,0.52792,0.78889
58_Ar2_Vlow_Ac8/Rp15_Ac8_Vlow_Ar2_UNC140,8,2,low,15,1.4,14.96699,3.49037,0.01221,12.8004,0.28496,0.52198,0.72667
58_Ar2_Vlow_Ac8/Rp16_Ac8_Vlow_Ar2_UNC196,8,2,low,16,1.96,14.96741,3.49309,0.01349,13.13353,0.27629,0.52036,0.75778
58_Ar2_Vlow_Ac8/Rp17_Ac8_Vlow_Ar2_UNC251,8,2,low,17,2.51,14.9672,3.2951,0.01216,12.4674,0.2814,0.49494,0.70889
58_Ar2_Vlow_Ac8/Rp18_Ac8_Vlow_Ar2_UNC102,8,2,low,18,1.02,14.96739,3.5322,0.01418,13.09994,0.28756,0.51175,0.73111
58_Ar2_Vlow_Ac8/Rp19_Ac8_Vlow_Ar2_UNC182,8,2,low,19,1.82,14.96762,3.28824,0.01369,12.83246,0.2683,0.50076,0.71778
58_Ar2_Vlow_Ac8/Rp20_Ac8_Vlow_Ar2_UNC125,8,2,low,20,1.25,14.96713,3.66939,0.0132,13.16633,0.28149,0.55089,0.76222
58_Ar2_Vlow_Ac8/Rp21_Ac8_Vlow_Ar2_UNC131,8,2,low,21,1.31,14.96745,3.16277,0.01191,12.36648,0.26949,0.47372,0.70444
58_Ar2_Vlow_Ac8/Rp22_Ac8_Vlow_Ar2_UNC163,8,2,low,22,1.63,14.96729,3.65574,0.01144,13.23256,0.28095,0.53944,0.76667
58_Ar2_Vlow_Ac8/Rp23_Ac8_Vlow_Ar2_UNC095,8,2,low,23,0.95,14.9664,3.49149,0.01366,13.16697,0.27694,0.518,0.74
58_Ar2_Vlow_Ac8/Rp24_Ac8_Vlow_Ar2_UNC099,8,2,low,24,0.99,14.96719,3.75776,0.01274,13.56681,0.28347,0.55301,0.77111
58_Ar2_Vlow_Ac8/Rp25_Ac8_Vlow_Ar2_UNC124,8,2,low,25,1.24,14.96719,3.5366,0.01559,13.03288,0.2856,0.52823,0.72444
58_Ar2_Vlow_Ac8/Rp26_Ac8_Vlow_Ar2_UNC309,8,2,low,26,3.09,14.96741,3.71709,0.01236,13.16658,0.28889,0.55054,0.75111
58_Ar2_Vlow_Ac8/Rp27_Ac8_Vlow_Ar2_UNC138,8,2,low,27,1.38,14.96765,3.5475,0.01342,13.03269,0.27643,0.55982,0.73778
58_Ar2_Vlow_Ac8/Rp28_Ac8_Vlow_Ar2_UNC186,8,2,low,28,1.86,14.96712,3.6832,0.01272,13.49903,0.28174,0.534,0.77111
58_Ar2_Vlow_Ac8/Rp29_Ac8_Vlow_Ar2_UNC155,8,2,low,29,1.55,14.96717,3.71811,0.01281,13.53377,0.27777,0.54451,0.78889
58_Ar2_Vlow_Ac8/Rp30_Ac8_Vlow_Ar2_UNC122,8,2,low,30,1.22,14.96737,3.48765,0.01257,12.93232,0.28033,0.51956,0.74444
58_Ar2_Vlow_Ac8/Rp31_Ac8_Vlow_Ar2_UNC296,8,2,low,31,2.96,14.96734,3.57778,0.01147,12.9999,0.28374,0.54298,0.74444
58_Ar2_Vlow_Ac8/Rp32_Ac8_Vlow_Ar2_UNC419,8,2,low,32,4.19,14.96776,3.70137,0.01209,13.16785,0.28818,0.53391,0.78222
58_Ar2_Vlow_Ac8/Rp33_Ac8_Vlow_Ar2_UNC178,8,2,low,33,1.78,14.96734,3.08247,0.01185,12.13313,0.26939,0.47347,0.69778
58_Ar2_Vlow_Ac8/Rp34_Ac8_Vlow_Ar2_UNC273,8,2,low,34,2.73,14.96757,3.32586,0.01337,12.86614,0.27571,0.4887,0.71556
58_Ar2_Vlow_Ac8/Rp35_Ac8_Vlow_Ar2_UNC306,8,2,low,35,3.06,14.96722,3.08811,0.01242,12.29995,0.26681,0.47627,0.68444
58_Ar2_Vlow_Ac8/Rp36_Ac8_Vlow_Ar2_UNC295,8,2,low,36,2.95,14.96742,3.71974,0.01196,13.167,0.28578,0.55938,0.75778
58_Ar2_Vlow_Ac8/Rp37_Ac8_Vlow_Ar2_UNC183,8,2,low,37,1.83,14.96742,3.51836,0.01252,12.86606,0.27491,0.53085,0.74667
59_Ar2_Vlow_Ac9/Rp01_Ac9_Vlow_Ar2_UNC189,9,2,low,1,1.89,14.96694,3.44986,0.01145,11.63328,0.3042,0.53712,0.62889
59_Ar2_Vlow_Ac9/Rp02_Ac9_Vlow_Ar2_UNC260,9,2,low,2,2.6,14.96682,3.40279,0.01099,11.23356,0.29475,0.67655,0.60222
59_Ar2_Vlow_Ac9/Rp03_Ac9_Vlow_Ar2_UNC090,9,2,low,3,0.9,14.96741,3.20025,0.01012,11.29978,0.29189,0.51109,0.60889
59_Ar2_Vlow_Ac9/Rp04_Ac9_Vlow_Ar2_UNC274,9,2,low,4,2.74,14.96744,3.59637,0.01101,11.60068,0.30519,0.62366,0.62444
59_Ar2_Vlow_Ac9/Rp05_Ac9_Vlow_Ar2_UNC202,9,2,low,5,2.02,14.96716,3.09989,0.01047,11.16667,0.29236,0.48958,0.59556
59_Ar2_Vlow_Ac9/Rp06_Ac9_Vlow_Ar2_UNC183,9,2,low,6,1.83,14.96701,3.45658,0.01135,11.4006,0.29393,0.64056,0.62667
59_Ar2_Vlow_Ac9/Rp07_Ac9_Vlow_Ar2_UNC165,9,2,low,7,1.65,14.9671,3.04184,0.01045,10.80047,0.28679,0.52058,0.58
59_Ar2_Vlow_Ac9/Rp08_Ac9_Vlow_Ar2_UNC180,9,2,low,8,1.8,14.96745,3.47322,0.01116,11.53342,0.31358,0.55263,0.63111
59_Ar2_Vlow_Ac9/Rp09_Ac9_Vlow_Ar2_UNC255,9,2,low,9,2.55,14.96732,3.5486,0.01202,11.53372,0.30886,0.58955,0.62222
59_Ar2_Vlow_Ac9/Rp10_Ac9_Vlow_Ar2_UNC203,9,2,low,10,2.03,14.96716,3.42214,0.0109,11.66575,0.30353,0.53472,0.63111
59_Ar2_Vlow_Ac9/Rp11_Ac9_Vlow_Ar2_UNC090,9,2,low,11,0.9,14.96743,3.59895,0.01096,11.53424,0.31064,0.63826,0.62889
59_Ar2_Vlow_Ac9/Rp12_Ac9_Vlow_Ar2_UNC141,9,2,low,12,1.41,14.9673,3.49845,0.01193,11.63256,0.30632,0.5673,0.62444
59_Ar2_Vlow_Ac9/Rp13_Ac9_Vlow_Ar2_UNC152,9,2,low,13,1.52,14.96725,3.46641,0.01136,11.50026,0.29436,0.68896,0.61778
59_Ar2_Vlow_Ac9/Rp14_Ac9_Vlow_Ar2_UNC163,9,2,low,14,1.63,14.96733,3.49847,0.01129,11.8329,0.31401,0.53375,0.63778
59_Ar2_Vlow_Ac9/Rp15_Ac9_Vlow_Ar2_UNC113,9,2,low,15,1.13,14.96702,3.21228,0.00961,10.99995,0.29662,0.54855,0.59333
59_Ar2_Vlow_Ac9/Rp16_Ac9_Vlow_Ar2_UNC118,9,2,low,16,1.18,14.96737,3.434,0.01133,11.66591,0.30934,0.54,0.63556
59_Ar2_Vlow_Ac9/Rp17_Ac9_Vlow_Ar2_UNC275,9,2,low,17,2.75,14.96718,3.45467,0.01034,11.46601,0.30086,0.59464,0.63111
59_Ar2_Vlow_Ac9/Rp18_Ac9_Vlow_Ar2_UNC149,9,2,low,18,1.49,14.96741,3.23403,0.01067,11.20036,0.29518,0.55733,0.59556
59_Ar2_Vlow_Ac9/Rp19_Ac9_Vlow_Ar2_UNC123,9,2,low,19,1.23,14.96717,3.59156,0.01148,11.53253,0.30047,0.62886,0.63111
59_Ar2_Vlow_Ac9/Rp20_Ac9_Vlow_Ar2_UNC136,9,2,low,20,1.36,14.96753,3.62437,0.01077,11.66595,0.3172,0.61126,0.63778
59_Ar2_Vlow_Ac9/Rp21_Ac9_Vlow_Ar2_UNC342,9,2,low,21,3.42,14.96767,3.59459,0.01124,11.43278,0.3004,0.6507,0.61778
59_Ar2_Vlow_Ac9/Rp22_Ac9_Vlow_Ar2_UNC199,9,2,low,22,1.99,14.9673,3.33471,0.01075,11.06582,0.29524,0.61737,0.59333
59_Ar2_Vlow_Ac9/Rp23_Ac9_Vlow_Ar2_UNC201,9,2,low,23,2.01,14.96712,3.48784,0.01147,11.63304,0.30545,0.55786,0.62667
59_Ar2_Vlow_Ac9/Rp24_Ac9_Vlow_Ar2_UNC289,9,2,low,24,2.89,14.96738,3.06843,0.01007,10.89802,0.28771,0.50413,0.58444
59_Ar2_Vlow_Ac9/Rp25_Ac9_Vlow_Ar2_UNC150,9,2,low,25,1.5,14.96741,3.32387,0.01044,11.26675,0.29835,0.56924,0.60667
59_Ar2_Vlow_Ac9/Rp26_Ac9_Vlow_Ar2_UNC212,9,2,low,26,2.12,14.96699,3.38569,0.01134,11.46648,0.30313,0.536,0.61778
59_Ar2_Vlow_Ac9/Rp27_Ac9_Vlow_Ar2_UNC166,9,2,low,27,1.66,14.96724,3.75327,0.01235,11.96586,0.31927,0.5903,0.64
59_Ar2_Vlow_Ac9/Rp28_Ac9_Vlow_Ar2_UNC191,9,2,low,28,1.91,14.96715,3.22509,0.01062,11.16665,0.2973,0.54637,0.59778
59_Ar2_Vlow_Ac9/Rp29_Ac9_Vlow_Ar2_UNC076,9,2,low,29,0.76,14.96736,3.35905,0.0109,11.50096,0.29738,0.5321,0.62222
59_Ar2_Vlow_Ac9/Rp30_Ac9_Vlow_Ar2_UNC177,9,2,low,30,1.77,14.9674,3.48409,0.01118,11.36707,0.30707,0.56219,0.62
59_Ar2_Vlow_Ac9/Rp31_Ac9_Vlow_Ar2_UNC174,9,2,low,31,1.74,14.96772,3.51692,0.01142,11.59979,0.30042,0.57468,0.62667
59_Ar2_Vlow_Ac9/Rp32_Ac9_Vlow_Ar2_UNC252,9,2,low,32,2.52,14.96658,3.17185,0.00975,11.03329,0.2985,0.5273,0.58889
59_Ar2_Vlow_Ac9/Rp33_Ac9_Vlow_Ar2_UNC198,9,2,low,33,1.98,14.96651,3.40507,0.01047,11.03357,0.2981,0.66027,0.60889
59_Ar2_Vlow_Ac9/Rp34_Ac9_Vlow_Ar2_UNC114,9,2,low,34,1.14,14.96745,3.40926,0.0111,11.6346,0.30925,0.51519,0.63333
59_Ar2_Vlow_Ac9/Rp35_Ac9_Vlow_Ar2_UNC369,9,2,low,35,3.69,14.96775,3.77411,0.01113,12.19984,0.31849,0.5662,0.66444
